id,artiste,titre,genre,contexte_temporel,contexte_meteo,contexte_activite,contexte_emotionnel,contexte_social,contexte_lieu,bpm_estime,energie,valence,danceability,acousticness,instrumentalness,speechiness,liveness,notes,categorie_energie,groupe_valence,macro_genre,mood_score,mood_category,party_factor,party_category,organic_score,organic_category,sport_suitability,relax_suitability,study_suitability,profil_temporel_emotionnel,profil_temporel_activite,profil_emotionnel_activite,diversity_index,diversity_category,context_popularity_score,popularity_category
6z3HAUZpAyJ0ctsbAwAiw3,M / Robin Scott,Pop Muzik,pop,apres_midi,neutre,detente,romantique,couple,restaurant,124,0.657,0.752,0.615,0.747,0.19,0.1,0.058,8.2,faible,positive,pop_family,0.494064,low_energy,0.404055,chill,0.4685,organic,0.6729,0.4587,0.4991,apres_midi_romantique,apres_midi_detente,romantique_detente,0.09885228571428571,balanced,0.2658774896655393,niche
6WzRpISELf3YglGAh7TXcG,The Weeknd,Popular (with Playboi Carti & Madonna) - From The Idol Vol. 1 (Music from the HBO Original Series),pop,weekend,chaud,cuisine,joyeux,famille,exterieur,116,0.826,0.884,0.715,0.342,0.169,0.106,0.059,8.4,elevee,positive,pop_family,0.7301839999999999,high_energy,0.59059,moderate_party,0.2555,electronic,0.8101,0.2397,0.3659,weekend_joyeux,weekend_cuisine,joyeux_cuisine,0.12690933333333335,diverse,0.2063134160090192,niche
3i8fIJNV0yuC4kXT3SkVBZ,Ariana Grande,Popular,pop,weekend,ensoleille,cuisine,joyeux,famille,exterieur,129,0.81,0.809,0.794,0.399,0.385,0.08,0.322,8.4,elevee,positive,pop_family,0.65529,high_energy,0.64314,moderate_party,0.392,mixed,0.8049000000000001,0.3321,0.4962000000000001,weekend_joyeux,weekend_cuisine,joyeux_cuisine,0.08468780952380954,homogeneous,0.20481022172115748,niche
3j3SfV4hAcR4XjCvW393Gr,Playboi Carti,POP OUT,pop,weekend,ensoleille,fete,joyeux,amis,plage,122,0.768,0.925,0.813,0.418,0.075,0.062,0.171,8.1,moderee,positive,pop_family,0.7104,high_energy,0.6243839999999999,moderate_party,0.2465,electronic,0.8286,0.25930000000000003,0.3505,weekend_joyeux,weekend_fete,joyeux_fete,0.13793190476190473,diverse,0.19316046599022926,niche
6uFn47ACjqYkc0jADwEdj1,Polo G,Pop Out (feat. Lil Tjay),pop,weekend,chaud,cuisine,joyeux,amis,exterieur,119,0.779,0.819,0.797,0.553,0.185,0.081,0.213,8.5,moderee,positive,pop_family,0.6380009999999999,high_energy,0.620863,moderate_party,0.369,mixed,0.7964,0.343,0.44220000000000004,weekend_joyeux,weekend_cuisine,joyeux_cuisine,0.1045022857142857,balanced,0.2476512589252161,niche
6mSJEqkgiBMtqZSXSMvb4s,Big Boogie,Pop Out,pop,journee,chaud,sport,joyeux,groupe,salle_sport,132,0.737,0.95,0.679,0.752,0.038,0.114,0.215,7.9,moderee,positive,pop_family,0.7001499999999999,high_energy,0.5004230000000001,chill,0.395,mixed,0.7835000000000001,0.39110000000000006,0.4218,journee_joyeux,journee_sport,joyeux_sport,0.1329744761904762,diverse,0.29631717399473884,mainstream
4CMukSEsqFRKXuXXPWMxMY,BAK Jay,Pop Shii,pop,journee,neutre,conduite,motive,groupe,voiture,122,0.718,0.73,0.813,0.452,0.029,0.068,0.273,8.6,moderee,positive,pop_family,0.5241399999999999,moderate_energy,0.583734,moderate_party,0.24050000000000002,electronic,0.7501,0.2741,0.3365,journee_motive,journee_conduite,motive_conduite,0.10597495238095238,balanced,0.23881999248402855,niche
79s5XnCN4TJKTVMSmOx8Ep,Pop Smoke,Dior,pop,journee,chaud,sport,energique,groupe,exterieur,143,0.945,0.762,0.908,0.448,0.135,0.096,0.327,8.3,elevee,positive,pop_family,0.72009,high_energy,0.8580599999999999,high_party,0.2915,electronic,0.879,0.23620000000000005,0.38270000000000004,journee_energique,journee_sport,energique_sport,0.12668590476190475,diverse,0.2807215332581736,mainstream
43U1bCDTZAhhY1Y8mCkTG4,M / Robin Scott,Pop Muzik - 12 Inch Version,pop,journee,neutre,sport,motive,amis,exterieur,141,0.867,0.692,0.882,0.478,0.154,0.108,0.059,8.1,elevee,positive,pop_family,0.5999639999999999,moderate_energy,0.764694,high_party,0.316,electronic,0.819,0.2773,0.3988,journee_motive,journee_sport,motive_sport,0.12936080952380952,diverse,0.34272829763246904,very_popular
05KvLUwSFq3jAfNtFNFYBp,M / Robin Scott,Pop Muzik,pop,weekend,ensoleille,conduite,joyeux,amis,voiture,116,0.742,0.867,0.745,0.453,0.315,0.097,0.217,7.6,moderee,positive,pop_family,0.6433139999999999,high_energy,0.55279,chill,0.384,mixed,0.7804,0.3531000000000001,0.474,weekend_joyeux,weekend_conduite,joyeux_conduite,0.08860414285714285,balanced,0.21683577602405113,niche
57Pk2GU0ABFYBbbcgYxqki,Stephen Schwartz,"Popular - From ""Wicked"" Original Broadway Cast Recording/2003",pop,weekend,ensoleille,fete,joyeux,groupe,maison,123,0.722,0.876,0.825,0.615,0.286,0.048,0.308,7.9,moderee,positive,pop_family,0.632472,high_energy,0.5956499999999999,moderate_party,0.4505,organic,0.7990999999999999,0.4152,0.5179,weekend_joyeux,weekend_fete,joyeux_fete,0.09864090476190475,balanced,0.2055618188650883,niche
4myFsmx2v6znDOJfn3IkbD,Falling In Reverse,Popular Monster,pop,journee,chaud,cuisine,energique,couple,cafe,122,0.848,0.749,0.757,0.616,0.111,0.032,0.135,8.4,elevee,positive,pop_family,0.6351519999999999,high_energy,0.641936,moderate_party,0.3635,mixed,0.791,0.32530000000000003,0.43389999999999995,journee_energique,journee_cuisine,energique_cuisine,0.1261846666666667,diverse,0.19879744456971063,niche
4GssB27iJeqmfGxS94Tfij,Falling In Reverse,Popular Monster,pop,weekend,chaud,sport,joyeux,groupe,exterieur,133,0.715,0.95,0.758,0.543,0.124,0.035,0.13,8.1,moderee,positive,pop_family,0.6792499999999999,high_energy,0.54197,chill,0.3335,electronic,0.7984,0.33990000000000004,0.41790000000000005,weekend_joyeux,weekend_sport,joyeux_sport,0.133844,diverse,0.2842916196918452,mainstream
3Jv1XgMPVjdN5xGfnRJ20s,French Montana,Pop That,pop,apres_midi,neutre,cuisine,neutre,amis,cafe,132,0.636,0.774,0.608,0.489,0.299,0.068,0.279,8.0,faible,positive,pop_family,0.49226400000000003,low_energy,0.386688,chill,0.394,mixed,0.6689999999999999,0.39449999999999996,0.48260000000000003,apres_midi_neutre,apres_midi_cuisine,neutre_cuisine,0.06067028571428571,homogeneous,0.23769259676813229,niche
6EDO9iiTtwNv6waLwa1UUq,DJ Khaled,POPSTAR (feat. Drake),pop,journee,neutre,sport,motive,groupe,salle_sport,153,0.8,0.655,0.733,0.571,0.144,0.071,0.243,8.5,moderee,positive,pop_family,0.524,moderate_energy,0.5864,moderate_party,0.3575,mixed,0.7364,0.3316,0.4291,journee_motive,journee_sport,motive_sport,0.08978995238095239,balanced,0.3141676061630966,very_popular
19UUPNx5jccGgQ2GCIZkww,Huey,"Pop, Lock & Drop It",pop,apres_midi,ensoleille,cuisine,neutre,amis,parc,127,0.685,0.835,0.69,0.475,0.014,0.086,0.075,7.7,faible,positive,pop_family,0.571975,moderate_energy,0.47265,chill,0.2445,electronic,0.7315,0.28869999999999996,0.33230000000000004,apres_midi_neutre,apres_midi_cuisine,neutre_cuisine,0.11881295238095237,diverse,0.19710635099586618,niche
26Fx8UbsC0BV4J1CdtuLAy,OsamaSon,Pop,pop,apres_midi,ensoleille,cuisine,neutre,groupe,exterieur,123,0.659,0.863,0.813,0.495,0.118,0.054,0.154,7.9,faible,positive,pop_family,0.568717,moderate_energy,0.535767,chill,0.3065,electronic,0.7664,0.3357,0.3967,apres_midi_neutre,apres_midi_cuisine,neutre_cuisine,0.11711580952380952,diverse,0.22003006388575722,niche
6rL8u0RmBmL1Mp5rK33tQA,Civ,1 AM,pop,journee,ensoleille,cuisine,energique,famille,exterieur,125,0.84,0.702,0.74,0.435,0.279,0.115,0.166,8.5,elevee,positive,pop_family,0.58968,moderate_energy,0.6215999999999999,moderate_party,0.357,mixed,0.7686000000000001,0.3057,0.44700000000000006,journee_energique,journee_cuisine,energique_cuisine,0.0866244761904762,homogeneous,0.20124013528748594,niche
5LEXRVsTJ8vIAP7KNjKbIN,BAK Jay,Pop Shii,pop,weekend,chaud,sport,joyeux,amis,exterieur,131,0.758,0.931,0.748,0.673,0.236,0.069,0.275,7.8,moderee,positive,pop_family,0.705698,high_energy,0.566984,moderate_party,0.4545,organic,0.8069000000000001,0.4126,0.5061,weekend_joyeux,weekend_sport,joyeux_sport,0.10744714285714287,balanced,0.3032694475760992,very_popular
5zd9TgduWbfFXwgnm3K3Rz,Three 6 Mafia,Poppin' My Collar (feat. Project Pat),pop,apres_midi,ensoleille,detente,romantique,couple,restaurant,128,0.602,0.827,0.59,0.729,0.176,0.088,0.232,7.7,faible,positive,pop_family,0.49785399999999996,low_energy,0.35518,chill,0.4525,organic,0.6658999999999999,0.46380000000000005,0.4891,apres_midi_romantique,apres_midi_detente,romantique_detente,0.08584261904761903,homogeneous,0.2322435174746336,niche
3cIjeDpRUFiKU5tDXEY7Aw,Coco & Clair Clair,Pop Star,pop,weekend,chaud,sport,joyeux,groupe,salle_sport,150,0.828,0.822,0.81,0.492,0.218,0.037,0.068,7.9,elevee,positive,pop_family,0.6806159999999999,high_energy,0.67068,moderate_party,0.355,mixed,0.8208,0.3138,0.4492,weekend_joyeux,weekend_sport,joyeux_sport,0.1301194761904762,diverse,0.2747087561067268,mainstream
7vGRXiYWFk6NjUnsNjQJQd,Chris Brown,Poppin' - Main,pop,journee,neutre,sport,motive,groupe,salle_sport,134,0.799,0.703,0.678,0.606,0.198,0.038,0.053,8.2,moderee,positive,pop_family,0.561697,moderate_energy,0.541722,chill,0.402,mixed,0.7339,0.3621,0.4732,journee_motive,journee_sport,motive_sport,0.10869723809523811,balanced,0.3141676061630966,very_popular
0fIffclhgJC5h8AdMMVvkp,Pop Smoke,Welcome To The Party,pop,apres_midi,chaud,cuisine,neutre,amis,exterieur,129,0.629,0.815,0.738,0.427,0.383,0.075,0.312,8.1,faible,positive,pop_family,0.512635,moderate_energy,0.464202,chill,0.405,mixed,0.7174999999999999,0.397,0.5046,apres_midi_neutre,apres_midi_cuisine,neutre_cuisine,0.06756757142857141,homogeneous,0.24051108605787297,niche
2PBTwMH2mzfLigdMyPzOcp,2 LIVE CREW,Pop That P--sy,pop,weekend,chaud,cuisine,joyeux,couple,cafe,125,0.757,0.934,0.799,0.632,0.198,0.052,0.331,7.4,moderee,positive,pop_family,0.707038,high_energy,0.604843,moderate_party,0.41500000000000004,mixed,0.8227,0.3851,0.47819999999999996,weekend_joyeux,weekend_cuisine,joyeux_cuisine,0.11263533333333335,diverse,0.2023675310033822,niche
1tkg4EHVoqnhR6iFEXb60y,Pop Smoke,What You Know Bout Love,pop,weekend,ensoleille,sport,joyeux,amis,salle_sport,137,0.725,0.95,0.71,0.568,0.184,0.053,0.112,8.2,moderee,positive,pop_family,0.68875,high_energy,0.5147499999999999,chill,0.376,mixed,0.788,0.3649,0.4518,weekend_joyeux,weekend_sport,joyeux_sport,0.12440957142857144,diverse,0.29218338970311913,mainstream
3wn8nOygkHLUQ9dlXM1rKW,Yeat,Poppin,pop,weekend,chaud,sport,joyeux,amis,exterieur,152,0.856,0.909,0.908,0.344,0.308,0.093,0.266,7.9,elevee,positive,pop_family,0.778104,high_energy,0.777248,high_party,0.32599999999999996,electronic,0.8875,0.2732,0.4386,weekend_joyeux,weekend_sport,joyeux_sport,0.12287490476190477,diverse,0.3032694475760992,very_popular
1Y3Z8ZgjFse47Nt2ZR4EFU,NCT WISH,poppop,pop,journee,neutre,conduite,motive,couple,voiture,120,0.765,0.703,0.745,0.626,0.128,0.088,0.192,8.5,moderee,positive,pop_family,0.537795,moderate_energy,0.569925,moderate_party,0.377,mixed,0.7404000000000001,0.3593,0.43420000000000003,journee_motive,journee_conduite,motive_conduite,0.0968638095238095,balanced,0.24746335963923338,niche
2g8HN35AnVGIk7B8yMucww,The Notorious B.I.G.,Big Poppa - 2005 Remaster,pop,apres_midi,chaud,detente,romantique,couple,restaurant,137,0.675,0.804,0.651,0.522,0.282,0.068,0.121,8.7,faible,positive,pop_family,0.5427000000000001,moderate_energy,0.43942500000000007,chill,0.402,mixed,0.7065,0.3909,0.484,apres_midi_romantique,apres_midi_detente,romantique_detente,0.0839684761904762,homogeneous,0.2337467117624953,niche
0PvFJmanyNQMseIFrU708S,Pop Smoke,For The Night (feat. Lil Baby & DaBaby),pop,apres_midi,ensoleille,cuisine,neutre,amis,plage,124,0.679,0.942,0.698,0.464,0.152,0.075,0.105,8.2,faible,positive,pop_family,0.639618,high_energy,0.473942,chill,0.308,electronic,0.7636,0.32749999999999996,0.4002,apres_midi_neutre,apres_midi_cuisine,neutre_cuisine,0.117414,diverse,0.19635475385193535,niche
7K8XoQXZBffc4xG2xIQHMO,Black Eyed Peas,Rock That Body,rock,journee,neutre,sport,motive,groupe,exterieur,151,0.795,0.777,0.723,0.745,0.32,0.105,0.055,8.5,moderee,positive,rock_family,0.617715,moderate_energy,0.574785,moderate_party,0.5325,organic,0.768,0.4555,0.5625,journee_motive,journee_sport,motive_sport,0.10998347619047617,balanced,0.323750469748215,very_popular
1TE8AAk9koG0UJco6ZAUfx,Bailey Zimmerman,Rock and A Hard Place,rock,journee,neutre,sport,motive,groupe,salle_sport,147,0.83,0.688,0.688,0.38,0.079,0.082,0.142,8.7,elevee,positive,rock_family,0.5710399999999999,moderate_energy,0.5710399999999999,moderate_party,0.2295,electronic,0.7447999999999999,0.22670000000000004,0.3371,journee_motive,journee_sport,motive_sport,0.10346423809523808,balanced,0.3141676061630966,very_popular
1AWQoqb9bSvzTjaLralEkT,Justin Timberlake,Rock Your Body,rock,journee,neutre,sport,neutre,amis,salle_sport,156,0.95,0.557,0.853,0.235,0.026,0.04,0.222,8.5,elevee,neutre,rock_family,0.52915,moderate_energy,0.8103499999999999,high_party,0.1305,electronic,0.8029999999999999,0.11680000000000001,0.27549999999999997,journee_neutre,journee_sport,neutre_sport,0.14329314285714284,diverse,0.33220593761743705,very_popular
74hXqhE6afQeZFPNcG0M6Q,Black Eyed Peas,Rock That Body,rock,journee,neutre,sport,motive,amis,exterieur,169,0.95,0.626,0.859,0.39,0.365,0.106,0.229,8.1,elevee,positive,rock_family,0.5947,moderate_energy,0.8160499999999999,high_party,0.3775,mixed,0.8254999999999999,0.2805,0.4783,journee_motive,journee_sport,motive_sport,0.1010282857142857,balanced,0.34272829763246904,very_popular
6n9yCXvLhnYMgJIiIcMu7D,Nickelback,Rockstar,rock,journee,neutre,sport,neutre,amis,exterieur,161,0.95,0.592,0.835,0.549,0.231,0.08,0.33,8.1,elevee,neutre,rock_family,0.5623999999999999,moderate_energy,0.7932499999999999,high_party,0.39,mixed,0.8081,0.30390000000000006,0.46420000000000006,journee_neutre,journee_sport,neutre_sport,0.10043495238095236,balanced,0.34178880120255545,very_popular
2Q5wSOwq6BDSu7sSVMNrtT,The B-52's,Rock Lobster,rock,journee,ensoleille,sport,energique,groupe,salle_sport,169,0.95,0.779,0.95,0.543,0.014,0.08,0.152,7.9,elevee,positive,rock_family,0.74005,high_energy,0.9025,high_party,0.2785,electronic,0.8987,0.23640000000000005,0.35390000000000005,journee_energique,journee_sport,energique_sport,0.1697072857142857,diverse,0.2696354753851935,mainstream
3gdewACMIVMEWVbyb8O9sY,Elton John,"Rocket Man (I Think It's Going To Be A Long, Long Time)",rock,journee,chaud,sport,energique,groupe,exterieur,152,0.95,0.766,0.896,0.495,0.397,0.063,0.052,8.5,elevee,positive,rock_family,0.7277,high_energy,0.8512,high_party,0.446,organic,0.8786,0.3321,0.5344,journee_energique,journee_sport,energique_sport,0.13839266666666664,diverse,0.2807215332581736,mainstream
1esmJ8t2PRbYt2yMx2aSEW,Jack O’Connell,Rocky Road to Dublin,rock,journee,neutre,sport,neutre,amis,exterieur,152,0.907,0.573,0.776,0.676,0.395,0.114,0.144,8.3,elevee,neutre,rock_family,0.5197109999999999,moderate_energy,0.703832,moderate_party,0.5355000000000001,organic,0.7675,0.4168,0.5775,journee_neutre,journee_sport,neutre_sport,0.09397580952380953,balanced,0.34178880120255545,very_popular
45sDIKapDyxPl307QpEAwl,Far East Movement,Rocketeer,rock,journee,ensoleille,sport,energique,amis,salle_sport,161,0.856,0.713,0.8,0.558,0.239,0.05,0.186,8.3,elevee,positive,rock_family,0.610328,moderate_energy,0.6848000000000001,moderate_party,0.3985,mixed,0.7963,0.3381,0.47690000000000005,journee_energique,journee_sport,energique_sport,0.10555233333333335,balanced,0.28861330326944756,mainstream
0e7ipj03S05BNilyu5bRzt,Post Malone,rockstar (feat. 21 Savage),rock,journee,neutre,sport,neutre,groupe,exterieur,134,0.817,0.563,0.787,0.372,0.117,0.082,0.318,8.8,elevee,neutre,rock_family,0.4599709999999999,low_energy,0.642979,moderate_party,0.2445,electronic,0.7317999999999999,0.2388,0.3537,journee_neutre,journee_sport,neutre_sport,0.08826428571428573,homogeneous,0.3228109733183014,very_popular
49Gl1IylRVeiBBjBP0dCzW,Black Eyed Peas,Rock That Body - Chris Lake Remix,rock,journee,ensoleille,sport,energique,amis,exterieur,167,0.932,0.749,0.93,0.364,0.37,0.087,0.054,7.4,elevee,positive,rock_family,0.698068,high_energy,0.8667600000000001,high_party,0.367,mixed,0.8765000000000001,0.27699999999999997,0.4768,journee_energique,journee_sport,energique_sport,0.13972966666666667,diverse,0.29819616685456596,mainstream
5QSiHPOYNCmpbwwMQyOGA6,The Osborne Brothers,Rocky Top,rock,journee,ensoleille,sport,energique,groupe,exterieur,150,0.818,0.749,0.814,0.586,0.065,0.098,0.064,7.7,elevee,positive,rock_family,0.612682,moderate_energy,0.6658519999999999,moderate_party,0.3255,electronic,0.7960999999999999,0.30850000000000005,0.3887,journee_energique,journee_sport,energique_sport,0.1327775714285714,diverse,0.2792183389703119,mainstream
7oOOI85fVQvVnK5ynNMdW7,Michael Jackson,Rock with You - Single Version,rock,journee,neutre,sport,motive,groupe,exterieur,140,0.761,0.742,0.633,0.379,0.384,0.051,0.161,8.7,moderee,positive,rock_family,0.564662,moderate_energy,0.481713,chill,0.3815,mixed,0.7169,0.3385,0.49549999999999994,journee_motive,journee_sport,motive_sport,0.07789595238095239,homogeneous,0.323750469748215,very_popular
56KqaFSGTb7ifpt16t5Y1N,The Clash,Rock the Casbah - Remastered,rock,journee,neutre,sport,motive,amis,salle_sport,153,0.935,0.69,0.802,0.296,0.006,0.081,0.271,8.2,elevee,positive,rock_family,0.64515,high_energy,0.74987,high_party,0.151,electronic,0.8216,0.1397,0.2756,journee_motive,journee_sport,motive_sport,0.13418380952380954,diverse,0.3331454340473506,very_popular
05tlUh0E6IFks9sCQguQKN,Nickelback,Rockstar - 2020 Remaster,rock,journee,neutre,sport,motive,amis,exterieur,155,0.88,0.631,0.843,0.665,0.38,0.079,0.122,8.6,elevee,positive,rock_family,0.55528,moderate_energy,0.7418399999999999,high_party,0.5225,organic,0.7942,0.416,0.5737000000000001,journee_motive,journee_sport,motive_sport,0.10658857142857142,balanced,0.34272829763246904,very_popular
7ytR5pFWmSjzHJIeQkgog4,DaBaby,ROCKSTAR (feat. Roddy Ricch),rock,journee,neutre,sport,neutre,groupe,salle_sport,142,0.839,0.587,0.722,0.464,0.273,0.109,0.107,8.6,elevee,neutre,rock_family,0.49249299999999996,low_energy,0.6057579999999999,moderate_party,0.36850000000000005,mixed,0.7283,0.3158,0.4539,journee_neutre,journee_sport,neutre_sport,0.08486433333333333,homogeneous,0.313228109733183,very_popular
58XWGx7KNNkKneHdprcprX,Scorpions,Rock You Like A Hurricane,rock,journee,neutre,sport,motive,groupe,exterieur,150,0.93,0.677,0.849,0.449,0.009,0.043,0.196,8.3,elevee,positive,rock_family,0.6296100000000001,high_energy,0.78957,high_party,0.229,electronic,0.8298000000000001,0.2033,0.3306,journee_motive,journee_sport,motive_sport,0.1442959523809524,diverse,0.323750469748215,very_popular
7iXYRR70wewzVYzWScm99j,Bill Conti,"Gonna Fly Now - Theme From ""Rocky""",rock,journee,neutre,sport,neutre,groupe,salle_sport,165,0.863,0.568,0.779,0.432,0.016,0.093,0.23,8.2,elevee,neutre,rock_family,0.49018399999999995,low_energy,0.672277,moderate_party,0.224,electronic,0.7493,0.2187,0.319,journee_neutre,journee_sport,neutre_sport,0.10886380952380953,balanced,0.313228109733183,very_popular
6YOfGIE6iFxC7G8OlGGvzW,Junior H,ROCKSTAR,rock,journee,neutre,sport,neutre,groupe,salle_sport,152,0.95,0.6,0.732,0.277,0.11,0.056,0.05,8.4,elevee,positive,rock_family,0.57,moderate_energy,0.6953999999999999,moderate_party,0.1935,electronic,0.7796000000000001,0.15880000000000002,0.32689999999999997,journee_neutre,journee_sport,neutre_sport,0.13211661904761907,diverse,0.313228109733183,very_popular
1ne9wOtDF2jM6Cm8WBkaER,John Denver,Rocky Mountain High,rock,journee,neutre,sport,motive,groupe,salle_sport,160,0.95,0.66,0.928,0.403,0.337,0.052,0.08,8.2,elevee,positive,rock_family,0.627,high_energy,0.8816,high_party,0.37,mixed,0.8564,0.27730000000000005,0.479,journee_motive,journee_sport,motive_sport,0.1372014761904762,diverse,0.3141676061630966,very_popular
7sdHMJvhKib3ReVPsZFbrf,Ken Carson,Rock N Roll,rock,journee,neutre,sport,neutre,groupe,exterieur,158,0.9,0.562,0.749,0.384,0.314,0.081,0.069,8.2,elevee,neutre,rock_family,0.5058,low_energy,0.6741,moderate_party,0.349,mixed,0.7533,0.2778,0.456,journee_neutre,journee_sport,neutre_sport,0.10123933333333333,balanced,0.3228109733183014,very_popular
4FlYcJnfkeBpowEHJ72Bmt,Bobby Day,Rockin' Robin,rock,journee,neutre,sport,neutre,amis,salle_sport,169,0.903,0.547,0.814,0.44,0.303,0.051,0.132,7.9,elevee,neutre,rock_family,0.4939410000000001,low_energy,0.735042,high_party,0.3715,mixed,0.7695,0.296,0.47329999999999994,journee_neutre,journee_sport,neutre_sport,0.10481990476190477,balanced,0.33220593761743705,very_popular
6dXjUMjFxfAX4F2dHKqQzf,Stepz,Rock,rock,journee,ensoleille,sport,energique,amis,salle_sport,166,0.921,0.76,0.733,0.448,0.322,0.064,0.168,8.2,elevee,positive,rock_family,0.69996,high_energy,0.675093,moderate_party,0.385,mixed,0.8163,0.29950000000000004,0.48260000000000003,journee_energique,journee_sport,energique_sport,0.10547166666666667,balanced,0.28861330326944756,mainstream
2XHjFJVXYlEzoDvN82h8s5,Joe Walsh,Rocky Mountain Way,rock,journee,neutre,sport,motive,amis,exterieur,160,0.939,0.672,0.79,0.625,0.172,0.088,0.052,8.0,elevee,positive,rock_family,0.631008,high_energy,0.74181,high_party,0.39849999999999997,mixed,0.8142,0.3199,0.45589999999999997,journee_motive,journee_sport,motive_sport,0.13271880952380952,diverse,0.34272829763246904,very_popular
190l7oYBQe6JBsWPJM2uNN,Wesley Willis,Rock N Roll McDonalds,rock,journee,neutre,sport,motive,amis,exterieur,134,0.764,0.614,0.679,0.376,0.152,0.047,0.232,7.9,moderee,positive,rock_family,0.469096,low_energy,0.518756,chill,0.264,electronic,0.6935000000000001,0.2668,0.37939999999999996,journee_motive,journee_sport,motive_sport,0.07841014285714286,homogeneous,0.34272829763246904,very_popular
2u2olzUT4gYEwpPDOOK4ld,The Dubliners,The Rocky Road to Dublin,rock,journee,neutre,sport,motive,groupe,salle_sport,138,0.771,0.795,0.709,0.675,0.046,0.106,0.312,7.6,moderee,positive,rock_family,0.6129450000000001,moderate_energy,0.546639,chill,0.36050000000000004,mixed,0.7596,0.3525,0.4043,journee_motive,journee_sport,motive_sport,0.10506857142857144,balanced,0.3141676061630966,very_popular
3fvY2U1AzW0diYF0hnBbKt,Clean Bandit,Rockabye (feat. Sean Paul & Anne-Marie),rock,journee,neutre,sport,neutre,amis,salle_sport,163,0.921,0.502,0.706,0.255,0.385,0.042,0.269,7.7,elevee,neutre,rock_family,0.46234200000000003,low_energy,0.650226,moderate_party,0.32,electronic,0.7308,0.2412,0.4606,journee_neutre,journee_sport,neutre_sport,0.088476,homogeneous,0.33220593761743705,very_popular
1ITQbrueGLl581a25XXm9c,The Beatles,Rocky Raccoon - Remastered 2009,rock,journee,neutre,sport,motive,groupe,exterieur,130,0.73,0.673,0.617,0.626,0.232,0.056,0.061,8.2,moderee,positive,rock_family,0.49129,low_energy,0.45041,chill,0.429,mixed,0.6789999999999999,0.401,0.49260000000000004,journee_motive,journee_sport,motive_sport,0.08960714285714284,balanced,0.323750469748215,very_popular
1orVKbp6vqtfAPOmvRofVq,Steve Miller Band,Rock'n Me,rock,journee,neutre,sport,motive,amis,exterieur,158,0.95,0.671,0.922,0.379,0.188,0.068,0.11,8.2,elevee,positive,rock_family,0.63745,high_energy,0.8759,high_party,0.2835,electronic,0.8579000000000001,0.22300000000000003,0.3941,journee_motive,journee_sport,motive_sport,0.1423522380952381,diverse,0.34272829763246904,very_popular
0ZlkiExC24SoytNUsnKmN2,Electronic Medium,The Subway,electronic,journee,chaud,sport,energique,amis,exterieur,144,0.856,0.724,0.884,0.41,0.487,0.021,0.203,7.6,elevee,positive,electronic_family,0.619744,moderate_energy,0.756704,high_party,0.4485,organic,0.8248,0.35329999999999995,0.5623,journee_energique,journee_sport,energique_sport,0.10820914285714285,balanced,0.2996993611424276,mainstream
4ok1TfaMUQhp3zwwA3o3rt,Brothel in Belize,Electronica,electronic,journee,neutre,sport,motive,amis,exterieur,135,0.777,0.671,0.647,0.586,0.769,0.07,0.086,7.8,moderee,positive,electronic_family,0.521367,moderate_energy,0.502719,chill,0.6775,organic,0.7062,0.532,0.7463,journee_motive,journee_sport,motive_sport,0.09367114285714286,balanced,0.34272829763246904,very_popular
3jLdAQ7guhHOppAj02RJmW,Chinese Football,Electronic Girl,electronic,weekend,ensoleille,sport,joyeux,amis,salle_sport,146,0.95,0.822,0.848,0.456,0.539,0.061,0.157,7.1,elevee,positive,electronic_family,0.7808999999999999,high_energy,0.8056,high_party,0.49750000000000005,organic,0.881,0.35910000000000003,0.5941000000000001,weekend_joyeux,weekend_sport,joyeux_sport,0.12087895238095236,diverse,0.29218338970311913,mainstream
4tNtBl6Y9TcInf3HNrOfJs,Electronic Gems,Breakthrough,electronic,journee,neutre,loisir,neutre,famille,maison,129,0.797,0.561,0.684,0.444,0.677,0.057,0.25,7.4,moderee,neutre,electronic_family,0.44711700000000004,low_energy,0.5451480000000001,chill,0.5605,organic,0.6923,0.4416,0.6603,journee_neutre,journee_loisir,neutre_loisir,0.06981190476190478,homogeneous,0.2311161217587373,niche
18e4G6ufZ2K3wH9CM374t1,Dj Distro,LA MONJA - Remix,pop,apres_midi,neutre,detente,romantique,couple,restaurant,122,0.691,0.656,0.773,0.53,0.134,0.106,0.192,8.2,moderee,positive,pop_family,0.453296,low_energy,0.5341429999999999,chill,0.332,electronic,0.7051,0.34490000000000004,0.40480000000000005,apres_midi_romantique,apres_midi_detente,romantique_detente,0.08255690476190476,homogeneous,0.2658774896655393,niche
2viJufnGlsjR1X51CEHpeg,k?d,Electronic Memories (feat. Mickey Kojak),electronic,journee,neutre,sport,motive,groupe,salle_sport,141,0.95,0.676,0.831,0.311,0.683,0.079,0.188,7.1,elevee,positive,electronic_family,0.6422,high_energy,0.7894499999999999,high_party,0.497,organic,0.8321,0.34430000000000005,0.619,journee_motive,journee_sport,motive_sport,0.1133404761904762,diverse,0.3141676061630966,very_popular
1cZcQDZzx940vWz9PFRY20,Electronic,Getting Away with It - 2013 Remaster,electronic,weekend,ensoleille,sport,joyeux,groupe,exterieur,157,0.858,0.812,0.894,0.566,0.524,0.039,0.162,7.6,elevee,positive,electronic_family,0.696696,high_energy,0.767052,high_party,0.5449999999999999,organic,0.855,0.4262,0.624,weekend_joyeux,weekend_sport,joyeux_sport,0.1157395714285714,diverse,0.28278842540398347,mainstream
0r73CwUNcBg7GxMtPV6hbl,Musica Electronica Fuerte,Electronica Con Mucho Bajo,electronic,journee,neutre,sport,motive,amis,salle_sport,138,0.865,0.682,0.721,0.319,0.783,0.032,0.257,7.1,elevee,positive,electronic_family,0.5899300000000001,moderate_energy,0.623665,moderate_party,0.551,organic,0.7669,0.403,0.6808000000000001,journee_motive,journee_sport,motive_sport,0.10041690476190475,balanced,0.3331454340473506,very_popular
2EcsgXlxz99UMDSPg5T8RF,Labrinth,Beneath Your Beautiful (feat. Emeli Sandé),pop,journee,chaud,sport,energique,groupe,exterieur,152,0.89,0.752,0.808,0.647,0.034,0.104,0.271,8.1,elevee,positive,pop_family,0.66928,high_energy,0.7191200000000001,high_party,0.3405,electronic,0.8240000000000001,0.302,0.39030000000000004,journee_energique,journee_sport,energique_sport,0.12641414285714284,diverse,0.2807215332581736,mainstream
0gEfOLXhV2aRy5l8Nb22h7,Electronic Visions,Tales of Forgotten Biomes,electronic,journee,ensoleille,sport,energique,groupe,exterieur,145,0.95,0.702,0.832,0.448,0.408,0.079,0.086,7.2,elevee,positive,electronic_family,0.6668999999999999,high_energy,0.7903999999999999,high_party,0.428,mixed,0.8402,0.3166,0.5226,journee_energique,journee_sport,energique_sport,0.11888823809523809,diverse,0.2792183389703119,mainstream
3GJlhu1SfJCCBpFo4aiIxb,Jon Kennedy,Electronic Sound Pictures,electronic,journee,neutre,sport,neutre,amis,exterieur,145,0.95,0.597,0.856,0.519,0.771,0.062,0.21,7.4,elevee,neutre,electronic_family,0.5671499999999999,moderate_energy,0.8131999999999999,high_party,0.645,organic,0.8159000000000001,0.4539,0.7288,journee_neutre,journee_sport,neutre_sport,0.10958361904761904,balanced,0.34178880120255545,very_popular
7mHr69kU0Wig5cw7PG8I0G,Electronic Gems,Sanctuary,electronic,journee,neutre,sport,motive,groupe,exterieur,130,0.752,0.747,0.723,0.628,0.512,0.074,0.215,7.5,moderee,positive,electronic_family,0.561744,moderate_energy,0.543696,chill,0.5700000000000001,organic,0.7418,0.47919999999999996,0.6296,journee_motive,journee_sport,motive_sport,0.07503561904761905,homogeneous,0.323750469748215,very_popular
4GnZr9MZvLlOKj4k0wkYV5,Breathe Electric,Electronic Lover,electronic,journee,neutre,sport,motive,amis,exterieur,151,0.943,0.628,0.856,0.235,0.452,0.068,0.327,7.1,elevee,positive,electronic_family,0.592204,moderate_energy,0.8072079999999999,high_party,0.3435,electronic,0.8223999999999999,0.24670000000000003,0.4829,journee_motive,journee_sport,motive_sport,0.10473990476190476,balanced,0.34272829763246904,very_popular
4mLKUq9iKqLKimKGHZRpkb,Kid Cecille,Electronic Rhythm,electronic,journee,ensoleille,sport,energique,amis,exterieur,153,0.95,0.733,0.808,0.625,0.768,0.052,0.219,7.1,elevee,positive,electronic_family,0.6963499999999999,high_energy,0.7676000000000001,high_party,0.6965,organic,0.8423,0.4954,0.7611,journee_energique,journee_sport,energique_sport,0.10957961904761904,balanced,0.29819616685456596,mainstream
0YZ7Q5i99vt9OEF8AEEaBV,Electronic,Getting Away with It,electronic,journee,chaud,sport,energique,groupe,salle_sport,149,0.856,0.729,0.797,0.341,0.687,0.061,0.343,7.5,elevee,positive,electronic_family,0.624024,high_energy,0.6822320000000001,moderate_party,0.514,organic,0.8002,0.38570000000000004,0.6336,journee_energique,journee_sport,energique_sport,0.08848680952380954,balanced,0.2711386696730552,mainstream
3fWZObJDFUGnah8Q7ukiT4,Slayyyter,Erotic Electronic,electronic,journee,neutre,sport,motive,groupe,exterieur,138,0.897,0.687,0.778,0.472,0.738,0.073,0.35,7.7,elevee,positive,electronic_family,0.6162390000000001,moderate_energy,0.697866,moderate_party,0.605,organic,0.7983,0.44109999999999994,0.696,journee_motive,journee_sport,motive_sport,0.08285257142857144,homogeneous,0.323750469748215,very_popular
123MdNEzpQhlSyEvyFNQ2x,Electronic Gems,Eternal,electronic,journee,neutre,sport,neutre,groupe,salle_sport,155,0.95,0.559,0.788,0.29,0.476,0.021,0.064,6.9,elevee,neutre,electronic_family,0.53105,moderate_energy,0.7486,high_party,0.383,mixed,0.7841,0.2738,0.5207999999999999,journee_neutre,journee_sport,neutre_sport,0.12257290476190476,diverse,0.313228109733183,very_popular
7DAXfp0cSOTnUjhxrbtSOi,アトラスサウンドチーム,Electronica In Velvet Room,electronic,journee,chaud,sport,energique,amis,exterieur,142,0.95,0.77,0.827,0.552,0.686,0.041,0.182,7.1,elevee,positive,electronic_family,0.7314999999999999,high_energy,0.78565,high_party,0.619,organic,0.8591,0.44160000000000005,0.7004,journee_energique,journee_sport,energique_sport,0.11576128571428572,diverse,0.2996993611424276,mainstream
1Q2WPcHRVK16zh9TR6isEq,Omega,Merengue Electronico (Rompe Consola),electronic,journee,neutre,sport,motive,groupe,exterieur,157,0.863,0.635,0.845,0.486,0.645,0.037,0.302,8.1,elevee,positive,electronic_family,0.548005,moderate_energy,0.729235,high_party,0.5655,organic,0.7892,0.42900000000000005,0.6609,journee_motive,journee_sport,motive_sport,0.08830290476190476,homogeneous,0.323750469748215,very_popular
4UtG2YGIpQIR9QFDXxJQFr,Electronic,Get the Message - 2013 Remaster,electronic,journee,neutre,sport,neutre,groupe,salle_sport,143,0.809,0.581,0.815,0.415,0.823,0.073,0.264,7.7,elevee,neutre,electronic_family,0.470029,low_energy,0.659335,moderate_party,0.619,organic,0.7424000000000001,0.47019999999999995,0.7213999999999999,journee_neutre,journee_sport,neutre_sport,0.089941,balanced,0.313228109733183,very_popular
0vZCG0H9KhtU7K8MEUVAoV,DVBBS,Tsunami,pop,journee,chaud,sport,energique,amis,exterieur,152,0.892,0.712,0.88,0.536,0.386,0.102,0.301,8.2,elevee,positive,pop_family,0.635104,high_energy,0.78496,high_party,0.461,organic,0.8344,0.36260000000000003,0.5334,journee_energique,journee_sport,energique_sport,0.09027747619047617,balanced,0.2996993611424276,mainstream
7K7UO1s5HHIAqQ3tGFVtCJ,Electronic Visions,Saltwater,electronic,journee,neutre,sport,neutre,groupe,salle_sport,142,0.886,0.572,0.715,0.585,0.874,0.078,0.097,6.9,elevee,neutre,electronic_family,0.5067919999999999,low_energy,0.63349,moderate_party,0.7295,organic,0.7405,0.5304,0.7969,journee_neutre,journee_sport,neutre_sport,0.11242247619047618,balanced,0.313228109733183,very_popular
3oTzvWsWa5v91cI5LsqhyE,Cirillo Jr,Electronic,electronic,journee,chaud,sport,energique,amis,salle_sport,153,0.95,0.794,0.806,0.462,0.573,0.02,0.282,6.9,elevee,positive,electronic_family,0.7543,high_energy,0.7657,high_party,0.5175,organic,0.86,0.37170000000000003,0.6211,journee_energique,journee_sport,energique_sport,0.10764557142857144,balanced,0.2901164975573092,mainstream
6GOjvqMPGoejvJXy2j1Eb4,CIRCA96,Electronic Malfunction,electronic,journee,neutre,sport,motive,amis,salle_sport,150,0.857,0.689,0.739,0.382,0.581,0.029,0.112,7.6,elevee,positive,electronic_family,0.5904729999999999,moderate_energy,0.633323,moderate_party,0.4815,organic,0.7712,0.37,0.5992999999999999,journee_motive,journee_sport,motive_sport,0.10190014285714284,balanced,0.3331454340473506,very_popular
3grDj0Lwfx8pBgXxnUJHwa,Electronic Gems,Diamond Dust,electronic,journee,chaud,sport,energique,groupe,exterieur,150,0.86,0.767,0.835,0.537,0.525,0.06,0.236,7.0,elevee,positive,electronic_family,0.65962,high_energy,0.7181,high_party,0.531,organic,0.8246,0.4143,0.6115999999999999,journee_energique,journee_sport,energique_sport,0.09396257142857144,balanced,0.2807215332581736,mainstream
6xGgDE7TSvGwhOKBdv9dMH,DJ Energy,Electronic,electronic,journee,neutre,sport,motive,groupe,exterieur,151,0.938,0.66,0.853,0.415,0.41,0.068,0.108,6.6,elevee,positive,electronic_family,0.61908,moderate_energy,0.8001139999999999,high_party,0.4125,mixed,0.8291,0.3076,0.5159,journee_motive,journee_sport,motive_sport,0.11622280952380952,diverse,0.323750469748215,very_popular
3gtUhq0nuXIFYFOspRIBf4,DC The Don,ELECTRONICS,electronic,journee,neutre,sport,motive,amis,exterieur,150,0.9,0.608,0.764,0.601,0.622,0.057,0.277,7.2,elevee,positive,electronic_family,0.5472,moderate_energy,0.6876,moderate_party,0.6114999999999999,organic,0.7716000000000001,0.45699999999999996,0.6799,journee_motive,journee_sport,motive_sport,0.08282666666666667,homogeneous,0.34272829763246904,very_popular
3HjuK1sd2n9AMWlxvWFZRU,Electronic Visions,Space Groove,electronic,journee,chaud,sport,energique,amis,salle_sport,144,0.95,0.779,0.802,0.548,0.736,0.026,0.273,6.9,elevee,positive,electronic_family,0.74005,high_energy,0.7619,high_party,0.642,organic,0.8543000000000001,0.45500000000000007,0.7272,journee_energique,journee_sport,energique_sport,0.10864890476190474,balanced,0.2901164975573092,mainstream
0K5dMpBtt4W8n46f5tbhRi,A'Gun,Electronic,electronic,weekend,chaud,sport,joyeux,groupe,exterieur,139,0.927,0.839,0.95,0.566,0.519,0.044,0.309,6.7,elevee,positive,electronic_family,0.777753,high_energy,0.88065,high_party,0.5425,organic,0.9075,0.40399999999999997,0.6205,weekend_joyeux,weekend_sport,joyeux_sport,0.11463028571428573,diverse,0.2842916196918452,mainstream
0H72o8QdyYc57jNkvYwfAX,Michael Bibi,Sungazing - Electronic Mix,electronic,weekend,chaud,sport,joyeux,groupe,exterieur,138,0.924,0.82,0.866,0.317,0.609,0.055,0.219,7.7,elevee,positive,electronic_family,0.75768,high_energy,0.800184,high_party,0.46299999999999997,organic,0.8754,0.3323,0.5886,weekend_joyeux,weekend_sport,joyeux_sport,0.12079323809523812,diverse,0.2842916196918452,mainstream
5o2qUhHH1MtFfmfv3Xshxs,Electronic Visions,Night Rain,electronic,weekend,ensoleille,sport,joyeux,amis,exterieur,139,0.934,0.811,0.931,0.371,0.874,0.049,0.103,6.8,elevee,positive,electronic_family,0.7574740000000001,high_energy,0.869554,high_party,0.6225,organic,0.8962000000000001,0.4304,0.7385,weekend_joyeux,weekend_sport,joyeux_sport,0.15691014285714286,diverse,0.30176625328823753,very_popular
4rfswfCBaiHFSOwtq5hEGY,Electronic Visions,Sustain,electronic,journee,chaud,sport,energique,groupe,salle_sport,138,0.95,0.755,0.849,0.372,0.733,0.036,0.264,6.8,elevee,positive,electronic_family,0.7172499999999999,high_energy,0.80655,high_party,0.5525,organic,0.8612,0.38370000000000004,0.6708999999999999,journee_energique,journee_sport,energique_sport,0.11681561904761904,diverse,0.2711386696730552,mainstream
60LquBpq63rSQKfarZpQqa,Uneekint,Electronic,electronic,journee,neutre,sport,motive,groupe,salle_sport,156,0.95,0.663,0.95,0.546,0.498,0.034,0.136,6.7,elevee,positive,electronic_family,0.62985,high_energy,0.9025,high_party,0.522,organic,0.8639,0.38280000000000003,0.606,journee_motive,journee_sport,motive_sport,0.12872995238095236,diverse,0.3141676061630966,very_popular
3k3QGyFyA5qrT5BLqeU1Ss,N-Trance,Stayin' Alive,pop,apres_midi,chaud,detente,romantique,couple,maison,123,0.64,0.841,0.631,0.601,0.119,0.062,0.263,7.8,faible,positive,pop_family,0.5382399999999999,moderate_energy,0.40384000000000003,chill,0.36,mixed,0.6976,0.3841,0.4274,apres_midi_romantique,apres_midi_detente,romantique_detente,0.08993499999999999,balanced,0.24652386320931982,niche
4LWN0BmnOXL3U30MTLcMxj,Electro Hippies,Am I Punk Yet?,pop,apres_midi,ensoleille,detente,romantique,couple,restaurant,124,0.633,0.866,0.754,0.782,0.217,0.092,0.207,6.9,faible,positive,pop_family,0.548178,moderate_energy,0.477282,chill,0.4995,organic,0.7392000000000001,0.488,0.5247,apres_midi_romantique,apres_midi_detente,romantique_detente,0.1046192380952381,balanced,0.2322435174746336,niche
0Z6fnBHUEUu1ik22d5Sa4U,Jamix Project,Electronic,electronic,journee,neutre,conduite,motive,amis,voiture,125,0.8,0.633,0.78,0.544,0.886,0.058,0.202,7.1,moderee,positive,electronic_family,0.5064000000000001,low_energy,0.6240000000000001,moderate_party,0.7150000000000001,organic,0.7439,0.5434,0.7946000000000001,journee_motive,journee_conduite,motive_conduite,0.09966461904761907,balanced,0.2577978203682826,niche
25dAjY6eOu4LTsBYfraOKA,ziproom,Electronica,electronic,weekend,ensoleille,sport,joyeux,amis,exterieur,138,0.8,0.826,0.819,0.611,0.558,0.068,0.227,7.4,moderee,positive,electronic_family,0.6608,high_energy,0.6552,moderate_party,0.5845,organic,0.8135000000000001,0.4718,0.6487,weekend_joyeux,weekend_sport,joyeux_sport,0.09182961904761903,balanced,0.30176625328823753,very_popular
1eyvwXpWaJA2U7Y4LhkMeP,Electronic Visions,Head Room,electronic,journee,neutre,loisir,neutre,seul,cafe,126,0.779,0.559,0.639,0.73,0.628,0.08,0.106,7.1,moderee,neutre,electronic_family,0.43546100000000004,low_energy,0.49778100000000003,chill,0.679,organic,0.671,0.5467,0.7170000000000001,journee_neutre,journee_loisir,neutre_loisir,0.08358333333333333,homogeneous,0.19767004885381434,niche
6JPEajiHrrpX0agtsJzNQJ,5ht the Band,Electronic,electronic,journee,neutre,sport,motive,groupe,salle_sport,138,0.751,0.655,0.72,0.74,0.44,0.024,0.138,6.5,moderee,positive,electronic_family,0.49190500000000004,low_energy,0.54072,chill,0.59,organic,0.7129,0.5026999999999999,0.6372,journee_motive,journee_sport,motive_sport,0.09234995238095238,balanced,0.3141676061630966,very_popular
4CBAKSus371zX1icqqyyUC,Dada Life,Electronic Circus Weapon,electronic,journee,neutre,sport,motive,amis,salle_sport,142,0.794,0.671,0.81,0.486,0.558,0.029,0.235,7.7,moderee,positive,electronic_family,0.5327740000000001,moderate_energy,0.64314,moderate_party,0.522,organic,0.7619,0.4236,0.619,journee_motive,journee_sport,motive_sport,0.08440314285714286,homogeneous,0.3331454340473506,very_popular
0t5LNjml8LTuAPiEfD7zFN,Lil Wayne,"Hip-Hop (feat. BigXthaPlug, Jay Jones)",hip_hop,journee,neutre,cuisine,motive,couple,maison,97,0.833,0.628,0.789,0.725,0.006,0.294,0.344,8.5,elevee,positive,hiphop_family,0.523124,moderate_energy,0.657237,moderate_party,0.3655,mixed,0.7583,0.34190000000000004,0.3617,journee_motive,journee_cuisine,motive_cuisine,0.095034,balanced,0.26550169109357385,niche
0VUpkue1T9WZF2LtUqJbDY,Chamillionaire,Hip Hop Police - Main,hip_hop,journee,neutre,loisir,neutre,amis,exterieur,88,0.736,0.569,0.675,0.557,0.076,0.284,0.316,7.6,moderee,neutre,hiphop_family,0.41878399999999993,low_energy,0.4968,chill,0.3165,electronic,0.6676,0.32480000000000003,0.3483,journee_neutre,journee_loisir,neutre_loisir,0.057142000000000005,homogeneous,0.283727921833897,mainstream
1SyQ6t9RdRBK0QUCS6a797,Naughty By Nature,Hip Hop Hooray,hip_hop,journee,neutre,conduite,motive,amis,voiture,103,0.756,0.682,0.585,0.553,0.171,0.383,0.174,8.4,moderee,positive,hiphop_family,0.515592,moderate_energy,0.44226,chill,0.36200000000000004,mixed,0.6825,0.34570000000000006,0.3748,journee_motive,journee_conduite,motive_conduite,0.05523533333333334,homogeneous,0.2577978203682826,niche
0twitsJEQTQXzkGwerCOtj,Lil Wayne,"Hip-Hop (feat. BigXthaPlug, Jay Jones)",hip_hop,journee,neutre,loisir,neutre,groupe,cafe,119,0.858,0.476,0.804,0.524,0.099,0.363,0.167,7.5,elevee,neutre,hiphop_family,0.408408,low_energy,0.689832,moderate_party,0.3115,electronic,0.7272000000000001,0.28190000000000004,0.3341,journee_neutre,journee_loisir,neutre_loisir,0.08432514285714286,homogeneous,0.2298008267568583,niche
4BaFzlfU0xvG19fP4muTVw,Hopsin,Hip Hop Sinister,hip_hop,journee,neutre,loisir,neutre,famille,maison,113,0.854,0.507,0.652,0.371,0.082,0.346,0.234,6.8,elevee,neutre,hiphop_family,0.432978,low_energy,0.556808,chill,0.2265,electronic,0.6893,0.21680000000000002,0.2831,journee_neutre,journee_loisir,neutre_loisir,0.06747680952380952,homogeneous,0.2311161217587373,niche
0AqaHGj4lZpkjnokeLssTr,Lil Wayne,"Hip-Hop (feat. BigXthaPlug, Jay Jones)",hip_hop,nuit,pluvieux,loisir,nostalgique,seul,maison,85,0.643,0.465,0.58,0.725,0.195,0.313,0.334,7.4,faible,neutre,hiphop_family,0.298995,low_energy,0.37294,chill,0.45999999999999996,organic,0.5707,0.45559999999999995,0.4524,nuit_nostalgique,nuit_loisir,nostalgique_loisir,0.03761233333333334,homogeneous,0.06407365652010523,niche
0rzSU1pxAyRyrrog5rKA2q,Mary Rice Hopkins,Hip Hip Hooray - Hippopotamus,pop,journee,ensoleille,sport,energique,groupe,salle_sport,151,0.852,0.773,0.919,0.46,0.314,0.038,0.143,7.1,elevee,positive,pop_family,0.658596,high_energy,0.782988,high_party,0.387,mixed,0.8484,0.3226,0.48740000000000006,journee_energique,journee_sport,energique_sport,0.1251804761904762,diverse,0.2696354753851935,mainstream
2HoDr1yVksl19omOhc1zWy,Dead Prez,Hip-Hop,hip_hop,journee,neutre,cuisine,motive,amis,cafe,107,0.766,0.704,0.825,0.523,0.137,0.199,0.342,8.3,moderee,positive,hiphop_family,0.539264,moderate_energy,0.63195,moderate_party,0.33,electronic,0.7650999999999999,0.32050000000000006,0.38560000000000005,journee_motive,journee_cuisine,motive_cuisine,0.07764295238095238,homogeneous,0.25216084178880116,niche
2KYz0yd96BLvtfWOsA1EQe,Lil Wayne,"Hip-Hop (feat. BigXthaPlug, Jay Jones)",hip_hop,apres_midi,neutre,detente,romantique,couple,restaurant,88,0.669,0.665,0.763,0.634,0.115,0.253,0.132,7.9,faible,positive,hiphop_family,0.44488500000000003,low_energy,0.510447,chill,0.3745,mixed,0.696,0.38739999999999997,0.3971,apres_midi_romantique,apres_midi_detente,romantique_detente,0.07953861904761905,homogeneous,0.2658774896655393,niche
7eChRaYIQxR7pNIR3W07dC,Niontay,"Real hiphop - feat. Earl Sweatshirt, El Cousteau, & MIKE",pop,journee,chaud,sport,energique,amis,salle_sport,140,0.826,0.708,0.822,0.512,0.184,0.065,0.086,7.4,elevee,positive,pop_family,0.5848079999999999,moderate_energy,0.6789719999999999,moderate_party,0.348,mixed,0.7893999999999999,0.31220000000000003,0.4326,journee_energique,journee_sport,energique_sport,0.11687395238095237,diverse,0.2901164975573092,mainstream
6N3oYlfZ2RPdjMYdHCRmFS,Lupe Fiasco,Hip-Hop Saved My Life (feat. Nikki Jean),hip_hop,apres_midi,neutre,conduite,neutre,famille,voiture,93,0.611,0.658,0.692,0.471,0.124,0.376,0.342,8.0,faible,positive,hiphop_family,0.402038,low_energy,0.42281199999999997,chill,0.2975,electronic,0.6494,0.34230000000000005,0.3281,apres_midi_neutre,apres_midi_conduite,neutre_conduite,0.041568238095238096,homogeneous,0.20199173243141677,niche
15bWai5BbeAsF6I0S4kAoK,Lil Wayne,"Hip-Hop (feat. BigXthaPlug, Jay Jones)",hip_hop,apres_midi,neutre,loisir,neutre,seul,maison,105,0.665,0.597,0.607,0.793,0.013,0.271,0.16,7.1,faible,neutre,hiphop_family,0.397005,low_energy,0.403655,chill,0.403,mixed,0.6272,0.42160000000000003,0.3902,apres_midi_neutre,apres_midi_loisir,neutre_loisir,0.08616090476190476,homogeneous,0.20781661029688084,niche
73FW5GNSOspgU6SaSA3Wbw,Shordie Shordie,OkOk,pop,journee,chaud,sport,energique,groupe,exterieur,140,0.88,0.75,0.918,0.544,0.091,0.094,0.198,7.3,elevee,positive,pop_family,0.66,high_energy,0.80784,high_party,0.3175,electronic,0.8523999999999999,0.2809,0.3899,journee_energique,journee_sport,energique_sport,0.13446528571428576,diverse,0.2807215332581736,mainstream
7iF9B5dbSOfEeznArGFHhn,Nas,Hip Hop Is Dead,hip_hop,apres_midi,neutre,loisir,neutre,amis,exterieur,100,0.661,0.454,0.585,0.54,0.125,0.285,0.327,7.4,faible,neutre,hiphop_family,0.300094,low_energy,0.386685,chill,0.3325,electronic,0.5761000000000001,0.35519999999999996,0.36750000000000005,apres_midi_neutre,apres_midi_loisir,neutre_loisir,0.035760904761904765,homogeneous,0.27019917324314163,mainstream
21NALHsloDI31T781jDMFw,Man Parrish,Hip Hop Be Bop (Original Version),hip_hop,apres_midi,neutre,loisir,neutre,amis,cafe,106,0.676,0.593,0.591,0.536,0.033,0.383,0.289,7.6,faible,neutre,hiphop_family,0.400868,low_energy,0.399516,chill,0.28450000000000003,electronic,0.6255999999999999,0.3215,0.3007,apres_midi_neutre,apres_midi_loisir,neutre_loisir,0.050459666666666673,homogeneous,0.23524990605035698,niche
4c9XojqJDu7KNCh8GmNbj5,BTS,Hip Hop Phile,hip_hop,apres_midi,neutre,detente,romantique,couple,restaurant,108,0.698,0.608,0.676,0.732,0.029,0.248,0.247,8.3,moderee,positive,hiphop_family,0.424384,low_energy,0.471848,chill,0.3805,mixed,0.6644,0.3921,0.3845,apres_midi_romantique,apres_midi_detente,romantique_detente,0.07920261904761904,homogeneous,0.2658774896655393,niche
4gQdwwPXSXnDkUh4jYqLoC,Mos Def,Hip Hop,hip_hop,journee,neutre,cuisine,motive,famille,maison,90,0.763,0.682,0.746,0.385,0.148,0.315,0.219,8.0,moderee,positive,hiphop_family,0.520366,moderate_energy,0.569198,moderate_party,0.2665,electronic,0.7336,0.2695,0.3265,journee_motive,journee_cuisine,motive_cuisine,0.06745961904761906,homogeneous,0.23449830890642612,niche
7yIUQW4kutkoxSWKjU7OPK,Sir Mix-A-Lot,Hip Hop Soldier,hip_hop,journee,chaud,conduite,energique,couple,voiture,119,0.814,0.724,0.797,0.615,0.17,0.322,0.255,6.9,elevee,positive,hiphop_family,0.589336,moderate_energy,0.648758,moderate_party,0.3925,mixed,0.7818999999999999,0.3528,0.4051,journee_energique,journee_conduite,energique_conduite,0.0742118095238095,homogeneous,0.20443442314919205,niche
7JsoM9xf0Uc8tTHVnkVOio,Blac Youngsta,Hip Hopper (feat. Lil Yachty),hip_hop,apres_midi,neutre,cuisine,neutre,amis,restaurant,97,0.602,0.62,0.572,0.489,0.124,0.226,0.152,7.5,faible,positive,hiphop_family,0.37323999999999996,low_energy,0.344344,chill,0.3065,electronic,0.5984,0.3522,0.36350000000000005,apres_midi_neutre,apres_midi_cuisine,neutre_cuisine,0.04910547619047618,homogeneous,0.24859075535512967,niche
72nLaDnt2dfxCA3ZAiEC2c,Nas,Still Dreaming,pop,journee,neutre,sport,motive,amis,salle_sport,136,0.744,0.741,0.793,0.701,0.049,0.031,0.207,8.5,moderee,positive,pop_family,0.551304,moderate_energy,0.5899920000000001,moderate_party,0.375,mixed,0.7578,0.37189999999999995,0.4286,journee_motive,journee_sport,motive_sport,0.12420928571428573,diverse,0.3331454340473506,very_popular
1MbmAKJKSGTNdOHMEY3E35,Masta Killa,Hip Hop Forever,hip_hop,journee,neutre,conduite,motive,famille,voiture,109,0.895,0.602,0.757,0.357,0.07,0.366,0.21,7.2,elevee,positive,hiphop_family,0.53879,moderate_energy,0.677515,moderate_party,0.2135,electronic,0.7657,0.1953,0.26890000000000003,journee_motive,journee_conduite,motive_conduite,0.08857457142857143,balanced,0.21645997745208567,niche
6GWqwdGYwEfwv0caDQj082,Chamillionaire,Hip Hop Police - Main,hip_hop,journee,neutre,cuisine,motive,amis,cafe,124,0.807,0.675,0.82,0.479,0.072,0.331,0.214,7.3,moderee,positive,hiphop_family,0.544725,moderate_energy,0.66174,moderate_party,0.27549999999999997,electronic,0.7713,0.27109999999999995,0.3135,journee_motive,journee_cuisine,motive_cuisine,0.08662828571428571,homogeneous,0.25216084178880116,niche
1RDWInwkweEF3VeupchGkD,Don Toliver,TORE UP,pop,journee,neutre,cuisine,motive,amis,cafe,123,0.717,0.669,0.749,0.504,0.293,0.103,0.152,7.7,moderee,positive,pop_family,0.479673,low_energy,0.537033,chill,0.39849999999999997,mixed,0.7121999999999999,0.37439999999999996,0.47709999999999997,journee_motive,journee_cuisine,motive_cuisine,0.07420557142857144,homogeneous,0.25216084178880116,niche
7sZDbHZiuHEzS00vzCuhqS,The Sugarhill Gang,Rapper's Delight,pop,apres_midi,ensoleille,detente,romantique,couple,maison,126,0.671,0.921,0.703,0.781,0.041,0.042,0.194,7.5,faible,positive,pop_family,0.6179910000000001,moderate_energy,0.471713,chill,0.41100000000000003,mixed,0.7556,0.4234,0.4464,apres_midi_romantique,apres_midi_detente,romantique_detente,0.13960766666666666,diverse,0.2450206689214581,niche
0980UI5CLrD7qcq6MXtJNe,Hiphopkarma,Family,pop,apres_midi,chaud,detente,romantique,couple,maison,135,0.616,0.924,0.651,0.752,0.183,0.077,0.087,6.3,faible,positive,pop_family,0.569184,moderate_energy,0.401016,chill,0.4675,organic,0.7189,0.47090000000000004,0.5017,apres_midi_romantique,apres_midi_detente,romantique_detente,0.12053733333333334,diverse,0.24652386320931982,niche
6EuhBJTydNXXtqBQ32lag5,Trinix Remix,Hip Hop,hip_hop,journee,neutre,loisir,neutre,amis,restaurant,97,0.705,0.58,0.614,0.514,0.012,0.192,0.08,8.1,moderee,neutre,hiphop_family,0.40889999999999993,low_energy,0.43287,chill,0.263,electronic,0.6401999999999999,0.2977,0.32180000000000003,journee_neutre,journee_loisir,neutre_loisir,0.07981823809523808,homogeneous,0.2596768132281097,niche
0cvFbuRH6mkKHIijebkU8I,Jazz Liberatorz,I Am Hip Hop - Feat. Asheru,hip_hop,apres_midi,neutre,detente,romantique,couple,restaurant,98,0.685,0.702,0.781,0.602,0.017,0.181,0.182,7.6,faible,positive,hiphop_family,0.48087,low_energy,0.534985,chill,0.3095,electronic,0.7189,0.3404,0.3529,apres_midi_romantique,apres_midi_detente,romantique_detente,0.097178,balanced,0.2658774896655393,niche
3xI2BX87nRys1ENw1Zl0El,DJ Khaled,Hip Hop,hip_hop,journee,neutre,loisir,neutre,amis,cafe,108,0.826,0.462,0.672,0.421,0.031,0.347,0.199,7.0,elevee,neutre,hiphop_family,0.381612,low_energy,0.555072,chill,0.22599999999999998,electronic,0.6706000000000001,0.22990000000000002,0.2724,journee_neutre,journee_loisir,neutre_loisir,0.07259161904761904,homogeneous,0.24877865464111235,niche
3mE8EhNxCynKpuhU8EY6e1,Guts,Hip Hop First of All,hip_hop,nuit,pluvieux,loisir,nostalgique,famille,cafe,86,0.624,0.457,0.5,0.69,0.043,0.32,0.109,7.2,faible,neutre,hiphop_family,0.28516800000000003,low_energy,0.312,chill,0.3665,mixed,0.5367,0.4017,0.36449999999999994,nuit_nostalgique,nuit_loisir,nostalgique_loisir,0.06093180952380952,homogeneous,0.05016910935738444,niche
1UCVgSDDlH4vJ0jI4txWXP,Static-X,Hip Hop,hip_hop,nuit,pluvieux,loisir,nostalgique,famille,maison,108,0.67,0.467,0.632,0.616,0.008,0.189,0.185,7.3,faible,neutre,hiphop_family,0.31289000000000006,low_energy,0.42344000000000004,chill,0.312,electronic,0.5977,0.3478,0.351,nuit_nostalgique,nuit_loisir,nostalgique_loisir,0.07035390476190477,homogeneous,0.07384441939120631,niche
3KKrZ3adgWcJiJQWFqoDnv,Nice & Smooth,Hip Hop Junkies,hip_hop,journee,neutre,conduite,motive,couple,voiture,105,0.751,0.715,0.646,0.639,0.015,0.396,0.226,7.4,moderee,positive,hiphop_family,0.536965,moderate_energy,0.485146,chill,0.327,electronic,0.7087,0.3348,0.32,journee_motive,journee_conduite,motive_conduite,0.078198,homogeneous,0.24746335963923338,niche
4P5nMkajJUyZI6Jd81iMqx,Young Mozart,Hip-Hop Waltz in G Flat Minor,hip_hop,journee,neutre,conduite,motive,groupe,voiture,101,0.775,0.631,0.804,0.689,0.088,0.243,0.27,7.3,moderee,positive,hiphop_family,0.48902500000000004,low_energy,0.6231000000000001,moderate_party,0.38849999999999996,mixed,0.7405,0.3695,0.4021,journee_motive,journee_conduite,motive_conduite,0.084936,homogeneous,0.23881999248402855,niche
3ns5F35L1KaoKmOO8Ar8fk,Joell Ortiz,Hip Hop,hip_hop,journee,chaud,fete,energique,groupe,club,123,0.82,0.709,0.863,0.67,0.126,0.323,0.28,7.2,elevee,positive,hiphop_family,0.5813799999999999,moderate_energy,0.70766,moderate_party,0.398,mixed,0.7996,0.3598,0.39940000000000003,journee_energique,journee_fete,energique_fete,0.08570961904761903,homogeneous,0.17230364524614805,niche
3LBBeej1zGctWlJNpNa4I6,Portugal. The Man,Hip Hop Kids,hip_hop,journee,neutre,loisir,neutre,famille,maison,110,0.892,0.524,0.765,0.315,0.113,0.246,0.251,7.2,elevee,neutre,hiphop_family,0.46740800000000005,low_energy,0.68238,moderate_party,0.214,electronic,0.7435,0.19229999999999997,0.3018,journee_neutre,journee_loisir,neutre_loisir,0.08546657142857143,homogeneous,0.2311161217587373,niche
0JPzG00AY7hNVu8sauadAu,Chamillionaire,Hip Hop Police,hip_hop,journee,neutre,loisir,neutre,amis,cafe,93,0.788,0.571,0.731,0.602,0.109,0.197,0.127,7.4,moderee,neutre,hiphop_family,0.44994799999999996,low_energy,0.576028,moderate_party,0.3555,mixed,0.7058,0.3371,0.39569999999999994,journee_neutre,journee_loisir,neutre_loisir,0.0859132857142857,homogeneous,0.24877865464111235,niche
55WwvU3TsXYXaOisjxwJYT,August Alsina,Hip Hop,hip_hop,journee,neutre,conduite,motive,couple,voiture,102,0.763,0.605,0.753,0.725,0.186,0.172,0.327,7.5,moderee,positive,hiphop_family,0.461615,low_energy,0.574539,moderate_party,0.4555,organic,0.7126,0.4169,0.4761,journee_motive,journee_conduite,motive_conduite,0.07179995238095238,homogeneous,0.24746335963923338,niche
1VpaGT3qRCT4jaqYw7o9IH,Dead Prez,Hip-Hop - Radio Version,hip_hop,journee,neutre,cuisine,motive,amis,cafe,105,0.831,0.6,0.781,0.431,0.166,0.36,0.208,7.2,elevee,positive,hiphop_family,0.49859999999999993,low_energy,0.649011,moderate_party,0.2985,electronic,0.7466999999999999,0.27290000000000003,0.3403,journee_motive,journee_cuisine,motive_cuisine,0.06959028571428572,homogeneous,0.25216084178880116,niche
2sEKgKt7N4d7fPetASON80,Meek Mill,Hip Hop,hip_hop,journee,neutre,cuisine,motive,amis,restaurant,108,0.866,0.614,0.841,0.311,0.029,0.323,0.341,7.0,elevee,positive,hiphop_family,0.531724,moderate_energy,0.728306,high_party,0.17,electronic,0.7829,0.1733,0.24320000000000003,journee_motive,journee_cuisine,motive_cuisine,0.09550499999999999,balanced,0.26305900037579855,niche
5cl6rJmigUbx6cNrA3nV8z,Beyoncé,Hip Hop Star (feat. Big Boi & Sleepy Brown),hip_hop,apres_midi,neutre,loisir,neutre,amis,exterieur,90,0.662,0.521,0.688,0.428,0.079,0.171,0.271,7.6,faible,neutre,hiphop_family,0.34490200000000004,low_energy,0.45545599999999997,chill,0.2535,electronic,0.6275,0.2963,0.3337,apres_midi_neutre,apres_midi_loisir,neutre_loisir,0.05651314285714285,homogeneous,0.27019917324314163,mainstream
5aEz3lqzgWC3QfAWiNYRke,Hiphopkarma,In It,pop,weekend,chaud,fete,joyeux,groupe,cafe,129,0.765,0.939,0.912,0.662,0.171,0.095,0.172,6.6,moderee,positive,pop_family,0.718335,high_energy,0.6976800000000001,moderate_party,0.41650000000000004,mixed,0.8613000000000001,0.38660000000000005,0.46510000000000007,weekend_joyeux,weekend_fete,joyeux_fete,0.13868647619047622,diverse,0.18338970311912814,niche
7fI6dNPkO9GsMw6O3ZyPL0,Bizarre,Hip Hop,hip_hop,apres_midi,neutre,loisir,neutre,famille,maison,108,0.684,0.598,0.747,0.572,0.111,0.317,0.221,7.5,faible,neutre,hiphop_family,0.409032,low_energy,0.5109480000000001,chill,0.34149999999999997,electronic,0.6771,0.3569,0.3637,apres_midi_neutre,apres_midi_loisir,neutre_loisir,0.06056257142857143,homogeneous,0.21758737316798193,niche
5tp5lixxnFoKu6WAVBri75,Lil Double 0,Jazz,jazz,apres_midi,neutre,detente,romantique,couple,restaurant,125,0.608,0.679,0.57,0.824,0.378,0.07,0.052,7.9,faible,positive,jazz_family,0.41283200000000003,low_energy,0.34656,chill,0.601,organic,0.6179,0.5606,0.6222,apres_midi_romantique,apres_midi_detente,romantique_detente,0.08992195238095237,balanced,0.2658774896655393,niche
7AgMX97ljLm9BzszyyXEYZ,A Tribe Called Quest,Jazz (We've Got),jazz,matin,neutre,loisir,neutre,seul,cafe,111,0.479,0.586,0.411,0.783,0.415,0.038,0.051,7.9,faible,neutre,jazz_family,0.280694,low_energy,0.196869,chill,0.599,organic,0.4906999999999999,0.594,0.6348,matin_neutre,matin_loisir,neutre_loisir,0.07342023809523811,homogeneous,0.1373543780533634,niche
06SYfhYSo9iY3txHE6W9Dl,berlioz,jazz is for ordinary people,jazz,matin,neutre,loisir,neutre,seul,maison,131,0.469,0.541,0.517,0.824,0.462,0.027,0.252,8.0,faible,neutre,jazz_family,0.253729,low_energy,0.242473,chill,0.643,organic,0.505,0.6275,0.6728,matin_neutre,matin_loisir,neutre_loisir,0.06180057142857143,homogeneous,0.16102968808718524,niche
6w4MlvpuxtbjGdL9YeTx89,Outkast,Jazzy Belle,jazz,apres_midi,neutre,detente,romantique,couple,maison,123,0.628,0.798,0.707,0.605,0.437,0.049,0.122,7.8,faible,positive,jazz_family,0.501144,low_energy,0.443996,chill,0.521,organic,0.7027000000000001,0.48469999999999996,0.5902000000000001,apres_midi_romantique,apres_midi_detente,romantique_detente,0.08432133333333335,homogeneous,0.27865464111236377,mainstream
2rk0lCpO1vkKAQ6BC8bjUX,Mick Jenkins,Jazz,jazz,matin,neutre,detente,romantique,couple,maison,118,0.438,0.607,0.482,0.797,0.777,0.075,0.066,7.4,faible,positive,jazz_family,0.265866,low_energy,0.211116,chill,0.787,organic,0.5019,0.7205,0.8126000000000001,matin_romantique,matin_detente,romantique_detente,0.09000447619047619,balanced,0.2318677189026682,niche
7hQJA50XrCWABAu5v6QZ4i,Queen,Don't Stop Me Now - Remastered 2011,pop,journee,ensoleille,sport,energique,amis,salle_sport,147,0.94,0.707,0.904,0.666,0.366,0.074,0.176,8.3,elevee,positive,pop_family,0.66458,high_energy,0.84976,high_party,0.516,organic,0.8593,0.39420000000000005,0.5680000000000001,journee_energique,journee_sport,energique_sport,0.11929795238095238,diverse,0.28861330326944756,mainstream
2JJ9z5cHcm1fXkp8lDVaQ2,Aylior,Jazz,jazz,soiree,neutre,etude,calme,seul,bibliotheque,111,0.362,0.576,0.428,0.796,0.742,0.054,0.174,6.7,faible,neutre,jazz_family,0.20851199999999998,low_energy,0.154936,chill,0.769,organic,0.44599999999999995,0.7324,0.799,soiree_calme,soiree_etude,calme_etude,0.07700495238095238,homogeneous,0.09451334084930475,niche
1D5PMly59volxN3IJMv9bt,The Fumes,Jazz,jazz,matin,neutre,detente,romantique,couple,restaurant,129,0.429,0.628,0.534,0.625,0.724,0.056,0.203,6.9,faible,positive,jazz_family,0.269412,low_energy,0.229086,chill,0.6745,organic,0.5202,0.6385,0.7383,matin_romantique,matin_detente,romantique_detente,0.060130666666666666,homogeneous,0.21909056745584368,niche
4N6SmWg9M92xRwejuVBxwQ,iwamizu,Jazz,jazz,nuit,froid,travail,calme,couple,bureau,102,0.392,0.677,0.46,0.636,0.663,0.038,0.102,6.4,faible,positive,jazz_family,0.265384,low_energy,0.18032,chill,0.6495,organic,0.49790000000000006,0.6356999999999999,0.7147,nuit_calme,nuit_travail,calme_travail,0.070179,homogeneous,0.061630965802329955,niche
0IxLXLJHEnYlTjek6A0moU,Cozy Fall Jazz,Jazz,jazz,matin,neutre,detente,romantique,couple,restaurant,121,0.496,0.681,0.478,0.661,0.748,0.054,0.079,6.6,faible,positive,jazz_family,0.337776,low_energy,0.237088,chill,0.7045,organic,0.5461,0.64,0.7615000000000001,matin_romantique,matin_detente,romantique_detente,0.08062123809523809,homogeneous,0.21909056745584368,niche
0pjCsB0XNSyqM9UazlTODC,Dmitri Shostakovich,Jazz Suite No. 2: VI. Waltz 2,jazz,apres_midi,neutre,detente,romantique,couple,maison,129,0.412,0.642,0.56,0.588,0.625,0.032,0.095,7.9,faible,positive,jazz_family,0.264504,low_energy,0.23072,chill,0.6065,organic,0.5254,0.5991,0.6825,apres_midi_romantique,apres_midi_detente,romantique_detente,0.06588966666666667,homogeneous,0.27865464111236377,mainstream
5u8g9bBja2IESAqDu03x6W,trompette,Jazz,jazz,apres_midi,neutre,detente,romantique,couple,restaurant,131,0.591,0.712,0.611,0.541,0.469,0.054,0.183,7.1,faible,positive,jazz_family,0.42079199999999994,low_energy,0.36110099999999995,chill,0.505,organic,0.6333,0.47980000000000006,0.586,apres_midi_romantique,apres_midi_detente,romantique_detente,0.05852928571428571,homogeneous,0.2658774896655393,niche
3eQnyx0B0yMZslWaxztNfA,byekid,Jazz,jazz,apres_midi,neutre,detente,romantique,couple,restaurant,129,0.571,0.783,0.651,0.542,0.423,0.075,0.081,7.2,faible,positive,jazz_family,0.44709299999999996,low_energy,0.37172099999999997,chill,0.48250000000000004,organic,0.6586,0.47240000000000004,0.5591,apres_midi_romantique,apres_midi_detente,romantique_detente,0.07530461904761905,homogeneous,0.2658774896655393,niche
0TrEMKiKV6JE7PyGkmm2VV,DJ Zeeter,Jazz,jazz,apres_midi,neutre,detente,romantique,couple,restaurant,131,0.544,0.636,0.52,0.625,0.379,0.022,0.23,6.7,faible,positive,jazz_family,0.345984,low_energy,0.28288,chill,0.502,organic,0.5644,0.5005,0.5726,apres_midi_romantique,apres_midi_detente,romantique_detente,0.051700904761904774,homogeneous,0.2658774896655393,niche
2zMn261sjoitKZJehIMKPD,The Durutti Column,Jazz,jazz,apres_midi,neutre,detente,romantique,couple,maison,114,0.526,0.625,0.484,0.784,0.618,0.074,0.107,6.8,faible,positive,jazz_family,0.32875,low_energy,0.254584,chill,0.7010000000000001,organic,0.5431,0.6412,0.7294,apres_midi_romantique,apres_midi_detente,romantique_detente,0.07261690476190476,homogeneous,0.27865464111236377,mainstream
3wo3d0I5H8KjkwGvnz8WbB,Sonny Fodera,Somedays,pop,journee,ensoleille,sport,energique,amis,exterieur,153,0.886,0.734,0.828,0.593,0.147,0.056,0.16,8.6,elevee,positive,pop_family,0.650324,high_energy,0.7336079999999999,high_party,0.37,mixed,0.823,0.31549999999999995,0.4401999999999999,journee_energique,journee_sport,energique_sport,0.1260022380952381,diverse,0.29819616685456596,mainstream
1muuU1537td0NXq2cf6BNh,We Dream In Anime,Jazz,jazz,apres_midi,neutre,detente,romantique,couple,maison,132,0.646,0.669,0.579,0.808,0.606,0.04,0.244,6.9,faible,positive,jazz_family,0.43217400000000006,low_energy,0.374034,chill,0.7070000000000001,organic,0.6328,0.6112,0.7374,apres_midi_romantique,apres_midi_detente,romantique_detente,0.07302414285714286,homogeneous,0.27865464111236377,mainstream
6jnLsjqqgQGZGHUenUyTsB,David Crowe,Jazz,jazz,apres_midi,neutre,loisir,neutre,amis,maison,130,0.448,0.506,0.558,0.54,0.41,0.022,0.06,6.5,faible,neutre,jazz_family,0.226688,low_energy,0.24998400000000004,chill,0.475,organic,0.4984,0.5046,0.5626,apres_midi_neutre,apres_midi_loisir,neutre_loisir,0.05122095238095239,homogeneous,0.25892521608417884,niche
4igIYHF3B5VBxEafHauVo3,Queen,Fat Bottomed Girls - Remastered 2011,pop,weekend,chaud,cuisine,joyeux,famille,plage,125,0.731,0.931,0.72,0.51,0.023,0.075,0.322,8.0,moderee,positive,pop_family,0.680561,high_energy,0.52632,chill,0.2665,electronic,0.7877,0.2916,0.34950000000000003,weekend_joyeux,weekend_cuisine,joyeux_cuisine,0.12040180952380952,diverse,0.16366027809094327,niche
15Csfc8bkcJRCT04OErRkP,Paul F. Tompkins,Jazz,jazz,matin,neutre,detente,romantique,couple,maison,130,0.462,0.69,0.557,0.612,0.43,0.044,0.167,6.3,faible,positive,jazz_family,0.31878,low_energy,0.25733400000000006,chill,0.521,organic,0.5589,0.5352,0.5898,matin_romantique,matin_detente,romantique_detente,0.05595214285714284,homogeneous,0.2318677189026682,niche
7fAhwIX8dBLJF2AaPE2Gu6,K.A.A.N.,Jazz,jazz,soiree,neutre,travail,calme,seul,bureau,112,0.391,0.571,0.388,0.764,0.662,0.022,0.227,6.2,faible,neutre,jazz_family,0.223261,low_energy,0.151708,chill,0.7130000000000001,organic,0.44410000000000005,0.6869000000000001,0.7558,soiree_calme,soiree_travail,calme_travail,0.06603114285714286,homogeneous,0.09526493799323561,niche
0dgdDB39uUoC8WICmTE2U8,Jazzy,No Bad Vibes,jazz,apres_midi,ensoleille,detente,romantique,couple,maison,129,0.671,0.84,0.634,0.761,0.755,0.05,0.155,8.4,faible,positive,jazz_family,0.56364,moderate_energy,0.425414,chill,0.758,organic,0.7106,0.6295999999999999,0.7958000000000001,apres_midi_romantique,apres_midi_detente,romantique_detente,0.09972190476190475,balanced,0.2450206689214581,niche
6Z1TYllQ31HlIGhxX7zI6k,Moses Wilde.,Jazz,jazz,nuit,neutre,travail,calme,couple,bureau,113,0.36,0.601,0.389,0.851,0.668,0.073,0.333,6.2,faible,positive,jazz_family,0.21636,low_energy,0.14004,chill,0.7595000000000001,organic,0.44099999999999995,0.7328,0.7746999999999999,nuit_calme,nuit_travail,calme_travail,0.06608880952380952,homogeneous,0.13585118376550168,niche
4fdftRy6Gon68yCvJzOtYo,Caramelos De Cianuro,Jazz,jazz,apres_midi,neutre,detente,romantique,couple,restaurant,131,0.597,0.764,0.661,0.748,0.3,0.051,0.11,6.8,faible,positive,jazz_family,0.456108,low_energy,0.394617,chill,0.524,organic,0.6663,0.5101,0.5641999999999999,apres_midi_romantique,apres_midi_detente,romantique_detente,0.09164895238095239,balanced,0.2658774896655393,niche
0DsbijUjURPgkffxhfkrfJ,Copenhagen untd.,Jazzy Cigarette,jazz,apres_midi,neutre,detente,romantique,couple,maison,113,0.506,0.741,0.661,0.757,0.375,0.043,0.083,7.6,faible,positive,jazz_family,0.374946,low_energy,0.33446600000000004,chill,0.5660000000000001,organic,0.623,0.5635,0.606,apres_midi_romantique,apres_midi_detente,romantique_detente,0.08875223809523809,balanced,0.27865464111236377,mainstream
2QU2YbkhokmjI0dC4AlSU9,johnboybeats,JAzZ,jazz,apres_midi,neutre,detente,romantique,couple,maison,133,0.565,0.704,0.517,0.516,0.755,0.043,0.12,6.8,faible,positive,jazz_family,0.39775999999999995,low_energy,0.292105,chill,0.6355,organic,0.5922999999999999,0.5634,0.7237,apres_midi_romantique,apres_midi_detente,romantique_detente,0.07557666666666667,homogeneous,0.27865464111236377,mainstream
7g4Cd8Cti1eHrcTyDXPfYP,Kyung dasom,JAZZ,jazz,apres_midi,neutre,detente,romantique,couple,restaurant,128,0.592,0.689,0.608,0.537,0.596,0.05,0.1,6.9,faible,positive,jazz_family,0.407888,low_energy,0.359936,chill,0.5665,organic,0.6259,0.516,0.6491,apres_midi_romantique,apres_midi_detente,romantique_detente,0.06892747619047618,homogeneous,0.2658774896655393,niche
3n3gfS8H6kpyqF2x5vUdLT,Red Brick Lane,Jazz Odyssey,jazz,apres_midi,neutre,detente,romantique,couple,restaurant,110,0.63,0.796,0.764,0.821,0.487,0.049,0.323,7.6,faible,positive,jazz_family,0.50148,low_energy,0.48132,chill,0.6539999999999999,organic,0.72,0.5855,0.6799999999999999,apres_midi_romantique,apres_midi_detente,romantique_detente,0.08209914285714284,homogeneous,0.2658774896655393,niche
64OJBvUoBussjz3u8hNg2m,Louie Zong,Jazz,jazz,apres_midi,neutre,detente,romantique,couple,maison,115,0.475,0.767,0.66,0.555,0.702,0.035,0.165,6.2,faible,positive,jazz_family,0.364325,low_energy,0.3135,chill,0.6285000000000001,organic,0.6181,0.5901000000000001,0.7104999999999999,apres_midi_romantique,apres_midi_detente,romantique_detente,0.0778254761904762,homogeneous,0.27865464111236377,mainstream
4JsFiWQgbHAERpa7k6Plsc,Roni Size,Jazz,jazz,apres_midi,neutre,detente,romantique,couple,restaurant,123,0.64,0.678,0.703,0.615,0.788,0.071,0.094,7.0,faible,positive,jazz_family,0.43392000000000003,low_energy,0.44992,chill,0.7015,organic,0.6703,0.5904,0.7643,apres_midi_romantique,apres_midi_detente,romantique_detente,0.0894012380952381,balanced,0.2658774896655393,niche
4DK3JpX2NkEMhCnltUEvUg,Mason Williams,Classical Gas,classical,soiree,neutre,travail,calme,seul,bureau,71,0.332,0.535,0.361,0.746,0.721,0.063,0.263,7.1,faible,neutre,classical_family,0.17762000000000003,low_energy,0.119852,chill,0.7335,organic,0.40159999999999996,0.7151,0.7717,soiree_calme,soiree_travail,calme_travail,0.06208128571428571,homogeneous,0.09526493799323561,niche
0g8zASF1mldclJswQ0IQYJ,Lullaby Time,Classical Baby,classical,nuit,neutre,travail,calme,seul,bureau,60,0.225,0.549,0.352,0.737,0.686,0.033,0.255,7.1,faible,neutre,classical_family,0.12352500000000001,low_energy,0.07919999999999999,chill,0.7115,organic,0.3603,0.7331,0.7575000000000001,nuit_calme,nuit_travail,calme_travail,0.06766890476190476,homogeneous,0.09507703870725288,niche
1cmigB9I6IRpFqjIbzvSQB,Claude Debussy,"Suite bergamasque, L. 75: III. Clair de lune",pop,weekend,ensoleille,fete,joyeux,amis,exterieur,129,0.733,0.921,0.822,0.413,0.316,0.071,0.195,8.1,moderee,positive,pop_family,0.675093,high_energy,0.602526,moderate_party,0.3645,mixed,0.8161,0.3401,0.4677,weekend_joyeux,weekend_fete,joyeux_fete,0.10893080952380951,balanced,0.23581360390830516,niche
1DfGPEHxTYeaJpiNA4xUb5,Ludwig van Beethoven,Für Elise,pop,apres_midi,neutre,detente,romantique,couple,restaurant,123,0.601,0.687,0.566,0.536,0.207,0.076,0.299,8.1,faible,positive,pop_family,0.412887,low_energy,0.34016599999999997,chill,0.3715,mixed,0.6163000000000001,0.39620000000000005,0.4491,apres_midi_romantique,apres_midi_detente,romantique_detente,0.05283695238095238,homogeneous,0.2658774896655393,niche
61dYvvfIRtIDFuqZypPAta,Johann Sebastian Bach,"Cello Suite No. 1 in G Major, BWV 1007: I. Prélude",pop,journee,ensoleille,sport,energique,groupe,salle_sport,142,0.867,0.797,0.749,0.493,0.027,0.067,0.239,8.0,elevee,positive,pop_family,0.690999,high_energy,0.649383,moderate_party,0.26,electronic,0.8106,0.2452,0.34800000000000003,journee_energique,journee_sport,energique_sport,0.1257592380952381,diverse,0.2696354753851935,mainstream
6JyihARD2zGUa4uB4NfQiv,Pyotr Ilyich Tchaikovsky,"Swan Lake (Suite), Op. 20a, TH.219: I. Scene - Swan Theme",pop,journee,neutre,sport,motive,amis,exterieur,138,0.795,0.765,0.774,0.621,0.065,0.106,0.259,8.1,moderee,positive,pop_family,0.608175,moderate_energy,0.61533,moderate_party,0.34299999999999997,electronic,0.7797000000000001,0.3294,0.3976,journee_motive,journee_sport,motive_sport,0.10793661904761905,balanced,0.34272829763246904,very_popular
77oGPqxT7yDZ5OCRmR863C,Marcin,Classical Dragon (feat. Tim Henson),classical,nuit,neutre,travail,calme,couple,bureau,63,0.274,0.64,0.482,0.9,0.578,0.04,0.26,6.7,faible,positive,classical_family,0.17536000000000002,low_energy,0.13206800000000002,chill,0.739,organic,0.4462,0.7512000000000001,0.7509999999999999,nuit_calme,nuit_travail,calme_travail,0.08185028571428571,homogeneous,0.13585118376550168,niche
23lDDFpPqVktmCcUhc0ytw,Wolfgang Amadeus Mozart,Requiem: K. 626: Lacrimosa,pop,weekend,chaud,sport,joyeux,amis,exterieur,147,0.81,0.933,0.758,0.52,0.017,0.043,0.119,7.7,elevee,positive,pop_family,0.7557300000000001,high_energy,0.6139800000000001,moderate_party,0.2685,electronic,0.8313000000000001,0.2701,0.3559,weekend_joyeux,weekend_sport,joyeux_sport,0.15416580952380954,diverse,0.3032694475760992,very_popular
4DlGLD32K7shuL8ub067DL,Vampire Weekend,Classical,classical,apres_midi,neutre,detente,romantique,couple,maison,91,0.429,0.631,0.456,0.547,0.366,0.061,0.069,7.5,faible,positive,classical_family,0.270699,low_energy,0.195624,chill,0.4565,organic,0.49770000000000003,0.4999,0.5348999999999999,apres_midi_romantique,apres_midi_detente,romantique_detente,0.04938128571428572,homogeneous,0.27865464111236377,mainstream
2xizRhme7pYeITbH1NLLGt,Pyotr Ilyich Tchaikovsky,"Tchaikovsky: Swan Lake, Op. 20, Act 2: No. 10, Scene. Moderato",pop,journee,chaud,conduite,energique,couple,voiture,123,0.826,0.757,0.682,0.615,0.368,0.051,0.299,8.3,elevee,positive,pop_family,0.625282,high_energy,0.563332,moderate_party,0.4915,organic,0.7621,0.4086,0.5583,journee_energique,journee_conduite,energique_conduite,0.07945466666666666,homogeneous,0.20443442314919205,niche
0jOnZhF75V68VsBObWx2XO,Camille Saint-Saëns,"The Carnival of the Animals, R. 125: XIII. The Swan (Arr. for Cello and Piano)",pop,apres_midi,ensoleille,conduite,neutre,amis,voiture,131,0.635,0.949,0.634,0.421,0.031,0.037,0.321,7.6,faible,positive,pop_family,0.602615,moderate_energy,0.40259,chill,0.22599999999999998,electronic,0.7289,0.28719999999999996,0.3344,apres_midi_neutre,apres_midi_conduite,neutre_conduite,0.11309461904761907,diverse,0.209695603156708,niche
6kf7ZCJjEbjZXikivKOsvJ,Claude Debussy,Clair de lune,pop,weekend,ensoleille,fete,joyeux,groupe,exterieur,124,0.708,0.805,0.825,0.585,0.138,0.096,0.2,8.2,moderee,positive,pop_family,0.56994,moderate_energy,0.5841,moderate_party,0.3615,mixed,0.7722,0.363,0.4253,weekend_joyeux,weekend_fete,joyeux_fete,0.10507961904761905,balanced,0.21683577602405113,niche
40gRh2ZURv5tYBo8yB9Lu3,Ludwig van Beethoven,"Piano Sonata No. 14 in C-Sharp Minor, Op. 27 No. 2 ""Moonlight"": I. Adagio sostenuto",pop,weekend,ensoleille,sport,joyeux,groupe,salle_sport,139,0.789,0.825,0.708,0.477,0.069,0.038,0.148,8.2,moderee,positive,pop_family,0.650925,high_energy,0.558612,chill,0.273,electronic,0.7755,0.2748,0.37,weekend_joyeux,weekend_sport,joyeux_sport,0.12127190476190476,diverse,0.2732055618188651,mainstream
6MzbO6YS0M6tjwT93hjAl0,Sigvaldi Kaldalóns,Ave María (Arr. Víkingur Ólafsson) - Upright Piano,pop,journee,neutre,sport,motive,amis,exterieur,144,0.801,0.663,0.787,0.704,0.354,0.061,0.338,8.1,moderee,positive,pop_family,0.5310630000000001,moderate_energy,0.630387,moderate_party,0.5289999999999999,organic,0.7554,0.4475,0.5760000000000001,journee_motive,journee_sport,motive_sport,0.0792092380952381,homogeneous,0.34272829763246904,very_popular
4b7FS62swyDhSMk7TBxL57,Mason Williams,Classical Gas,classical,soiree,pluvieux,loisir,nostalgique,seul,maison,73,0.492,0.414,0.461,0.833,0.527,0.027,0.246,6.8,faible,neutre,classical_family,0.20368799999999998,low_energy,0.226812,chill,0.6799999999999999,organic,0.4593,0.6437,0.708,soiree_nostalgique,soiree_loisir,nostalgique_loisir,0.06218828571428572,homogeneous,0.06426155580608793,niche
5u5aVJKjSMJr4zesMPz7bL,Claude Debussy,"Clair de Lune, L. 32",pop,journee,neutre,sport,motive,amis,exterieur,152,0.801,0.681,0.745,0.611,0.077,0.116,0.305,8.4,moderee,positive,pop_family,0.5454810000000001,moderate_energy,0.5967450000000001,moderate_party,0.344,electronic,0.7482000000000001,0.3272,0.3986,journee_motive,journee_sport,motive_sport,0.09271261904761906,balanced,0.34272829763246904,very_popular
4wKob4SjImqLpFqr8ygpgz,Alberto Giurioli,Istanbul,pop,apres_midi,neutre,detente,romantique,couple,maison,126,0.617,0.679,0.61,0.516,0.274,0.058,0.125,8.1,faible,positive,pop_family,0.418943,low_energy,0.37637,chill,0.395,mixed,0.6335000000000001,0.4035,0.4802,apres_midi_romantique,apres_midi_detente,romantique_detente,0.06500990476190477,homogeneous,0.27865464111236377,mainstream
6XzyCjS2Z2zgGIAk1p5nKB,Gucci Mane,Classical - Intro,classical,nuit,neutre,etude,calme,seul,bureau,71,0.217,0.476,0.236,0.671,0.421,0.054,0.209,6.1,faible,neutre,classical_family,0.103292,low_energy,0.051211999999999994,chill,0.546,organic,0.3004,0.6296,0.601,nuit_calme,nuit_etude,calme_etude,0.043033904761904766,homogeneous,0.09582863585118377,niche
72a7BreUstd8JSHbPyMr0d,Alexis Ffrench,Once,pop,apres_midi,neutre,detente,romantique,couple,restaurant,139,0.61,0.777,0.736,0.777,0.197,0.07,0.154,8.1,faible,positive,pop_family,0.47397,low_energy,0.44895999999999997,chill,0.487,organic,0.6979,0.4869,0.5176000000000001,apres_midi_romantique,apres_midi_detente,romantique_detente,0.10218361904761906,balanced,0.2658774896655393,niche
5NILhtaOQF1sny3pE5lriu,Chad Lawson,Sanctuary,pop,journee,neutre,cuisine,motive,famille,maison,122,0.703,0.71,0.799,0.542,0.259,0.113,0.138,8.3,moderee,positive,pop_family,0.49912999999999996,low_energy,0.561697,chill,0.4005,mixed,0.7339,0.38360000000000005,0.46950000000000003,journee_motive,journee_cuisine,motive_cuisine,0.08456857142857144,homogeneous,0.23449830890642612,niche
4PGrQH5eUSlo8CxdUHRDx3,Tommy Emmanuel,Classical Gas - Live,classical,soiree,froid,etude,calme,seul,bibliotheque,61,0.313,0.441,0.387,0.727,0.619,0.063,0.326,6.2,faible,neutre,classical_family,0.138033,low_energy,0.121131,chill,0.673,organic,0.37360000000000004,0.6826,0.715,soiree_calme,soiree_etude,calme_etude,0.04708814285714285,homogeneous,0.020293122886133032,niche
4QzZVJc6qPTtTkPem7qZRo,Laurindo Almeida,The Lamp Is Low,pop,apres_midi,neutre,cuisine,neutre,famille,maison,118,0.691,0.725,0.793,0.407,0.349,0.074,0.262,8.5,moderee,positive,pop_family,0.500975,low_energy,0.547963,chill,0.378,mixed,0.7318,0.36019999999999996,0.4818,apres_midi_neutre,apres_midi_cuisine,neutre_cuisine,0.0728112857142857,homogeneous,0.22003006388575722,niche
70EAyoNV7Coaw5ACubFL3F,Erik Satie,Gymnopédie No.1,pop,apres_midi,ensoleille,detente,romantique,amis,maison,132,0.688,0.903,0.846,0.73,0.22,0.072,0.273,7.8,moderee,positive,pop_family,0.6212639999999999,moderate_energy,0.5820479999999999,moderate_party,0.475,organic,0.7998999999999998,0.4516,0.5146000000000001,apres_midi_romantique,apres_midi_detente,romantique_detente,0.11263214285714285,diverse,0.2553551296505073,niche
6UjiABdNRhHLMWFvRDZSVD,Bad Wolves,Classical,classical,soiree,froid,etude,calme,seul,bureau,69,0.316,0.419,0.295,0.785,0.322,0.066,0.317,6.1,faible,neutre,classical_family,0.132404,low_energy,0.09322,chill,0.5535,organic,0.3406,0.6158,0.5832999999999999,soiree_calme,soiree_etude,calme_etude,0.046666000000000006,homogeneous,0.021796317173994734,niche
2MSgFefjK0T7Iwjvr3OKqV,Frédéric Chopin,"Chopin: Nocturne No. 20 in C-Sharp Minor, Op. Posth.",pop,apres_midi,neutre,detente,romantique,couple,restaurant,134,0.664,0.706,0.618,0.631,0.049,0.105,0.103,8.4,faible,positive,pop_family,0.468784,low_energy,0.410352,chill,0.34,electronic,0.6628,0.3679,0.39280000000000004,apres_midi_romantique,apres_midi_detente,romantique_detente,0.09363780952380951,balanced,0.2658774896655393,niche
3oXl4DnBBGeGhXjHmSSMpU,RIOPY,Lily’s Lullaby,pop,journee,neutre,sport,motive,amis,exterieur,135,0.715,0.723,0.633,0.417,0.037,0.116,0.31,8.0,moderee,positive,pop_family,0.516945,moderate_energy,0.45259499999999997,chill,0.22699999999999998,electronic,0.6928,0.2634,0.3204,journee_motive,journee_sport,motive_sport,0.07923328571428571,homogeneous,0.34272829763246904,very_popular
4SPJDte2kZKgY1Dw2yzmkK,Funddss,Classical,classical,matin,neutre,loisir,neutre,amis,maison,93,0.487,0.594,0.517,0.624,0.699,0.05,0.278,6.7,faible,neutre,classical_family,0.289278,low_energy,0.251779,chill,0.6615,organic,0.5281,0.6132,0.7266999999999999,matin_neutre,matin_loisir,neutre_loisir,0.05117580952380952,homogeneous,0.21213829387448327,niche
1VNvsvEsUpuUCbHpVop1vo,Frédéric Chopin,"Nocturne No. 2 in E-Flat Major, Op. 9 No. 2",pop,weekend,ensoleille,sport,joyeux,amis,exterieur,144,0.808,0.803,0.746,0.48,0.128,0.069,0.122,8.2,moderee,positive,pop_family,0.6488240000000001,high_energy,0.6027680000000001,moderate_party,0.304,electronic,0.7879,0.288,0.3942,weekend_joyeux,weekend_sport,joyeux_sport,0.11628547619047619,diverse,0.30176625328823753,very_popular
3IKzcR0MRKVJ5QRjX0EU4m,Pyotr Ilyich Tchaikovsky,"Swan Lake (Suite), Op. 20a, TH.219: 3. Scene - Danse de Petits Cygnes",pop,weekend,chaud,sport,joyeux,groupe,exterieur,148,0.82,0.889,0.938,0.628,0.039,0.084,0.128,7.6,elevee,positive,pop_family,0.72898,high_energy,0.76916,high_party,0.3335,electronic,0.8760999999999999,0.3169,0.3911,weekend_joyeux,weekend_sport,joyeux_sport,0.16430223809523808,diverse,0.2842916196918452,mainstream
2Gkwgols6E2yZmBMKeiSRI,Rukkus,Classical,classical,matin,neutre,loisir,neutre,amis,maison,85,0.407,0.526,0.348,0.664,0.414,0.043,0.27,6.4,faible,neutre,classical_family,0.214082,low_energy,0.14163599999999998,chill,0.539,organic,0.425,0.5677,0.5976,matin_neutre,matin_loisir,neutre_loisir,0.03842157142857144,homogeneous,0.21213829387448327,niche
3zLTPuucd3e6TxZnu2dlVS,Ludwig van Beethoven,"Bagatelle No. 25 in A Minor, WoO 59 ""Für Elise""",pop,weekend,ensoleille,sport,joyeux,amis,salle_sport,133,0.73,0.907,0.76,0.603,0.252,0.052,0.152,8.0,moderee,positive,pop_family,0.66211,high_energy,0.5548,chill,0.4275,mixed,0.7921,0.3978,0.49649999999999994,weekend_joyeux,weekend_sport,joyeux_sport,0.11329890476190478,diverse,0.29218338970311913,mainstream
7EqkO7UDHveqXYzPrOZYei,Eunike Tanzil,Be My Home,pop,weekend,chaud,conduite,joyeux,couple,voiture,124,0.789,0.904,0.739,0.654,0.249,0.089,0.317,7.5,moderee,positive,pop_family,0.713256,high_energy,0.583071,moderate_party,0.4515,organic,0.8085,0.39959999999999996,0.5029,weekend_joyeux,weekend_conduite,joyeux_conduite,0.09744795238095239,balanced,0.20800450958286362,niche
2munHzvVYjZhAa4lj26wcR,Bad Wolves,Classical,classical,apres_midi,neutre,loisir,neutre,famille,maison,81,0.4,0.436,0.408,0.595,0.571,0.049,0.319,6.2,faible,neutre,classical_family,0.1744,low_energy,0.1632,chill,0.583,organic,0.4132,0.5892999999999999,0.6542,apres_midi_neutre,apres_midi_loisir,neutre_loisir,0.03305314285714286,homogeneous,0.21758737316798193,niche
6arrU1T4UsoX40PsOD5Hf2,Nursery Rhymes ABC,Moonlight Sonata,pop,journee,neutre,sport,motive,groupe,salle_sport,132,0.786,0.718,0.819,0.36,0.192,0.043,0.339,8.3,moderee,positive,pop_family,0.564348,moderate_energy,0.643734,moderate_party,0.276,electronic,0.7755000000000001,0.2658,0.39540000000000003,journee_motive,journee_sport,motive_sport,0.0953132380952381,balanced,0.3141676061630966,very_popular
6RLwSsknomGUcImWZePZqa,Aram Khachaturian,Masquerade Suite: Waltz,pop,apres_midi,neutre,detente,romantique,couple,restaurant,118,0.668,0.722,0.664,0.582,0.105,0.081,0.101,7.8,faible,positive,pop_family,0.482296,low_energy,0.44355200000000006,chill,0.34349999999999997,electronic,0.683,0.3639,0.4109,apres_midi_romantique,apres_midi_detente,romantique_detente,0.09239228571428572,balanced,0.2658774896655393,niche
37ruL0882SPad6hYhZg6CO,Fartsdump,Classical,classical,matin,neutre,detente,romantique,couple,maison,91,0.47,0.656,0.437,0.9,0.319,0.02,0.21,6.5,faible,positive,classical_family,0.30832,low_energy,0.20539,chill,0.6095,organic,0.5159,0.6147,0.6255,matin_romantique,matin_detente,romantique_detente,0.08374090476190477,homogeneous,0.2318677189026682,niche
4o7mO8eVYu0vgNBWq3DFIE,Claude Debussy,Bruyères,pop,apres_midi,chaud,conduite,neutre,famille,voiture,133,0.667,0.878,0.764,0.424,0.127,0.077,0.277,7.1,faible,positive,pop_family,0.585626,moderate_energy,0.509588,chill,0.27549999999999997,electronic,0.7594,0.3076,0.37529999999999997,apres_midi_neutre,apres_midi_conduite,neutre_conduite,0.10039114285714286,balanced,0.1698609545283728,niche
11mMxszI9b0Q7THI49jbkE,Plínio Fernandes,"Comptine d'un autre été : L'Après-midi (Arr. for Guitar by Sérgio Assad) - From ""Amélie""",pop,weekend,ensoleille,sport,joyeux,amis,exterieur,144,0.817,0.905,0.844,0.469,0.283,0.074,0.223,7.6,elevee,positive,pop_family,0.739385,high_energy,0.6895479999999999,moderate_party,0.376,mixed,0.8514999999999999,0.32739999999999997,0.46740000000000004,weekend_joyeux,weekend_sport,joyeux_sport,0.11453595238095238,diverse,0.30176625328823753,very_popular
6dNKx9NU6ad6y9qlRqBbTy,X Prod,Classical,classical,soiree,neutre,etude,calme,seul,bureau,70,0.315,0.593,0.49,0.63,0.554,0.057,0.235,6.2,faible,neutre,classical_family,0.186795,low_energy,0.15435,chill,0.5920000000000001,organic,0.45089999999999997,0.6237,0.6546000000000001,soiree_calme,soiree_etude,calme_etude,0.04554695238095238,homogeneous,0.09601653513716646,niche
2RztWBKimZvrud9sX0x7rm,Johann Sebastian Bach,"Violin Concerto in E Major, BWV 1042: III. Allegro assai",pop,weekend,ensoleille,conduite,joyeux,famille,voiture,116,0.726,0.881,0.765,0.517,0.024,0.072,0.322,7.1,moderee,positive,pop_family,0.639606,high_energy,0.5553899999999999,chill,0.2705,electronic,0.7842,0.2962,0.3527,weekend_joyeux,weekend_conduite,joyeux_conduite,0.11714561904761904,diverse,0.17549793310785422,niche
4vGAA5ZOgkD0mNJOEfNG0L,Pyotr Ilyich Tchaikovsky,"Swan Lake (Suite), Op. 20a, TH.219: 2. Scene - Valse in A Major",pop,apres_midi,ensoleille,detente,romantique,couple,maison,123,0.638,0.853,0.67,0.789,0.067,0.078,0.19,7.3,faible,positive,pop_family,0.544214,moderate_energy,0.42746,chill,0.42800000000000005,mixed,0.7121,0.44430000000000003,0.4546,apres_midi_romantique,apres_midi_detente,romantique_detente,0.11852390476190476,diverse,0.2450206689214581,niche
1uOpGeKg6ikCb9YM2Hgbpb,The Sundays,Folk Song,folk,nuit,neutre,etude,calme,couple,bibliotheque,94,0.389,0.749,0.495,0.698,0.057,0.053,0.194,6.8,faible,positive,folk_family,0.29136100000000004,low_energy,0.192555,chill,0.3775,mixed,0.5288,0.4796,0.4273,nuit_calme,nuit_etude,calme_etude,0.08272595238095239,homogeneous,0.13509958662157082,niche
3hUxzQpSfdDqwM3ZTFQY0K,Taylor Swift,august,pop,weekend,chaud,sport,joyeux,amis,exterieur,154,0.862,0.917,0.896,0.641,0.363,0.056,0.309,8.5,elevee,positive,pop_family,0.790454,high_energy,0.772352,high_party,0.502,organic,0.8886999999999999,0.4067,0.5626,weekend_joyeux,weekend_sport,joyeux_sport,0.11528990476190477,diverse,0.3032694475760992,very_popular
7bNQvH1gTydxfIetHX3WGC,Panic! At The Disco,Folkin' Around,folk,soiree,neutre,travail,calme,couple,bureau,96,0.328,0.725,0.436,0.9,0.034,0.047,0.156,6.5,faible,positive,folk_family,0.2378,low_energy,0.143008,chill,0.467,organic,0.47950000000000004,0.5718,0.4776,soiree_calme,soiree_travail,calme_travail,0.11264680952380951,diverse,0.13603908305148438,niche
4R2kfaDFhslZEMJqAFNpdd,Taylor Swift,cardigan,pop,apres_midi,chaud,detente,romantique,couple,restaurant,116,0.679,0.925,0.711,0.701,0.384,0.067,0.083,8.4,faible,positive,pop_family,0.628075,high_energy,0.482769,chill,0.5425,organic,0.7624,0.4919,0.5889,apres_midi_romantique,apres_midi_detente,romantique_detente,0.11201080952380953,balanced,0.2337467117624953,niche
2fcYfbgSqHDyYoSL2l0Osb,Hideyuki Hashimoto,Folk,folk,matin,neutre,loisir,neutre,seul,maison,116,0.451,0.57,0.566,0.724,0.138,0.071,0.166,6.9,faible,neutre,folk_family,0.25706999999999997,low_energy,0.255266,chill,0.431,organic,0.5211999999999999,0.49570000000000003,0.47200000000000003,matin_neutre,matin_loisir,neutre_loisir,0.06563623809523808,homogeneous,0.16102968808718524,niche
4dyx5SzxPPaD8xQIid5Wjj,Peter Bjorn and John,Young Folks,folk,nuit,chaud,etude,calme,couple,bibliotheque,100,0.354,0.826,0.457,0.797,0.22,0.067,0.33,7.4,faible,positive,folk_family,0.29240399999999994,low_energy,0.161778,chill,0.5085000000000001,organic,0.5265,0.5786,0.5357000000000001,nuit_calme,nuit_etude,calme_etude,0.0806064761904762,homogeneous,0.10296880871852686,niche
49ZSFxuPS4RMYMwfil2trX,Nassri,Folk,folk,nuit,froid,etude,calme,seul,bureau,91,0.332,0.589,0.331,0.707,0.292,0.071,0.262,6.3,faible,neutre,folk_family,0.195548,low_energy,0.10989200000000002,chill,0.49949999999999994,organic,0.4088,0.5708,0.5439,nuit_calme,nuit_etude,calme_etude,0.04527314285714285,homogeneous,0.021608417888012026,niche
1MgV7FIyNxIG7WzMRJV5HC,Taylor Swift,my tears ricochet,pop,journee,chaud,sport,energique,groupe,exterieur,143,0.923,0.716,0.874,0.471,0.279,0.104,0.326,8.5,elevee,positive,pop_family,0.660868,high_energy,0.806702,high_party,0.375,mixed,0.8462,0.2952,0.46,journee_energique,journee_sport,energique_sport,0.09948561904761904,balanced,0.2807215332581736,mainstream
6wTPFOm5KMpO84GXcBAWvU,AIKON,Folk,folk,soiree,neutre,travail,calme,couple,bureau,103,0.374,0.727,0.52,0.604,0.055,0.077,0.117,6.2,faible,positive,folk_family,0.271898,low_energy,0.19448000000000001,chill,0.3295,electronic,0.5236999999999999,0.4459,0.3933,soiree_calme,soiree_travail,calme_travail,0.07531361904761903,homogeneous,0.13603908305148438,niche
4pvb0WLRcMtbPGmtejJJ6y,Taylor Swift,exile (feat. Bon Iver),pop,weekend,ensoleille,sport,joyeux,amis,salle_sport,145,0.873,0.848,0.76,0.355,0.263,0.041,0.261,8.3,elevee,positive,pop_family,0.740304,high_energy,0.66348,moderate_party,0.309,electronic,0.8315999999999999,0.259,0.42979999999999996,weekend_joyeux,weekend_sport,joyeux_sport,0.11190480952380953,balanced,0.29218338970311913,mainstream
26rk3x8uh1Xtq5RCvBstMB,Tram,Folk,folk,soiree,froid,etude,calme,couple,bureau,97,0.325,0.679,0.383,0.9,0.293,0.054,0.058,5.5,faible,positive,folk_family,0.220675,low_energy,0.124475,chill,0.5965,organic,0.4486,0.6504,0.6057,soiree_calme,soiree_etude,calme_etude,0.0967029523809524,balanced,0.06257046223224351,niche
0Jlcvv8IykzHaSmj49uNW8,Taylor Swift,the 1,pop,weekend,ensoleille,sport,joyeux,amis,exterieur,132,0.839,0.861,0.722,0.443,0.291,0.082,0.209,8.3,elevee,positive,pop_family,0.722379,high_energy,0.6057579999999999,moderate_party,0.367,mixed,0.8105,0.3128,0.46199999999999997,weekend_joyeux,weekend_sport,joyeux_sport,0.10007661904761904,balanced,0.30176625328823753,very_popular
19R61PjvSy7OBegMWOu6rF,Hideyuki Hashimoto,Folk,folk,apres_midi,neutre,detente,romantique,couple,restaurant,115,0.519,0.705,0.507,0.585,0.313,0.068,0.103,6.5,faible,positive,folk_family,0.36589499999999997,low_energy,0.263133,chill,0.44899999999999995,organic,0.5712,0.47219999999999995,0.5184,apres_midi_romantique,apres_midi_detente,romantique_detente,0.059810333333333326,homogeneous,0.2658774896655393,niche
2NmsngXHeC1GQ9wWrzhOMf,Taylor Swift,illicit affairs,pop,journee,chaud,sport,energique,groupe,exterieur,134,0.839,0.758,0.73,0.49,0.275,0.112,0.301,8.5,elevee,positive,pop_family,0.635962,high_energy,0.61247,moderate_party,0.3825,mixed,0.782,0.32680000000000003,0.46209999999999996,journee_energique,journee_sport,energique_sport,0.07920857142857142,homogeneous,0.2807215332581736,mainstream
6AxswBAdaGtL7okfOCRVg1,Sens,folk,folk,apres_midi,neutre,detente,romantique,couple,restaurant,103,0.553,0.716,0.588,0.764,0.188,0.037,0.165,6.1,faible,positive,folk_family,0.395948,low_energy,0.325164,chill,0.476,organic,0.6124,0.4961,0.5158,apres_midi_romantique,apres_midi_detente,romantique_detente,0.08611380952380954,homogeneous,0.2658774896655393,niche
6VsvKPJ4xjVNKpI8VVZ3SV,Taylor Swift,invisible string,pop,apres_midi,ensoleille,cuisine,neutre,amis,parc,130,0.656,0.91,0.643,0.453,0.097,0.094,0.074,8.1,faible,positive,pop_family,0.59696,moderate_energy,0.421808,chill,0.275,electronic,0.7283000000000001,0.3135,0.36560000000000004,apres_midi_neutre,apres_midi_cuisine,neutre_cuisine,0.1128184761904762,diverse,0.19710635099586618,niche
2Kwzf7pXy39kpR883WyThi,Lototskiy,Folk,folk,nuit,neutre,etude,calme,couple,bureau,91,0.358,0.783,0.52,0.9,0.207,0.046,0.159,5.6,faible,positive,folk_family,0.280314,low_energy,0.18616,chill,0.5535,organic,0.5341,0.6147,0.5643,nuit_calme,nuit_etude,calme_etude,0.10487057142857147,balanced,0.13660278090943254,niche
7kt9e9LFSpN1zQtYEl19o1,Taylor Swift,this is me trying,pop,weekend,chaud,fete,joyeux,groupe,club,126,0.834,0.95,0.91,0.371,0.4,0.071,0.107,8.1,elevee,positive,pop_family,0.7922999999999999,high_energy,0.75894,high_party,0.3855,mixed,0.8916,0.31820000000000004,0.49710000000000004,weekend_joyeux,weekend_fete,joyeux_fete,0.14072761904761902,diverse,0.1758737316798196,niche
1NKnPxWXjoPEITozVtxUSM,Sugarplastic,Folk,folk,nuit,ensoleille,travail,calme,couple,bureau,93,0.375,0.848,0.469,0.874,0.143,0.033,0.111,5.1,faible,positive,folk_family,0.318,low_energy,0.175875,chill,0.5085,organic,0.5450999999999999,0.5800000000000001,0.5271,nuit_calme,nuit_travail,calme_travail,0.1191039523809524,diverse,0.102217211574596,niche
0ZNU020wNYvgW84iljPkPP,Taylor Swift,mirrorball,pop,journee,ensoleille,sport,energique,groupe,salle_sport,138,0.805,0.712,0.681,0.605,0.22,0.038,0.177,8.5,moderee,positive,pop_family,0.57316,moderate_energy,0.548205,chill,0.4125,mixed,0.7399000000000001,0.3665,0.4839,journee_energique,journee_sport,energique_sport,0.09468695238095239,balanced,0.2696354753851935,mainstream
4w2VlfBbuY6XiMemCoDi7d,Lunatic Souls,Folk,folk,matin,neutre,detente,romantique,couple,restaurant,120,0.413,0.749,0.491,0.791,0.282,0.025,0.222,5.5,faible,positive,folk_family,0.309337,low_energy,0.202783,chill,0.5365,organic,0.5372,0.5771,0.5732999999999999,matin_romantique,matin_detente,romantique_detente,0.07751490476190477,homogeneous,0.21909056745584368,niche
2Eeur20xVqfUoM3Q7EFPFt,Taylor Swift,the last great american dynasty,pop,weekend,chaud,fete,joyeux,groupe,club,115,0.83,0.808,0.871,0.451,0.379,0.116,0.172,8.3,elevee,positive,pop_family,0.67064,high_energy,0.72293,high_party,0.41500000000000004,mixed,0.8356999999999999,0.3451,0.5016,weekend_joyeux,weekend_fete,joyeux_fete,0.10186380952380952,balanced,0.1758737316798196,niche
0zFaU5c5n6avS53A9GMdHw,Alan Berlin,Folk,folk,nuit,neutre,etude,calme,couple,bibliotheque,103,0.374,0.691,0.42,0.755,0.297,0.043,0.058,5.5,faible,positive,folk_family,0.258434,low_energy,0.15708,chill,0.526,organic,0.4829,0.5789,0.5664,nuit_calme,nuit_etude,calme_etude,0.07717580952380952,homogeneous,0.13509958662157082,niche
5kI4eCXXzyuIUXjQra0Cxi,Taylor Swift,betty,pop,journee,chaud,sport,energique,groupe,salle_sport,140,0.862,0.799,0.872,0.474,0.042,0.078,0.051,8.3,elevee,positive,pop_family,0.6887380000000001,high_energy,0.751664,high_party,0.258,electronic,0.8461000000000001,0.24359999999999998,0.3476,journee_energique,journee_sport,energique_sport,0.15569033333333335,diverse,0.2711386696730552,mainstream
401pp3i4Cvth63rXH8ZLXO,ProLuxeStudio,Folk,folk,soiree,neutre,travail,calme,couple,bureau,93,0.386,0.638,0.542,0.876,0.169,0.053,0.087,5.7,faible,positive,folk_family,0.24626800000000001,low_energy,0.209212,chill,0.5225,organic,0.5084,0.5853,0.5367,soiree_calme,soiree_travail,calme_travail,0.09582933333333334,balanced,0.13603908305148438,niche
6KJqZcs9XDgVck7Lg9QOTC,Taylor Swift,seven,pop,weekend,ensoleille,sport,joyeux,groupe,exterieur,138,0.854,0.878,0.843,0.664,0.371,0.103,0.07,8.1,elevee,positive,pop_family,0.749812,high_energy,0.719922,high_party,0.5175000000000001,organic,0.8579,0.4207,0.5641,weekend_joyeux,weekend_sport,joyeux_sport,0.1267422857142857,diverse,0.28278842540398347,mainstream
2qHNZcDPN8Wvcb3tOJTdPV,Wako,Folk,folk,nuit,neutre,etude,calme,couple,bibliotheque,104,0.301,0.637,0.44,0.752,0.154,0.078,0.254,5.5,faible,positive,folk_family,0.191737,low_energy,0.13244,chill,0.453,organic,0.4435,0.5567000000000001,0.487,nuit_calme,nuit_etude,calme_etude,0.06202557142857143,homogeneous,0.13509958662157082,niche
0aGlC7ndhKHJINaaT2QWSY,Sergey Neiss,Folk,folk,nuit,neutre,etude,calme,couple,bibliotheque,104,0.3,0.703,0.433,0.89,0.172,0.048,0.267,5.2,faible,positive,folk_family,0.21089999999999998,low_energy,0.1299,chill,0.531,organic,0.4608,0.6176,0.5434,nuit_calme,nuit_etude,calme_etude,0.08942514285714287,balanced,0.13509958662157082,niche
4pfrrhvplbJZAIsfosGWQP,Taylor Swift,the 1,pop,weekend,ensoleille,cuisine,joyeux,famille,parc,116,0.75,0.907,0.742,0.552,0.172,0.062,0.235,8.0,moderee,positive,pop_family,0.68025,high_energy,0.5565,chill,0.362,mixed,0.7947000000000001,0.3474,0.4392,weekend_joyeux,weekend_cuisine,joyeux_cuisine,0.10969261904761905,balanced,0.1629086809470124,niche
3escodrAC8qMlzeFthB6Dn,National Forest,Folk,folk,apres_midi,neutre,detente,romantique,couple,restaurant,117,0.569,0.743,0.554,0.624,0.078,0.057,0.134,6.1,faible,positive,folk_family,0.42276699999999995,low_energy,0.315226,chill,0.351,mixed,0.6167,0.4023,0.4148,apres_midi_romantique,apres_midi_detente,romantique_detente,0.08532514285714286,homogeneous,0.2658774896655393,niche
7MbT4I8qGntX4fMdqMQgke,Taylor Swift,peace,pop,weekend,chaud,sport,joyeux,groupe,exterieur,148,0.847,0.881,0.924,0.414,0.013,0.038,0.292,8.0,elevee,positive,pop_family,0.746207,high_energy,0.782628,high_party,0.2135,electronic,0.8803,0.21539999999999998,0.3231,weekend_joyeux,weekend_sport,joyeux_sport,0.15757266666666667,diverse,0.2842916196918452,mainstream
4Ykx6Qf1oQ7MNlJqz8P6KI,Alan Berlin,Folk,folk,matin,neutre,detente,romantique,couple,maison,124,0.46,0.669,0.444,0.758,0.158,0.051,0.16,5.8,faible,positive,folk_family,0.30774,low_energy,0.20424,chill,0.458,organic,0.5179,0.5126000000000001,0.4962,matin_romantique,matin_detente,romantique_detente,0.0737662380952381,homogeneous,0.2318677189026682,niche
0KRYCBwIpWYFNrXOmXbyUh,Taylor Swift,cardigan,pop,weekend,ensoleille,sport,joyeux,groupe,salle_sport,136,0.875,0.819,0.866,0.642,0.278,0.099,0.315,8.1,elevee,positive,pop_family,0.716625,high_energy,0.75775,high_party,0.46,organic,0.8554999999999999,0.37770000000000004,0.5118,weekend_joyeux,weekend_sport,joyeux_sport,0.10310657142857142,balanced,0.2732055618188651,mainstream
61Re6SY0mJjN5BFjH5r4Pq,Adrian Utley,Folk,folk,nuit,ensoleille,etude,calme,couple,bibliotheque,96,0.366,0.837,0.538,0.746,0.383,0.054,0.318,5.1,faible,positive,folk_family,0.306342,low_energy,0.196908,chill,0.5645,organic,0.5589,0.6035,0.6045,nuit_calme,nuit_etude,calme_etude,0.07161747619047619,homogeneous,0.10146561443066517,niche
6nK2pIKFcRc5frrZKHgsiT,Taylor Swift,august,pop,weekend,chaud,sport,joyeux,groupe,salle_sport,150,0.894,0.882,0.95,0.479,0.269,0.111,0.313,8.0,elevee,positive,pop_family,0.788508,high_energy,0.8492999999999999,high_party,0.374,mixed,0.9072,0.3041,0.456,weekend_joyeux,weekend_sport,joyeux_sport,0.12018714285714287,diverse,0.2747087561067268,mainstream
7z6hIVIjhwFdMUke3HzeE9,Bobby Baker,Folk,folk,apres_midi,neutre,loisir,neutre,seul,maison,122,0.551,0.551,0.521,0.796,0.372,0.072,0.207,6.3,faible,neutre,folk_family,0.30360100000000007,low_energy,0.287071,chill,0.5840000000000001,organic,0.542,0.5647,0.6104,apres_midi_neutre,apres_midi_loisir,neutre_loisir,0.05871028571428572,homogeneous,0.20781661029688084,niche
5P2bHCDM2tsgIaYWsZMhu5,Taylor Swift,my tears ricochet,pop,apres_midi,ensoleille,detente,romantique,couple,restaurant,121,0.637,0.943,0.707,0.617,0.022,0.068,0.091,7.7,faible,positive,pop_family,0.600691,moderate_energy,0.450359,chill,0.3195,electronic,0.7498,0.3623,0.3825,apres_midi_romantique,apres_midi_detente,romantique_detente,0.13822357142857142,diverse,0.2322435174746336,niche
4mtVERGC3MIUN40xOuZzW8,犬のやすらぎ,folk,folk,apres_midi,neutre,detente,romantique,couple,restaurant,118,0.502,0.777,0.554,0.577,0.215,0.073,0.106,5.8,faible,positive,folk_family,0.390054,low_energy,0.278108,chill,0.39599999999999996,mixed,0.6001,0.4447,0.46599999999999997,apres_midi_romantique,apres_midi_detente,romantique_detente,0.07252761904761905,homogeneous,0.2658774896655393,niche
43lRdKZI58jUycYNsTeglO,Alan Berlin,Folk,folk,apres_midi,neutre,detente,romantique,couple,restaurant,108,0.542,0.765,0.526,0.701,0.008,0.071,0.295,5.8,faible,positive,folk_family,0.41463000000000005,low_energy,0.285092,chill,0.3545,mixed,0.6041000000000001,0.42019999999999996,0.4001,apres_midi_romantique,apres_midi_detente,romantique_detente,0.08852161904761906,balanced,0.2658774896655393,niche
5S4aYQAJOwJMAamANWlICO,Taylor Swift,exile (feat. Bon Iver),pop,weekend,ensoleille,sport,joyeux,groupe,salle_sport,136,0.812,0.914,0.863,0.539,0.117,0.067,0.236,8.0,elevee,positive,pop_family,0.742168,high_energy,0.700756,moderate_party,0.328,electronic,0.8579,0.30710000000000004,0.40680000000000005,weekend_joyeux,weekend_sport,joyeux_sport,0.13426247619047618,diverse,0.2732055618188651,mainstream
3oc7Dqr8gWUV3hOiORvQdE,Yibby,Folk,folk,apres_midi,neutre,detente,romantique,couple,maison,123,0.545,0.755,0.675,0.597,0.1,0.025,0.268,6.1,faible,positive,folk_family,0.41147500000000004,low_energy,0.36787500000000006,chill,0.3485,mixed,0.647,0.4053,0.4241,apres_midi_romantique,apres_midi_detente,romantique_detente,0.08427395238095238,homogeneous,0.27865464111236377,mainstream
7yIIeKUxTpn36X6CFJhgEi,Bellakath,Reggaeton Champagne,reggae,weekend,ensoleille,conduite,joyeux,famille,voiture,74,0.829,0.95,0.731,0.383,0.27,0.039,0.13,7.8,elevee,positive,world_family,0.78755,high_energy,0.605999,moderate_party,0.3265,electronic,0.8358999999999999,0.28550000000000003,0.44210000000000005,weekend_joyeux,weekend_conduite,joyeux_conduite,0.12934666666666664,diverse,0.17549793310785422,niche
3AEZUABDXNtecAOSC1qTfo,CNCO,Reggaetón Lento (Bailemos),reggae,apres_midi,ensoleille,cuisine,neutre,amis,parc,84,0.647,0.847,0.66,0.456,0.009,0.043,0.274,8.3,faible,positive,world_family,0.548009,moderate_energy,0.42702,chill,0.2325,electronic,0.7109000000000001,0.291,0.3327,apres_midi_neutre,apres_midi_cuisine,neutre_cuisine,0.10418628571428572,balanced,0.19710635099586618,niche
0gVCFdvavY7YRsIpssaxaz,Damian Marley,My Sweet Lord,pop,weekend,chaud,sport,joyeux,groupe,exterieur,154,0.859,0.85,0.819,0.386,0.282,0.1,0.053,8.0,elevee,positive,pop_family,0.73015,high_energy,0.703521,moderate_party,0.33399999999999996,electronic,0.8442999999999999,0.2813,0.43679999999999997,weekend_joyeux,weekend_sport,joyeux_sport,0.1283689523809524,diverse,0.2842916196918452,mainstream
7nT9lGk3bf5rvnVbzPIE3N,Collie Buddz,Love & Reggae,reggae,weekend,ensoleille,cuisine,joyeux,couple,maison,67,0.735,0.813,0.734,0.612,0.267,0.078,0.058,8.3,moderee,positive,world_family,0.597555,moderate_energy,0.53949,chill,0.4395,organic,0.7581,0.40440000000000004,0.5015000000000001,weekend_joyeux,weekend_cuisine,joyeux_cuisine,0.10705733333333332,balanced,0.22453964674934235,niche
4jvxHT21eXgvjiPtCxH7Mx,The Key of Awesome,Shark Reggae,reggae,apres_midi,ensoleille,detente,romantique,couple,restaurant,71,0.648,0.853,0.729,0.679,0.271,0.058,0.305,7.3,faible,positive,world_family,0.552744,moderate_energy,0.472392,chill,0.47500000000000003,organic,0.7338,0.45849999999999996,0.5276000000000001,apres_midi_romantique,apres_midi_detente,romantique_detente,0.08609347619047619,homogeneous,0.2322435174746336,niche
5O4erNlJ74PIF6kGol1ZrC,Bob Marley & The Wailers,Could You Be Loved,pop,weekend,ensoleille,sport,joyeux,amis,salle_sport,154,0.942,0.827,0.782,0.65,0.189,0.114,0.334,8.3,elevee,positive,pop_family,0.7790339999999999,high_energy,0.736644,high_party,0.4195,mixed,0.8595,0.33410000000000006,0.4667,weekend_joyeux,weekend_sport,joyeux_sport,0.11021157142857142,balanced,0.29218338970311913,mainstream
1QhrlNjzqmqEFW5T5yMFhw,Stick Figure,Shine,pop,journee,ensoleille,sport,energique,groupe,exterieur,149,0.805,0.773,0.799,0.442,0.277,0.067,0.067,8.3,moderee,positive,pop_family,0.6222650000000001,high_energy,0.6431950000000001,moderate_party,0.35950000000000004,mixed,0.7936000000000001,0.3184,0.4577,journee_energique,journee_sport,energique_sport,0.11243528571428572,balanced,0.2792183389703119,mainstream
6iOqw5oLWwkFp76kGciRLQ,Peter Tosh,Reggae Mylitis,reggae,apres_midi,ensoleille,detente,romantique,couple,maison,85,0.528,0.841,0.572,0.549,0.064,0.04,0.271,7.2,faible,positive,world_family,0.444048,low_energy,0.302016,chill,0.3065,electronic,0.6351,0.38039999999999996,0.38870000000000005,apres_midi_romantique,apres_midi_detente,romantique_detente,0.08686390476190477,homogeneous,0.2450206689214581,niche
3u1bKblfqeghD3grk3Le2w,Stick Figure,In This Love,pop,journee,neutre,conduite,motive,famille,voiture,116,0.745,0.79,0.673,0.498,0.152,0.077,0.153,8.1,moderee,positive,pop_family,0.58855,moderate_energy,0.5013850000000001,chill,0.325,electronic,0.7369,0.3213,0.41000000000000003,journee_motive,journee_conduite,motive_conduite,0.09504180952380954,balanced,0.21645997745208567,niche
5YH1A3YttSay4lgAR75tk3,CNCO,Reggaetón Lento (Remix),reggae,apres_midi,neutre,detente,romantique,couple,maison,75,0.514,0.751,0.529,0.705,0.362,0.059,0.171,7.5,faible,positive,world_family,0.386014,low_energy,0.27190600000000004,chill,0.5335,organic,0.5896,0.5364,0.5807,apres_midi_romantique,apres_midi_detente,romantique_detente,0.06732195238095239,homogeneous,0.27865464111236377,mainstream
1azvKxDb5Vkph2KR7aq1Cx,Stick Figure,Choice Is Yours (with Slightly Stoopid),pop,apres_midi,ensoleille,detente,romantique,couple,restaurant,134,0.665,0.821,0.774,0.674,0.274,0.066,0.134,8.0,faible,positive,pop_family,0.545965,moderate_energy,0.51471,chill,0.47400000000000003,organic,0.7444999999999999,0.4523,0.526,apres_midi_romantique,apres_midi_detente,romantique_detente,0.10129947619047619,balanced,0.2322435174746336,niche
2D3z17LBMJ2HEHeBFFjTLi,J Balvin,Reggaeton,reggae,apres_midi,ensoleille,conduite,neutre,amis,voiture,79,0.607,0.833,0.581,0.465,0.014,0.045,0.089,7.9,faible,positive,world_family,0.5056309999999999,low_energy,0.35266699999999995,chill,0.23950000000000002,electronic,0.667,0.30810000000000004,0.3375,apres_midi_neutre,apres_midi_conduite,neutre_conduite,0.10585490476190475,balanced,0.209695603156708,niche
2Cv6DwpDGeg1m6gcHG55dc,TJ O'Neill,Railroad Shelter (with Stick Figure),pop,weekend,ensoleille,conduite,joyeux,amis,voiture,118,0.745,0.847,0.783,0.401,0.053,0.06,0.173,8.0,moderee,positive,pop_family,0.631015,high_energy,0.583335,moderate_party,0.227,electronic,0.7869999999999999,0.2528,0.3348,weekend_joyeux,weekend_conduite,joyeux_conduite,0.12387595238095239,diverse,0.21683577602405113,niche
4PvVHAkONOaS6v4wgONGYZ,Damian Marley,Welcome To Jamrock,rock,journee,neutre,sport,neutre,amis,exterieur,132,0.793,0.534,0.658,0.651,0.249,0.077,0.208,8.1,moderee,neutre,rock_family,0.42346200000000006,low_energy,0.5217940000000001,chill,0.45,organic,0.6748000000000001,0.3972,0.5044,journee_neutre,journee_sport,neutre_sport,0.07440114285714286,homogeneous,0.34178880120255545,very_popular
7yFvSYKk3g5g8e7Ffl16ws,Bob Marley & The Wailers,Three Little Birds,pop,apres_midi,neutre,detente,romantique,couple,restaurant,134,0.684,0.703,0.591,0.692,0.178,0.104,0.081,8.9,faible,positive,pop_family,0.480852,low_energy,0.404244,chill,0.43499999999999994,organic,0.6617999999999999,0.425,0.4758,apres_midi_romantique,apres_midi_detente,romantique_detente,0.0875192380952381,homogeneous,0.2658774896655393,niche
1NoCZ187Z78b8Z9KPNrura,Dirty Heads,Day By Day,pop,journee,neutre,sport,motive,groupe,exterieur,142,0.865,0.674,0.864,0.446,0.027,0.083,0.083,7.9,elevee,positive,pop_family,0.58301,moderate_energy,0.74736,high_party,0.23650000000000002,electronic,0.8074,0.227,0.3307,journee_motive,journee_sport,motive_sport,0.140075619047619,diverse,0.323750469748215,very_popular
3FMedgGsLUNwx8NciePFEK,Russ Millions,Reggae & Calypso (Russ Millions x Buni x YV),reggae,apres_midi,neutre,detente,romantique,couple,restaurant,80,0.6,0.794,0.639,0.522,0.244,0.044,0.085,7.9,faible,positive,world_family,0.4764,low_energy,0.3834,chill,0.383,mixed,0.6698999999999999,0.40199999999999997,0.4698,apres_midi_romantique,apres_midi_detente,romantique_detente,0.08586623809523809,homogeneous,0.2658774896655393,niche
6JRLFiX9NJSoRRKxowlBYr,Bob Marley & The Wailers,Is This Love,pop,journee,neutre,sport,motive,amis,exterieur,138,0.725,0.742,0.666,0.438,0.294,0.086,0.342,8.8,moderee,positive,pop_family,0.5379499999999999,moderate_energy,0.48285,chill,0.366,mixed,0.7124,0.34590000000000004,0.4612,journee_motive,journee_sport,motive_sport,0.06221061904761904,homogeneous,0.34272829763246904,very_popular
60j4KO4XiFxLM6qy2Enic2,Rebelution,Inhale Exhale (feat. Protoje),pop,apres_midi,chaud,detente,romantique,couple,maison,122,0.658,0.818,0.716,0.577,0.377,0.113,0.267,7.8,faible,positive,pop_family,0.538244,moderate_energy,0.471128,chill,0.477,organic,0.7234,0.44649999999999995,0.5389999999999999,apres_midi_romantique,apres_midi_detente,romantique_detente,0.06629390476190476,homogeneous,0.24652386320931982,niche
6yVkakCN460KOVol9ZazjH,Anuel AA,Reggaetonera,reggae,apres_midi,chaud,detente,romantique,couple,maison,83,0.57,0.846,0.674,0.705,0.325,0.045,0.122,7.7,faible,positive,world_family,0.4822199999999999,low_energy,0.38417999999999997,chill,0.515,organic,0.6839999999999999,0.5085,0.565,apres_midi_romantique,apres_midi_detente,romantique_detente,0.09516161904761905,balanced,0.24652386320931982,niche
3GIChxHmuLmBm5PTNZGDtj,Bob Marley & The Wailers,Jamming,pop,weekend,ensoleille,fete,joyeux,amis,exterieur,121,0.776,0.95,0.825,0.527,0.023,0.039,0.128,8.3,moderee,positive,pop_family,0.7372,high_energy,0.6402,moderate_party,0.275,electronic,0.8429,0.28490000000000004,0.3618,weekend_joyeux,weekend_fete,joyeux_fete,0.1592958095238095,diverse,0.23581360390830516,niche
6ol8eSBUh9GEEIzkGIPR2J,KBong,Middle of the Ocean,pop,apres_midi,chaud,detente,romantique,couple,maison,126,0.688,0.824,0.674,0.745,0.083,0.105,0.195,7.8,moderee,positive,pop_family,0.566912,moderate_energy,0.463712,chill,0.414,mixed,0.7246,0.4165,0.44400000000000006,apres_midi_romantique,apres_midi_detente,romantique_detente,0.10810295238095237,balanced,0.24652386320931982,niche
28eZHMtX7kG3u1VLPr2lXk,Don Omar,Reggaeton Latino,reggae,apres_midi,chaud,detente,romantique,couple,maison,79,0.585,0.852,0.739,0.841,0.237,0.053,0.25,6.7,faible,positive,world_family,0.49842,low_energy,0.43231499999999995,chill,0.5389999999999999,organic,0.7113,0.532,0.5602,apres_midi_romantique,apres_midi_detente,romantique_detente,0.10592414285714286,balanced,0.24652386320931982,niche
7IwU9ndSNPbGGb0NZsJRBQ,Stick Figure,Sunshine and Rain,pop,weekend,chaud,sport,joyeux,groupe,exterieur,131,0.756,0.837,0.804,0.502,0.069,0.076,0.223,7.8,moderee,positive,pop_family,0.632772,high_energy,0.607824,moderate_party,0.2855,electronic,0.7947,0.2947,0.3699,weekend_joyeux,weekend_sport,joyeux_sport,0.11767257142857142,diverse,0.2842916196918452,mainstream
0czzdBqxKh7L5Rlq46PJCG,Mr Farts,Reggae Farts,reggae,apres_midi,neutre,conduite,neutre,famille,voiture,83,0.671,0.762,0.759,0.466,0.054,0.061,0.126,7.6,faible,positive,world_family,0.511302,moderate_energy,0.509289,chill,0.26,electronic,0.7247,0.3013,0.3546,apres_midi_neutre,apres_midi_conduite,neutre_conduite,0.1076724761904762,balanced,0.20199173243141677,niche
7oNgPClUYdscWWHa5PF1gT,Bob Marley & The Wailers,One Love / People Get Ready,pop,weekend,ensoleille,conduite,joyeux,amis,voiture,116,0.82,0.899,0.782,0.534,0.378,0.048,0.064,8.2,elevee,positive,pop_family,0.73718,high_energy,0.64124,moderate_party,0.456,organic,0.8323,0.381,0.5396000000000001,weekend_joyeux,weekend_conduite,joyeux_conduite,0.12524595238095237,diverse,0.21683577602405113,niche
4xh6F59NMVAXOhF4Gdo9GA,The Movement,Cool Me Down,pop,journee,chaud,sport,energique,amis,salle_sport,137,0.884,0.712,0.89,0.45,0.105,0.051,0.21,7.7,elevee,positive,pop_family,0.629408,high_energy,0.78676,high_party,0.2775,electronic,0.8342,0.24630000000000002,0.37729999999999997,journee_energique,journee_sport,energique_sport,0.13052090476190478,diverse,0.2901164975573092,mainstream
2HrdUG3XmUH5BvOUeCkVMG,The Key of Awesome,Reggae Shark,reggae,journee,neutre,cuisine,motive,groupe,cafe,76,0.793,0.771,0.821,0.559,0.036,0.069,0.331,7.4,moderee,positive,world_family,0.611403,moderate_energy,0.651053,moderate_party,0.29750000000000004,electronic,0.7948,0.2965,0.3719,journee_motive,journee_cuisine,motive_cuisine,0.11556214285714288,diverse,0.23318301390454713,niche
5uqQyRJV8qLt8zEqnvsBVK,Bob Marley & The Wailers,Natural Mystic,pop,journee,ensoleille,conduite,joyeux,famille,voiture,115,0.789,0.85,0.676,0.462,0.102,0.032,0.311,8.4,moderee,positive,pop_family,0.67065,high_energy,0.5333640000000001,chill,0.28200000000000003,electronic,0.7734000000000001,0.2787,0.3832,journee_joyeux,journee_conduite,joyeux_conduite,0.1067582380952381,balanced,0.19710635099586624,niche
50jFznrLnBBicIc3eal9OO,Rebelution,So High (feat. Zumbi),pop,journee,ensoleille,sport,energique,amis,salle_sport,140,0.853,0.757,0.912,0.506,0.338,0.089,0.341,7.8,elevee,positive,pop_family,0.645721,high_energy,0.777936,high_party,0.42200000000000004,mixed,0.8419,0.34790000000000004,0.503,journee_energique,journee_sport,energique_sport,0.09472790476190475,balanced,0.28861330326944756,mainstream
3CvQelEACMUfloopdKubqj,Siaosi,Reggae Party,reggae,weekend,ensoleille,conduite,joyeux,famille,voiture,73,0.721,0.883,0.721,0.534,0.152,0.074,0.115,7.0,moderee,positive,world_family,0.636643,high_energy,0.519841,chill,0.343,electronic,0.7695999999999998,0.3429,0.42140000000000005,weekend_joyeux,weekend_conduite,joyeux_conduite,0.11391247619047618,diverse,0.17549793310785422,niche
09Nck1nvRcg1Y14SNfWwtJ,Bob Marley & The Wailers,Waiting In Vain,pop,weekend,chaud,sport,joyeux,amis,salle_sport,131,0.766,0.827,0.741,0.382,0.352,0.11,0.116,8.4,moderee,positive,pop_family,0.633482,high_energy,0.567606,moderate_party,0.367,mixed,0.7767999999999999,0.3286,0.4686,weekend_joyeux,weekend_sport,joyeux_sport,0.0941812857142857,balanced,0.2936865839909808,mainstream
1YpH91YcUZlo2mxKJVhWM8,Yellowman,Zungguzungguguzungguzeng,pop,journee,neutre,conduite,motive,amis,voiture,126,0.792,0.703,0.701,0.376,0.263,0.11,0.348,8.0,moderee,positive,pop_family,0.556776,moderate_energy,0.555192,chill,0.3195,electronic,0.738,0.29169999999999996,0.4223,journee_motive,journee_conduite,motive_conduite,0.06791695238095237,homogeneous,0.2577978203682826,niche
3PpIFm0MY7EQbxlprlbOxo,Tennessee Beats,Reggaetonasty,reggae,apres_midi,ensoleille,detente,romantique,couple,restaurant,72,0.519,0.857,0.695,0.524,0.191,0.076,0.099,6.6,faible,positive,world_family,0.444783,low_energy,0.360705,chill,0.35750000000000004,mixed,0.6732,0.4112,0.43750000000000006,apres_midi_romantique,apres_midi_detente,romantique_detente,0.09349433333333333,balanced,0.2322435174746336,niche
7BfW1eoDh27W69nxsmRicb,Bob Marley & The Wailers,Buffalo Soldier,pop,weekend,ensoleille,sport,joyeux,groupe,salle_sport,138,0.877,0.936,0.832,0.389,0.014,0.04,0.237,8.0,elevee,positive,pop_family,0.820872,high_energy,0.729664,high_party,0.2015,electronic,0.8812,0.1967,0.3157,weekend_joyeux,weekend_sport,joyeux_sport,0.16122666666666666,diverse,0.2732055618188651,mainstream
1Js26hznhkLlFeRoxCtyNq,SOJA,Press Rewind,pop,apres_midi,chaud,detente,romantique,couple,restaurant,127,0.628,0.919,0.728,0.705,0.099,0.045,0.246,7.2,faible,positive,pop_family,0.577132,moderate_energy,0.457184,chill,0.40199999999999997,mixed,0.7453000000000001,0.42329999999999995,0.452,apres_midi_romantique,apres_midi_detente,romantique_detente,0.11931361904761904,diverse,0.2337467117624953,niche
3MPU6i32DMruEuKJqAPAqH,Don Omar,Reggaeton Latino - Chosen Few Remix,reggae,weekend,ensoleille,fete,joyeux,amis,exterieur,88,0.734,0.95,0.892,0.422,0.361,0.028,0.084,6.8,moderee,positive,world_family,0.6972999999999999,high_energy,0.654728,moderate_party,0.39149999999999996,mixed,0.8462000000000001,0.3569,0.5015000000000001,weekend_joyeux,weekend_fete,joyeux_fete,0.13867414285714283,diverse,0.23581360390830516,niche
1ATZfYmZOcm24vl5oQtPdC,Bob Marley & The Wailers,"Roots, Rock, Reggae",rock,journee,neutre,sport,motive,amis,salle_sport,158,0.95,0.615,0.784,0.436,0.072,0.041,0.086,8.2,elevee,positive,rock_family,0.5842499999999999,moderate_energy,0.7448,high_party,0.254,electronic,0.7997,0.21100000000000002,0.35860000000000003,journee_motive,journee_sport,motive_sport,0.1379502380952381,diverse,0.3331454340473506,very_popular
41goAg1ZxePWjXXfZ7PhG7,Selena Gomez,Bluest Flame,blues,apres_midi,neutre,loisir,neutre,seul,cafe,92,0.611,0.526,0.608,0.823,0.363,0.074,0.223,8.4,faible,neutre,jazz_family,0.321386,low_energy,0.371488,chill,0.593,organic,0.5846,0.5548,0.6136,apres_midi_neutre,apres_midi_loisir,neutre_loisir,0.06589914285714285,homogeneous,0.18414130026305897,niche
6vuVCtwukUA57ioTnKKeuL,Selena Gomez,Bluest Flame,blues,apres_midi,neutre,loisir,neutre,amis,exterieur,98,0.607,0.495,0.436,0.54,0.007,0.078,0.343,8.5,faible,neutre,jazz_family,0.300465,low_energy,0.264652,chill,0.2735,electronic,0.5221,0.336,0.3499,apres_midi_neutre,apres_midi_loisir,neutre_loisir,0.053633999999999994,homogeneous,0.27019917324314163,mainstream
27IRo2rYeizhRMDaNVplNM,Blues Traveler,Hook,blues,apres_midi,pluvieux,loisir,neutre,famille,maison,103,0.577,0.346,0.505,0.577,0.399,0.045,0.184,7.8,faible,negative,jazz_family,0.19964199999999996,low_energy,0.291385,chill,0.488,organic,0.4861,0.47740000000000005,0.5636,apres_midi_neutre,apres_midi_loisir,neutre_loisir,0.040882809523809516,homogeneous,0.14524614806463734,niche
500Tkm3vJmVtdUwdCVxCTb,Blues Traveler,Run-Around,blues,soiree,pluvieux,loisir,nostalgique,seul,maison,93,0.683,0.471,0.625,0.759,0.385,0.049,0.297,8.4,faible,neutre,jazz_family,0.321693,low_energy,0.426875,chill,0.5720000000000001,organic,0.6020000000000001,0.5142,0.6104,soiree_nostalgique,soiree_loisir,nostalgique_loisir,0.061208000000000005,homogeneous,0.06426155580608793,niche
5IirHic5goVkgpxyur1lmh,"Hank Williams, Jr.",The Blues Man,blues,apres_midi,pluvieux,loisir,neutre,famille,maison,86,0.66,0.361,0.489,0.502,0.198,0.028,0.182,7.5,faible,negative,jazz_family,0.23826,low_energy,0.32274,chill,0.35,mixed,0.519,0.3622,0.444,apres_midi_neutre,apres_midi_loisir,neutre_loisir,0.048921571428571425,homogeneous,0.14524614806463734,niche
1xcbBJGVb2TfqL39E3tAuh,Selena Gomez,Bluest Flame - DJ Sliink Remix,blues,apres_midi,neutre,loisir,neutre,seul,cafe,86,0.504,0.567,0.579,0.701,0.26,0.049,0.113,7.7,faible,neutre,jazz_family,0.28576799999999997,low_energy,0.29181599999999996,chill,0.4805,organic,0.5453999999999999,0.5072,0.5305,apres_midi_neutre,apres_midi_loisir,neutre_loisir,0.06440214285714285,homogeneous,0.18414130026305897,niche
11iIikXxC6NP0Ma8vMD27x,Vundabar,Alien Blues,blues,journee,neutre,loisir,neutre,amis,exterieur,84,0.727,0.473,0.656,0.562,0.25,0.047,0.149,8.6,moderee,neutre,jazz_family,0.343871,low_energy,0.476912,chill,0.406,mixed,0.6295000000000001,0.38170000000000004,0.48419999999999996,journee_neutre,journee_loisir,neutre_loisir,0.06892714285714287,homogeneous,0.283727921833897,mainstream
1aM9ClS0qz0Fp2BjmbM72M,Jackson C. Frank,Blues Run the Game - 2001 Remaster,blues,nuit,pluvieux,loisir,nostalgique,amis,cafe,80,0.724,0.407,0.626,0.623,0.297,0.072,0.213,7.7,moderee,neutre,jazz_family,0.294668,low_energy,0.45322399999999996,chill,0.45999999999999996,organic,0.5995,0.42110000000000003,0.521,nuit_nostalgique,nuit_loisir,nostalgique_loisir,0.05920714285714287,homogeneous,0.09150695227358135,niche
2RODDAWdDyvyleZRS9zemt,Zach Bryan,Memphis; The Blues (feat. J.R. Carroll),blues,nuit,nuageux,loisir,nostalgique,seul,maison,84,0.63,0.387,0.528,0.797,0.052,0.026,0.341,7.6,faible,negative,jazz_family,0.24381,low_energy,0.33264,chill,0.42450000000000004,mixed,0.5265,0.4454,0.4599,nuit_nostalgique,nuit_loisir,nostalgique_loisir,0.08188428571428572,homogeneous,0.06444945509207066,niche
1U6KEQuL5wPJZMR0iHvzqh,Alan Jackson,The Blues Man,blues,apres_midi,neutre,loisir,neutre,amis,cafe,84,0.626,0.547,0.577,0.578,0.047,0.047,0.256,7.8,faible,neutre,jazz_family,0.342422,low_energy,0.36120199999999997,chill,0.3125,electronic,0.5876,0.3575,0.38749999999999996,apres_midi_neutre,apres_midi_loisir,neutre_loisir,0.06725428571428571,homogeneous,0.23524990605035698,niche
4J4wYsDnJxldGxAiFpIIzT,Blues Clues,Blue's Clues Theme Song,blues,apres_midi,neutre,loisir,neutre,seul,cafe,93,0.591,0.582,0.514,0.804,0.172,0.049,0.203,7.4,faible,neutre,jazz_family,0.34396199999999993,low_energy,0.303774,chill,0.488,organic,0.5651999999999999,0.4959,0.5174,apres_midi_neutre,apres_midi_loisir,neutre_loisir,0.07632028571428572,homogeneous,0.18414130026305897,niche
7u1P36qRqrSNrXAp98cyp1,ScHoolboy Q,Blueslides,blues,apres_midi,nuageux,loisir,neutre,amis,cafe,98,0.675,0.398,0.632,0.487,0.003,0.042,0.291,7.9,faible,negative,jazz_family,0.26865000000000006,low_energy,0.42660000000000003,chill,0.245,electronic,0.579,0.2932,0.33919999999999995,apres_midi_neutre,apres_midi_loisir,neutre_loisir,0.0706844761904762,homogeneous,0.16328447951897782,niche
7Dd6g7T930jxR3NcQnJjwp,Geordie Greep,Blues,blues,apres_midi,nuageux,loisir,neutre,famille,maison,92,0.646,0.345,0.564,0.543,0.061,0.044,0.145,7.4,faible,negative,jazz_family,0.22286999999999998,low_energy,0.364344,chill,0.30200000000000005,electronic,0.5311,0.3417,0.38460000000000005,apres_midi_neutre,apres_midi_loisir,neutre_loisir,0.06473028571428571,homogeneous,0.14562194663660277,niche
4pZc4zC5lAuW7MYD0v5TjH,Selena Gomez,Bluest Flame,blues,soiree,nuageux,loisir,nostalgique,famille,maison,87,0.506,0.452,0.527,0.664,0.295,0.036,0.163,7.9,faible,neutre,jazz_family,0.228712,low_energy,0.266662,chill,0.47950000000000004,organic,0.49610000000000004,0.5023,0.5395,soiree_nostalgique,soiree_loisir,nostalgique_loisir,0.04932228571428573,homogeneous,0.07440811724915446,niche
2O7OjNCjqflzWOTVg9UlEm,Joe Bonamassa,Blues Deluxe,blues,matin,neutre,loisir,neutre,seul,cafe,83,0.475,0.56,0.418,0.9,0.154,0.028,0.257,7.6,faible,neutre,jazz_family,0.266,low_energy,0.19854999999999998,chill,0.527,organic,0.48340000000000005,0.5637000000000001,0.5414000000000001,matin_neutre,matin_loisir,neutre_loisir,0.08348147619047619,homogeneous,0.1373543780533634,niche
6tMRhn8hTFJm2A87tmjJPr,Simon & Garfunkel,Blues Run the Game - Studio Outtake - 1965,blues,apres_midi,neutre,loisir,neutre,famille,maison,90,0.452,0.5,0.4,0.55,0.077,0.062,0.189,7.4,faible,neutre,jazz_family,0.226,low_energy,0.18080000000000002,chill,0.3135,electronic,0.4508,0.4075000000000001,0.3911,apres_midi_neutre,apres_midi_loisir,neutre_loisir,0.04198061904761905,homogeneous,0.21758737316798193,niche
1HpBm13TNcyMW3PoUrlZPv,Blues Traveler,But Anyway,blues,soiree,nuageux,loisir,nostalgique,amis,cafe,102,0.501,0.4,0.456,0.651,0.096,0.022,0.056,7.6,faible,neutre,jazz_family,0.20040000000000002,low_energy,0.22845600000000002,chill,0.3735,mixed,0.45720000000000005,0.4389,0.4389,soiree_nostalgique,soiree_loisir,nostalgique_loisir,0.06256890476190477,homogeneous,0.0920706501315295,niche
1vYf97tjbKVPXHK4oQPU0T,Restless Heart,The Bluest Eyes In Texas,blues,soiree,pluvieux,loisir,nostalgique,seul,cafe,96,0.589,0.406,0.437,0.759,0.109,0.053,0.147,7.2,faible,neutre,jazz_family,0.239134,low_energy,0.257393,chill,0.434,organic,0.48850000000000005,0.45960000000000006,0.4716,soiree_nostalgique,soiree_loisir,nostalgique_loisir,0.07037480952380952,homogeneous,0.040586245772266064,niche
73vWnvPaf0yNifYIkadY9N,Blue's Clues & You,Blue's Clues & You Theme Song,pop,weekend,chaud,sport,joyeux,groupe,exterieur,153,0.839,0.802,0.798,0.571,0.063,0.092,0.208,7.5,elevee,positive,pop_family,0.672878,high_energy,0.6695220000000001,moderate_party,0.31699999999999995,electronic,0.8156,0.2956,0.38439999999999996,weekend_joyeux,weekend_sport,joyeux_sport,0.12339380952380953,diverse,0.2842916196918452,mainstream
1Q5kgpp4pmyGqPwNBzkSrw,The Doors,Roadhouse Blues,blues,apres_midi,neutre,detente,romantique,couple,maison,84,0.671,0.634,0.63,0.586,0.215,0.031,0.241,8.8,faible,positive,jazz_family,0.425414,low_energy,0.42273000000000005,chill,0.40049999999999997,mixed,0.6476000000000001,0.39759999999999995,0.47709999999999997,apres_midi_romantique,apres_midi_detente,romantique_detente,0.06752990476190476,homogeneous,0.27865464111236377,mainstream
5BxzqNLhwISk6IN5RZFkt8,Charlie Parker,Blues For Alice,blues,apres_midi,nuageux,loisir,neutre,amis,restaurant,104,0.63,0.3,0.616,0.551,0.384,0.038,0.31,6.8,faible,negative,jazz_family,0.189,low_energy,0.38808,chill,0.4675,organic,0.5267999999999999,0.4466,0.5497000000000001,apres_midi_neutre,apres_midi_loisir,neutre_loisir,0.04527280952380953,homogeneous,0.1741826381059752,niche
0qoSVsQJOTINFkkux2lbJj,Zach Bryan,Summertime Blues,blues,soiree,pluvieux,loisir,nostalgique,seul,maison,101,0.576,0.344,0.586,0.728,0.276,0.056,0.289,7.7,faible,negative,jazz_family,0.19814399999999996,low_energy,0.33753599999999995,chill,0.502,organic,0.5094,0.5012,0.5452,soiree_nostalgique,soiree_loisir,nostalgique_loisir,0.05364880952380952,homogeneous,0.06426155580608793,niche
3LfVq3txePAD89m7inj8wz,DRIFTMANE,BLUEST FLAME - PHONK,blues,apres_midi,nuageux,loisir,neutre,famille,maison,101,0.659,0.339,0.587,0.432,0.36,0.056,0.205,6.7,faible,negative,jazz_family,0.22340100000000002,low_energy,0.386833,chill,0.396,mixed,0.5414,0.3831,0.49839999999999995,apres_midi_neutre,apres_midi_loisir,neutre_loisir,0.043501142857142856,homogeneous,0.14562194663660277,niche
3SsGrCb1eaSpGhRDqPaTln,The Backseat Lovers,Snowbank Blues,blues,journee,nuageux,loisir,neutre,famille,maison,85,0.721,0.354,0.525,0.598,0.013,0.069,0.184,7.8,moderee,negative,jazz_family,0.25523399999999996,low_energy,0.378525,chill,0.3055,electronic,0.5520999999999999,0.32680000000000003,0.3721,journee_neutre,journee_loisir,neutre_loisir,0.074974,homogeneous,0.15915069522735814,niche
6VhYbFu0awTAtouzcbl8v2,Little Walter,Blue And Lonesome - Single Version,pop,journee,chaud,sport,energique,groupe,exterieur,149,0.856,0.787,0.834,0.55,0.168,0.11,0.12,7.5,elevee,positive,pop_family,0.673672,high_energy,0.713904,high_party,0.35900000000000004,mixed,0.8287,0.31360000000000005,0.42700000000000005,journee_energique,journee_sport,energique_sport,0.12151357142857143,diverse,0.2807215332581736,mainstream
1FpD2U6ZnzScO4khotaZdp,The Blues Brothers,Soul Man,blues,apres_midi,neutre,loisir,neutre,famille,maison,86,0.635,0.599,0.693,0.466,0.333,0.034,0.091,7.7,faible,neutre,jazz_family,0.380365,low_energy,0.440055,chill,0.3995,mixed,0.6416,0.3958,0.49950000000000006,apres_midi_neutre,apres_midi_loisir,neutre_loisir,0.06976423809523809,homogeneous,0.21758737316798193,niche
6q36Cqt2d3O5jqrQR9uXCp,Chris Lake,Summertime Blues (feat. Nathan Nicholson),blues,soiree,nuageux,loisir,nostalgique,seul,maison,104,0.573,0.406,0.579,0.847,0.368,0.047,0.167,7.9,faible,neutre,jazz_family,0.23263799999999998,low_energy,0.3317669999999999,chill,0.6074999999999999,organic,0.5246999999999999,0.5772999999999999,0.6287,soiree_nostalgique,soiree_loisir,nostalgique_loisir,0.07279023809523809,homogeneous,0.06463735437805336,niche
2BLkpiR7oE09eY8DHUk6Bx,Blues Traveler,The Mountains Win Again,blues,soiree,nuageux,loisir,nostalgique,seul,maison,91,0.477,0.476,0.437,0.759,0.207,0.021,0.06,7.5,faible,neutre,jazz_family,0.22705199999999998,low_energy,0.208449,chill,0.483,organic,0.46469999999999995,0.5226000000000001,0.527,soiree_nostalgique,soiree_loisir,nostalgique_loisir,0.06993680952380953,homogeneous,0.06463735437805336,niche
7nGhBjDpYtI7jJ5Tel9jDt,Geordie Greep,Blues,blues,matin,neutre,loisir,neutre,famille,maison,80,0.488,0.515,0.458,0.623,0.03,0.048,0.121,6.9,faible,neutre,jazz_family,0.25132,low_energy,0.223504,chill,0.3265,electronic,0.4871,0.4118,0.3923,matin_neutre,matin_loisir,neutre_loisir,0.06242047619047619,homogeneous,0.17080045095828636,niche
2RdEC8Ff83WkX7kDVCHseE,Charli xcx,party 4 u,pop,weekend,chaud,cuisine,joyeux,couple,maison,118,0.774,0.834,0.765,0.691,0.29,0.038,0.251,8.9,moderee,positive,pop_family,0.645516,high_energy,0.59211,moderate_party,0.49049999999999994,organic,0.7893,0.4311999999999999,0.5447,weekend_joyeux,weekend_cuisine,joyeux_cuisine,0.10166028571428572,balanced,0.22604284103720407,niche
2sTxo60njz9U12NuQNlcX5,Selena Gomez,Bluest Flame,blues,apres_midi,neutre,loisir,neutre,famille,maison,97,0.659,0.418,0.655,0.495,0.011,0.078,0.231,7.8,faible,neutre,jazz_family,0.275462,low_energy,0.43164500000000006,chill,0.253,electronic,0.5855,0.30360000000000004,0.33840000000000003,apres_midi_neutre,apres_midi_loisir,neutre_loisir,0.06931280952380951,homogeneous,0.21758737316798193,niche
1OJO3vsGqwbIQuLPGeY2Sb,The Blues Brothers,Sweet Home Chicago,blues,journee,neutre,loisir,neutre,amis,cafe,94,0.72,0.52,0.606,0.523,0.279,0.062,0.19,8.1,moderee,neutre,jazz_family,0.3744,low_energy,0.43632,chill,0.401,mixed,0.6258,0.3769,0.484,journee_neutre,journee_loisir,neutre_loisir,0.05765357142857142,homogeneous,0.24877865464111235,niche
5sF4nEG1dZLBnODQWxGhUP,Nouvelle Marée,Bluesette,blues,apres_midi,neutre,loisir,neutre,amis,maison,99,0.517,0.465,0.432,0.567,0.311,0.031,0.275,7.6,faible,neutre,jazz_family,0.240405,low_energy,0.22334400000000001,chill,0.43899999999999995,organic,0.47590000000000005,0.465,0.5194,apres_midi_neutre,apres_midi_loisir,neutre_loisir,0.03345080952380952,homogeneous,0.25892521608417884,niche
1CtKHwDqsH3ctcCCI18N0g,The Blues Brothers,Everybody Needs Somebody to Love,blues,apres_midi,neutre,loisir,neutre,famille,maison,96,0.501,0.514,0.569,0.57,0.234,0.071,0.13,8.0,faible,neutre,jazz_family,0.257514,low_energy,0.28506899999999996,chill,0.40199999999999997,mixed,0.5253,0.44789999999999996,0.4738,apres_midi_neutre,apres_midi_loisir,neutre_loisir,0.04716580952380952,homogeneous,0.21758737316798193,niche
1YYhDizHx7PnDhAhko6cDS,John Denver,"Take Me Home, Country Roads - Original Version",country,apres_midi,ensoleille,detente,romantique,couple,maison,121,0.539,0.811,0.498,0.519,0.153,0.116,0.069,8.1,faible,positive,folk_family,0.43712900000000005,low_energy,0.268422,chill,0.336,electronic,0.6083000000000001,0.3918,0.40900000000000003,apres_midi_romantique,apres_midi_detente,romantique_detente,0.07699061904761907,homogeneous,0.2450206689214581,niche
0JbSghVDghtFEurrSO8JrC,Luke Bryan,Country Girl (Shake It For Me),country,apres_midi,chaud,detente,romantique,couple,maison,134,0.507,0.802,0.604,0.9,0.149,0.052,0.1,8.0,faible,positive,folk_family,0.40661400000000003,low_energy,0.306228,chill,0.5245,organic,0.6246,0.5526,0.5341,apres_midi_romantique,apres_midi_detente,romantique_detente,0.12078147619047619,diverse,0.24652386320931982,niche
0LQtEJt7x0s6knb6RKdRYc,Zac Brown Band,Chicken Fried,pop,apres_midi,ensoleille,conduite,neutre,amis,voiture,128,0.667,0.937,0.627,0.46,0.368,0.113,0.325,8.2,faible,positive,pop_family,0.6249790000000001,high_energy,0.418209,chill,0.41400000000000003,mixed,0.736,0.39430000000000004,0.4994,apres_midi_neutre,apres_midi_conduite,neutre_conduite,0.07240061904761906,homogeneous,0.209695603156708,niche
3EO58D1YpHnTvBy68gK8HE,Tucker Wetmore,Wind Up Missin’ You,pop,weekend,ensoleille,sport,joyeux,groupe,exterieur,136,0.942,0.906,0.898,0.322,0.29,0.107,0.255,8.2,elevee,positive,pop_family,0.853452,high_energy,0.845916,high_party,0.306,electronic,0.9179999999999999,0.23320000000000002,0.4202,weekend_joyeux,weekend_sport,joyeux_sport,0.13365795238095238,diverse,0.28278842540398347,mainstream
1QbOvACeYanja5pbnJbAmk,John Denver,"Take Me Home, Country Roads",country,apres_midi,neutre,detente,romantique,couple,maison,120,0.537,0.681,0.618,0.535,0.308,0.103,0.262,8.4,faible,positive,folk_family,0.36569700000000005,low_energy,0.331866,chill,0.4215,mixed,0.6045,0.4453,0.4939,apres_midi_romantique,apres_midi_detente,romantique_detente,0.04511514285714286,homogeneous,0.27865464111236377,mainstream
3wMUvT6eIw2L5cZFG1yH9j,Nelly,Country Grammar (Hot Shit),country,apres_midi,neutre,detente,romantique,couple,maison,114,0.519,0.77,0.532,0.682,0.315,0.098,0.089,7.9,faible,positive,folk_family,0.39963000000000004,low_energy,0.276108,chill,0.49850000000000005,organic,0.5982,0.5116,0.5425,apres_midi_romantique,apres_midi_detente,romantique_detente,0.0728592380952381,homogeneous,0.27865464111236377,mainstream
1Lo0QY9cvc8sUB2vnIOxDT,Luke Combs,Fast Car,pop,apres_midi,neutre,cuisine,neutre,amis,exterieur,130,0.688,0.744,0.75,0.467,0.338,0.104,0.266,9.0,moderee,positive,pop_family,0.511872,moderate_energy,0.516,chill,0.4025,mixed,0.7233999999999999,0.38180000000000003,0.48830000000000007,apres_midi_neutre,apres_midi_cuisine,neutre_cuisine,0.06556061904761905,homogeneous,0.272641863960917,mainstream
2DOxC6AdXlSeUrsgWKuX4X,Sam Hunt,Country House,country,apres_midi,neutre,detente,romantique,couple,maison,121,0.675,0.78,0.724,0.542,0.234,0.047,0.234,8.1,faible,positive,folk_family,0.5265000000000001,moderate_energy,0.4887,chill,0.388,mixed,0.7212,0.3845,0.4702,apres_midi_romantique,apres_midi_detente,romantique_detente,0.08295490476190477,homogeneous,0.27865464111236377,mainstream
6DQuRukp1NzyDKmZz7oLbB,Billy Currington,People Are Crazy,pop,journee,chaud,sport,energique,amis,exterieur,137,0.842,0.787,0.763,0.705,0.084,0.069,0.07,8.3,elevee,positive,pop_family,0.662654,high_energy,0.642446,moderate_party,0.39449999999999996,mixed,0.8018,0.35459999999999997,0.43970000000000004,journee_energique,journee_sport,energique_sport,0.14160257142857144,diverse,0.2996993611424276,mainstream
5eVuVYp9OyD9dm6Wcyb5nr,Ella Langley,Country Boy's Dream Girl,country,journee,neutre,conduite,motive,famille,voiture,116,0.773,0.789,0.633,0.486,0.389,0.038,0.204,8.4,moderee,positive,folk_family,0.609897,moderate_energy,0.489309,chill,0.4375,organic,0.7358,0.3792,0.5327,journee_motive,journee_conduite,motive_conduite,0.08071114285714287,homogeneous,0.21645997745208567,niche
3FU6urUVsgXa6RBuV2PdRk,Diplo,Heartless (feat. Morgan Wallen),pop,journee,neutre,sport,motive,amis,salle_sport,139,0.767,0.706,0.599,0.476,0.15,0.036,0.149,8.7,moderee,positive,pop_family,0.5415019999999999,moderate_energy,0.459433,chill,0.313,electronic,0.6983,0.30529999999999996,0.41059999999999997,journee_motive,journee_sport,motive_sport,0.0884524761904762,homogeneous,0.3331454340473506,very_popular
77dcKrzRUI02XjHd2okARp,"Hank Williams, Jr.",A Country Boy Can Survive,country,apres_midi,chaud,detente,romantique,couple,restaurant,134,0.575,0.862,0.705,0.745,0.048,0.074,0.092,7.8,faible,positive,folk_family,0.49565,low_energy,0.40537499999999993,chill,0.3965,mixed,0.7001,0.4399,0.43270000000000003,apres_midi_romantique,apres_midi_detente,romantique_detente,0.12803666666666666,diverse,0.2337467117624953,niche
65M92JpTbAdHmTQm4jGaDa,Chris Stapleton,Think I'm In Love With You,pop,weekend,chaud,fete,joyeux,groupe,club,127,0.838,0.947,0.861,0.504,0.067,0.072,0.239,8.0,elevee,positive,pop_family,0.7935859999999999,high_energy,0.721518,high_party,0.2855,electronic,0.8775999999999999,0.27030000000000004,0.3703,weekend_joyeux,weekend_fete,joyeux_fete,0.14717866666666665,diverse,0.1758737316798196,niche
5RuCWf4bJC0rqA05b7nWfd,Alan Jackson,Country Boy,country,apres_midi,ensoleille,detente,romantique,couple,maison,122,0.576,0.891,0.718,0.835,0.111,0.046,0.285,7.7,faible,positive,folk_family,0.513216,moderate_energy,0.41356799999999994,chill,0.473,organic,0.7131,0.49450000000000005,0.4968,apres_midi_romantique,apres_midi_detente,romantique_detente,0.1203102857142857,diverse,0.2450206689214581,niche
5TzoqLAFczwhUMrjNlWITI,Aaron Lewis,"Country Boy (feat. Charlie Daniels, Chris Young, & George Jones)",country,journee,neutre,cuisine,motive,famille,maison,118,0.707,0.768,0.64,0.398,0.197,0.033,0.307,8.3,moderee,positive,folk_family,0.542976,moderate_energy,0.45248,chill,0.2975,electronic,0.7052,0.3062,0.4113,journee_motive,journee_cuisine,motive_cuisine,0.0771492380952381,homogeneous,0.23449830890642612,niche
7lCs3stpWCtAn5Y2lmnPhV,Jordan Davis,I Ain't Sayin',pop,weekend,chaud,conduite,joyeux,couple,voiture,117,0.724,0.803,0.733,0.657,0.036,0.084,0.347,8.6,moderee,positive,pop_family,0.581372,moderate_energy,0.5306919999999999,chill,0.34650000000000003,mixed,0.7504000000000001,0.3564,0.3983,weekend_joyeux,weekend_conduite,joyeux_conduite,0.10512695238095239,balanced,0.20800450958286362,niche
4mwEHjFmDLchZ9uKVhSu7U,Zach Bryan,"Country Roads (with Charles Wesley Godwin, Jonathan Peyton & Abigail Peyton) - Live",country,apres_midi,chaud,detente,romantique,couple,restaurant,120,0.55,0.85,0.564,0.735,0.359,0.066,0.237,7.2,faible,positive,folk_family,0.4675,low_energy,0.3102,chill,0.5469999999999999,organic,0.6442,0.5367,0.5868,apres_midi_romantique,apres_midi_detente,romantique_detente,0.07649447619047618,homogeneous,0.2337467117624953,niche
2E0bqoMlIb2xmFyZHRjtzK,Sam Hunt,Outskirts,pop,journee,ensoleille,sport,joyeux,amis,exterieur,132,0.721,0.95,0.695,0.669,0.03,0.069,0.146,8.0,moderee,positive,pop_family,0.68495,high_energy,0.501095,chill,0.34950000000000003,mixed,0.7819,0.3603,0.40190000000000003,journee_joyeux,journee_sport,joyeux_sport,0.14049828571428571,diverse,0.3233746711762496,very_popular
7qF0FfuzBFwMe1lNHkEDxW,Lana Del Rey,"Take Me Home, Country Roads",country,journee,neutre,cuisine,motive,famille,maison,129,0.706,0.692,0.714,0.475,0.017,0.036,0.127,8.7,moderee,positive,folk_family,0.48855199999999993,low_energy,0.504084,chill,0.246,electronic,0.7041999999999999,0.2833,0.3438,journee_motive,journee_cuisine,motive_cuisine,0.10611323809523808,balanced,0.23449830890642612,niche
2abHKI9Oox4NBEhOh3HMbq,Seether,Country Song,country,apres_midi,neutre,detente,romantique,couple,restaurant,116,0.458,0.756,0.592,0.548,0.279,0.085,0.077,7.7,faible,positive,folk_family,0.346248,low_energy,0.271136,chill,0.41350000000000003,mixed,0.5876,0.4655,0.4869000000000001,apres_midi_romantique,apres_midi_detente,romantique_detente,0.06784323809523808,homogeneous,0.2658774896655393,niche
77XoAnllT85lmR9WP0D8dS,Jon Pardi,Ain't Always The Cowboy,pop,weekend,chaud,cuisine,joyeux,famille,parc,120,0.775,0.81,0.788,0.438,0.329,0.111,0.342,8.3,moderee,positive,pop_family,0.62775,high_energy,0.6107,moderate_party,0.3835,mixed,0.7894,0.34140000000000004,0.4737,weekend_joyeux,weekend_cuisine,joyeux_cuisine,0.07713390476190478,homogeneous,0.16441187523487413,niche
76M3LE85WD1HhntogBmBp1,Big Mo,Country Bitch,country,weekend,ensoleille,fete,joyeux,amis,cafe,116,0.73,0.863,0.834,0.755,0.146,0.039,0.323,8.0,moderee,positive,folk_family,0.6299899999999999,high_energy,0.6088199999999999,moderate_party,0.4505,organic,0.8010999999999999,0.42680000000000007,0.4917,weekend_joyeux,weekend_fete,joyeux_fete,0.12087647619047619,diverse,0.20086433671552048,niche
0fCwTrRNfoNk962ati8n2K,Tyler Childers,All Your'n,pop,weekend,ensoleille,sport,joyeux,groupe,salle_sport,153,0.913,0.95,0.941,0.675,0.167,0.051,0.171,8.2,elevee,positive,pop_family,0.86735,high_energy,0.859133,high_party,0.42100000000000004,mixed,0.9324999999999999,0.3462,0.4758,weekend_joyeux,weekend_sport,joyeux_sport,0.1665932857142857,diverse,0.2732055618188651,mainstream
5crxqqibcvoOQQgg4HjAFQ,Post Malone,Guy For That (Feat. Luke Combs),pop,weekend,ensoleille,fete,joyeux,groupe,maison,116,0.798,0.88,0.811,0.666,0.191,0.043,0.333,8.2,moderee,positive,pop_family,0.7022400000000001,high_energy,0.647178,moderate_party,0.4285,mixed,0.8265,0.38430000000000003,0.4867,weekend_joyeux,weekend_fete,joyeux_fete,0.11377657142857145,diverse,0.2055618188650883,niche
4hdC3JHzFN1XEebO0BGIpd,Luke Bryan,Country Song Came On,country,journee,neutre,cuisine,motive,famille,maison,120,0.748,0.617,0.681,0.595,0.301,0.037,0.235,8.1,moderee,positive,folk_family,0.461516,low_energy,0.5093880000000001,chill,0.44799999999999995,organic,0.6886000000000001,0.4039,0.5216,journee_motive,journee_cuisine,motive_cuisine,0.0715814761904762,homogeneous,0.23449830890642612,niche
1bp2PcwZgR9LwBdoERsOuJ,Tyler Childers,Country Squire,country,apres_midi,neutre,detente,romantique,couple,maison,134,0.516,0.626,0.643,0.746,0.362,0.098,0.052,8.0,faible,positive,folk_family,0.323016,low_energy,0.331788,chill,0.554,organic,0.5871,0.5522,0.5851999999999999,apres_midi_romantique,apres_midi_detente,romantique_detente,0.07476890476190474,homogeneous,0.27865464111236377,mainstream
3yU9fLsuDYjzVyZW2FLUqY,Blake Shelton,Texas,pop,weekend,ensoleille,conduite,joyeux,couple,voiture,118,0.736,0.95,0.77,0.739,0.351,0.048,0.296,8.0,moderee,positive,pop_family,0.6991999999999999,high_energy,0.56672,moderate_party,0.5449999999999999,organic,0.8104,0.4801,0.5876,weekend_joyeux,weekend_conduite,joyeux_conduite,0.10576823809523807,balanced,0.2065013152950019,niche
7FjO69pOVGMhZMEeMsPWkT,Dylan Marlowe,Country in the Clouds,country,matin,chaud,detente,romantique,couple,restaurant,132,0.482,0.807,0.667,0.628,0.007,0.114,0.316,7.5,faible,positive,folk_family,0.388974,low_energy,0.321494,chill,0.3175,electronic,0.635,0.40870000000000006,0.3691,matin_romantique,matin_detente,romantique_detente,0.08866161904761906,balanced,0.1869597895527997,niche
7iQMm50NNwlUIRWhONZR2k,Tucker Wetmore,Wind Up Missin’ You,pop,weekend,ensoleille,sport,joyeux,groupe,salle_sport,133,0.755,0.814,0.764,0.586,0.022,0.041,0.202,8.3,moderee,positive,pop_family,0.61457,moderate_energy,0.57682,moderate_party,0.304,electronic,0.7754,0.3145,0.3786,weekend_joyeux,weekend_sport,joyeux_sport,0.12573614285714282,diverse,0.2732055618188651,mainstream
454JIJlQ8GvrCoBvSfq3KA,Brantley Gilbert,Country Must Be Country Wide,country,matin,neutre,detente,romantique,couple,restaurant,121,0.492,0.799,0.629,0.621,0.35,0.039,0.276,7.6,faible,positive,folk_family,0.393108,low_energy,0.309468,chill,0.4855,organic,0.6252,0.5058,0.5535,matin_romantique,matin_detente,romantique_detente,0.06559933333333334,homogeneous,0.21909056745584368,niche
5bcbHsQBAYxJnQ8ChGtYeu,Tucker Wetmore,What Would You Do?,pop,journee,neutre,conduite,motive,amis,voiture,126,0.725,0.728,0.825,0.718,0.316,0.112,0.276,8.5,moderee,positive,pop_family,0.5277999999999999,moderate_energy,0.5981249999999999,moderate_party,0.517,organic,0.7559,0.4645,0.5509999999999999,journee_motive,journee_conduite,motive_conduite,0.08076995238095237,homogeneous,0.2577978203682826,niche
2Q6NVIPwqtosYBXQ0C00d0,Morgan Wallen,Country A$$ Shit,country,journee,neutre,cuisine,motive,couple,maison,129,0.722,0.617,0.638,0.688,0.375,0.099,0.301,8.4,moderee,positive,folk_family,0.445474,low_energy,0.460636,chill,0.5315,organic,0.6653,0.4711,0.5741,journee_motive,journee_cuisine,motive_cuisine,0.05547895238095237,homogeneous,0.26550169109357385,niche
0okmLlOW6vKrilXDvtRMfg,Jason Aldean,She's Country,country,apres_midi,neutre,detente,romantique,couple,restaurant,129,0.669,0.735,0.723,0.787,0.331,0.037,0.144,8.6,faible,positive,folk_family,0.491715,low_energy,0.48368700000000003,chill,0.559,organic,0.705,0.5134000000000001,0.5942000000000001,apres_midi_romantique,apres_midi_detente,romantique_detente,0.09746128571428571,balanced,0.2658774896655393,niche
6o7BCdJjGvHBBPMb4ZrA68,Travis Tritt,Country Club,country,apres_midi,chaud,detente,romantique,couple,restaurant,113,0.581,0.818,0.605,0.581,0.008,0.079,0.239,7.7,faible,positive,folk_family,0.47525799999999996,low_energy,0.35150499999999996,chill,0.2945,electronic,0.6593,0.3605,0.36250000000000004,apres_midi_romantique,apres_midi_detente,romantique_detente,0.09385614285714283,balanced,0.2337467117624953,niche
6LLe2s3JrbawMkHzgyYeek,HARDY,REDNECKER,pop,apres_midi,neutre,detente,romantique,couple,maison,123,0.611,0.683,0.677,0.575,0.239,0.112,0.089,8.4,faible,positive,pop_family,0.41731300000000005,low_energy,0.41364700000000004,chill,0.407,mixed,0.6524,0.4184,0.4696,apres_midi_romantique,apres_midi_detente,romantique_detente,0.07210128571428573,homogeneous,0.27865464111236377,mainstream
5RHKTynfo1l2gasVyERJyf,Tonio Armani,Country Girl Remix - Trailride Version,country,matin,neutre,detente,romantique,couple,restaurant,127,0.492,0.732,0.568,0.606,0.355,0.081,0.124,7.3,faible,positive,folk_family,0.36014399999999996,low_energy,0.279456,chill,0.4805,organic,0.5868,0.5013000000000001,0.5430999999999999,matin_romantique,matin_detente,romantique_detente,0.060957285714285714,homogeneous,0.21909056745584368,niche
0oJhcYnFy6wx36jSFaDGuM,Jon Pardi,Friday Night Heartbreaker,pop,weekend,chaud,sport,joyeux,groupe,exterieur,144,0.815,0.921,0.919,0.512,0.057,0.057,0.256,7.9,elevee,positive,pop_family,0.750615,high_energy,0.748985,high_party,0.28450000000000003,electronic,0.878,0.27740000000000004,0.3707,weekend_joyeux,weekend_sport,joyeux_sport,0.15066823809523808,diverse,0.2842916196918452,mainstream
3VqHuw0wFlIHcIPWkhIbdQ,Metallica,Enter Sandman (Remastered),metal,journee,neutre,sport,neutre,amis,exterieur,167,0.885,0.54,0.791,0.471,0.262,0.072,0.275,8.5,elevee,neutre,metal_family,0.47790000000000005,low_energy,0.7000350000000001,moderate_party,0.3665,mixed,0.7533000000000001,0.3015,0.4579,journee_neutre,journee_sport,neutre_sport,0.0866424761904762,homogeneous,0.34178880120255545,very_popular
0LAcM6I7ijW4VVW0aytl1t,Metallica,One (Remastered),metal,journee,neutre,sport,neutre,amis,exterieur,172,0.93,0.432,0.727,0.462,0.091,0.041,0.053,7.9,elevee,neutre,metal_family,0.40176,low_energy,0.67611,moderate_party,0.2765,electronic,0.7197,0.2331,0.3759,journee_neutre,journee_sport,neutre_sport,0.12281380952380955,diverse,0.34178880120255545,very_popular
0STDJOqslyxhEj5iJMQDL6,MARINA,METALLIC STALLION,metal,journee,neutre,sport,neutre,groupe,exterieur,175,0.92,0.584,0.788,0.456,0.291,0.075,0.247,8.1,elevee,neutre,metal_family,0.53728,moderate_energy,0.72496,high_party,0.3735,mixed,0.7796000000000001,0.29369999999999996,0.46730000000000005,journee_neutre,journee_sport,neutre_sport,0.09231514285714286,balanced,0.3228109733183014,very_popular
54bm2e3tk8cliUz3VSdCPZ,Metallica,Master of Puppets (Remastered),metal,journee,neutre,sport,neutre,amis,salle_sport,174,0.95,0.451,0.884,0.463,0.316,0.047,0.084,8.0,elevee,neutre,metal_family,0.42845,low_energy,0.8398,high_party,0.3895,mixed,0.7805,0.29500000000000004,0.4875,journee_neutre,journee_sport,neutre_sport,0.1254262857142857,diverse,0.33220593761743705,very_popular
2CtemffYhT0DJWcT1XW047,Metallica,Nothing Else Matters (Remastered),metal,journee,neutre,sport,motive,amis,exterieur,176,0.857,0.601,0.782,0.469,0.186,0.08,0.262,8.6,elevee,positive,metal_family,0.515057,moderate_energy,0.670174,moderate_party,0.3275,electronic,0.7577,0.2863,0.4177,journee_motive,journee_sport,motive_sport,0.0899822857142857,balanced,0.34272829763246904,very_popular
3UULkHdmLDqBDPmBYltoRE,Alter Bridge,Metalingus,metal,journee,neutre,sport,motive,groupe,exterieur,176,0.95,0.63,0.76,0.52,0.004,0.044,0.348,8.1,elevee,positive,metal_family,0.5984999999999999,moderate_energy,0.722,high_party,0.262,electronic,0.7969999999999999,0.22420000000000004,0.3492,journee_motive,journee_sport,motive_sport,0.12599180952380953,diverse,0.323750469748215,very_popular
28clONjZmul6FjfO6tZQDE,Quiet Riot,Metal Health (Bang Your Head),metal,journee,neutre,sport,neutre,amis,exterieur,170,0.843,0.532,0.779,0.607,0.107,0.024,0.272,8.1,elevee,neutre,metal_family,0.448476,low_energy,0.656697,moderate_party,0.357,mixed,0.7304999999999999,0.32200000000000006,0.43079999999999996,journee_neutre,journee_sport,neutre_sport,0.10414066666666666,balanced,0.34178880120255545,very_popular
51YZAJhOwIC5Gg3jMbAmhZ,Metallica,For Whom The Bell Tolls (Remastered),metal,journee,neutre,sport,neutre,amis,exterieur,167,0.95,0.556,0.822,0.377,0.3,0.066,0.255,8.2,elevee,neutre,metal_family,0.5282,moderate_energy,0.7808999999999999,high_party,0.3385,electronic,0.7934000000000001,0.2558,0.44989999999999997,journee_neutre,journee_sport,neutre_sport,0.1014174761904762,balanced,0.34178880120255545,very_popular
5UaDi8KzCGJqFfVAOBfXhi,Metallica,Sad But True (Remastered),metal,journee,neutre,sport,neutre,amis,salle_sport,168,0.95,0.562,0.746,0.455,0.358,0.044,0.329,8.1,elevee,neutre,metal_family,0.5339,moderate_energy,0.7087,moderate_party,0.4065,mixed,0.7724,0.3044,0.5067,journee_neutre,journee_sport,neutre_sport,0.08762966666666666,homogeneous,0.33220593761743705,very_popular
745sNpjWbAxo2MA2zSYbyD,Metallica,Wherever I May Roam (Remastered),metal,journee,pluvieux,sport,neutre,groupe,exterieur,169,0.95,0.362,0.863,0.321,0.074,0.079,0.067,7.5,elevee,negative,metal_family,0.3439,low_energy,0.81985,high_party,0.1975,electronic,0.7475,0.16560000000000002,0.3175,journee_neutre,journee_sport,neutre_sport,0.14062533333333335,diverse,0.25046974821495677,niche
0dqGfCMAGyDgpUAgLNOjWd,Metallica,Fade To Black (Remastered),metal,soiree,pluvieux,sport,nostalgique,groupe,salle_sport,163,0.95,0.437,0.725,0.621,0.204,0.063,0.306,7.6,elevee,neutre,metal_family,0.41514999999999996,low_energy,0.68875,moderate_party,0.4125,mixed,0.7286,0.3246,0.4757,soiree_nostalgique,soiree_sport,nostalgique_sport,0.09709657142857142,balanced,0.15614430665163473,niche
7lwvxYumAEo10lzAplRGXM,Metallica,The Unforgiven (Remastered),metal,journee,neutre,sport,neutre,amis,exterieur,169,0.871,0.587,0.747,0.331,0.003,0.031,0.343,8.3,elevee,neutre,metal_family,0.511277,moderate_energy,0.650637,moderate_party,0.167,electronic,0.7485999999999999,0.17200000000000004,0.2946,journee_neutre,journee_sport,neutre_sport,0.1128624761904762,diverse,0.34178880120255545,very_popular
5DrNFzZZZVfXaEZCaceKnp,Metallica,Seek & Destroy (Remastered),metal,journee,neutre,sport,neutre,groupe,salle_sport,161,0.95,0.491,0.808,0.365,0.236,0.052,0.251,7.9,elevee,neutre,metal_family,0.46645,low_energy,0.7676000000000001,high_party,0.3005,electronic,0.7697,0.2318,0.41709999999999997,journee_neutre,journee_sport,neutre_sport,0.1051449523809524,balanced,0.313228109733183,very_popular
1GoQ5EQ0ZNURRrJKdThflm,Blanco y Sancho,METAL PIPE FALLING,metal,journee,neutre,sport,motive,amis,exterieur,160,0.95,0.61,0.878,0.254,0.279,0.05,0.148,7.3,elevee,positive,metal_family,0.5795,moderate_energy,0.8341,high_party,0.2665,electronic,0.8264,0.20030000000000003,0.4057,journee_motive,journee_sport,motive_sport,0.12959890476190475,diverse,0.34272829763246904,very_popular
1tTPC0hsnXq1IGpvWY54JC,Metallica,Fuel,metal,journee,neutre,sport,neutre,amis,exterieur,178,0.872,0.453,0.756,0.524,0.104,0.028,0.339,8.0,elevee,neutre,metal_family,0.39501600000000003,low_energy,0.659232,moderate_party,0.314,electronic,0.7115,0.2792,0.4036,journee_neutre,journee_sport,neutre_sport,0.09775728571428571,balanced,0.34178880120255545,very_popular
3pYKJaLiixRcDFfcNhxZKK,Tenacious D,The Metal,metal,journee,neutre,sport,neutre,amis,exterieur,161,0.95,0.552,0.81,0.274,0.059,0.078,0.052,7.7,elevee,neutre,metal_family,0.5244,moderate_energy,0.7695,high_party,0.1665,electronic,0.7886,0.14230000000000004,0.29610000000000003,journee_neutre,journee_sport,neutre_sport,0.14175995238095238,diverse,0.34178880120255545,very_popular
3PNuq4zUgDMTqdBuGeg50m,BABYMETAL,METALI!! - feat. Tom Morello,metal,journee,neutre,sport,neutre,amis,salle_sport,161,0.95,0.515,0.877,0.23,0.241,0.079,0.176,7.7,elevee,neutre,metal_family,0.48924999999999996,low_energy,0.83315,high_party,0.2355,electronic,0.7976,0.17930000000000001,0.37370000000000003,journee_neutre,journee_sport,neutre_sport,0.12339857142857141,diverse,0.33220593761743705,very_popular
6ZT36tXEKY2vvTCuNK4fi1,Toby Fox,Metal Crusher,metal,journee,neutre,sport,motive,groupe,salle_sport,175,0.95,0.619,0.929,0.299,0.339,0.079,0.336,7.8,elevee,positive,metal_family,0.58805,moderate_energy,0.8825500000000001,high_party,0.319,electronic,0.8444,0.2363,0.4434,journee_motive,journee_sport,motive_sport,0.11179823809523809,balanced,0.3141676061630966,very_popular
7oMA3qs18aC69Cr4k6EAyn,"It Lives, It Breathes",Metalingus (Edge's WWE Theme),metal,journee,neutre,sport,neutre,groupe,exterieur,173,0.859,0.583,0.784,0.556,0.028,0.071,0.056,8.0,elevee,neutre,metal_family,0.5007969999999999,low_energy,0.673456,moderate_party,0.29200000000000004,electronic,0.7536999999999999,0.27310000000000006,0.36660000000000004,journee_neutre,journee_sport,neutre_sport,0.1297069523809524,diverse,0.3228109733183014,very_popular
5gQ0LTbcX7gpQDg39gNLH8,Metallica,Metal Militia (Remastered),metal,journee,neutre,sport,motive,amis,salle_sport,167,0.95,0.633,0.936,0.455,0.05,0.041,0.055,7.6,elevee,positive,metal_family,0.6013499999999999,moderate_energy,0.8892,high_party,0.2525,electronic,0.8507,0.21200000000000002,0.3533,journee_motive,journee_sport,motive_sport,0.16714790476190475,diverse,0.3331454340473506,very_popular
36DLF96pjKydN0MZtsahQz,Metallica,Ride The Lightning (Remastered),metal,journee,neutre,sport,neutre,amis,salle_sport,177,0.95,0.438,0.776,0.363,0.236,0.029,0.235,7.5,elevee,neutre,metal_family,0.41609999999999997,low_energy,0.7372,high_party,0.2995,electronic,0.7442,0.23099999999999998,0.42110000000000003,journee_neutre,journee_sport,neutre_sport,0.10518161904761904,balanced,0.33220593761743705,very_popular
3ZpWy5rBZv2aLQAldnmTsP,Metallica,Whiskey In The Jar,metal,journee,neutre,sport,neutre,groupe,salle_sport,168,0.826,0.478,0.666,0.477,0.162,0.068,0.127,8.0,elevee,neutre,metal_family,0.39482799999999996,low_energy,0.550116,chill,0.3195,electronic,0.6736,0.29159999999999997,0.4105,journee_neutre,journee_sport,neutre_sport,0.0842732857142857,homogeneous,0.313228109733183,very_popular
4SRUqprqmYkhxh1W01OcAs,Tee Lopes,Metallic Madness Zone Act 2,metal,journee,neutre,sport,neutre,amis,exterieur,174,0.906,0.454,0.702,0.541,0.076,0.071,0.165,7.4,elevee,neutre,metal_family,0.411324,low_energy,0.636012,moderate_party,0.3085,electronic,0.7092,0.2674,0.3861,journee_neutre,journee_sport,neutre_sport,0.1060982857142857,balanced,0.34178880120255545,very_popular
7HPhrbgMHV5cUskknWA2oo,Metallica,Turn The Page,metal,journee,neutre,sport,neutre,groupe,exterieur,165,0.95,0.403,0.802,0.374,0.124,0.028,0.063,7.5,elevee,neutre,metal_family,0.38285,low_energy,0.7619,high_party,0.249,electronic,0.7415,0.20180000000000003,0.36860000000000004,journee_neutre,journee_sport,neutre_sport,0.13207833333333333,diverse,0.3228109733183014,very_popular
6KF6TkyYpEWKg6BZ3OYJz7,The Beths,Metal,metal,journee,neutre,sport,neutre,amis,salle_sport,173,0.942,0.47,0.772,0.314,0.075,0.071,0.324,7.3,elevee,neutre,metal_family,0.44273999999999997,low_energy,0.727224,high_party,0.1945,electronic,0.7494000000000001,0.16550000000000004,0.3175,journee_neutre,journee_sport,neutre_sport,0.11000899999999998,balanced,0.33220593761743705,very_popular
38ENlrQMSdDpCBZq7T6xcH,KILL KARL,"I'M A METALHEAD, BITCH!",metal,journee,nuageux,sport,neutre,amis,exterieur,179,0.88,0.372,0.799,0.519,0.288,0.027,0.088,7.5,elevee,negative,metal_family,0.32736,low_energy,0.7031200000000001,moderate_party,0.40349999999999997,mixed,0.7033,0.33,0.49429999999999996,journee_neutre,journee_sport,neutre_sport,0.10821457142857144,balanced,0.2698233746711763,mainstream
5yhw9YeXOh3kYCn2NII9bW,Lady Gaga,Heavy Metal Lover,metal,journee,nuageux,sport,neutre,groupe,salle_sport,165,0.862,0.39,0.721,0.579,0.177,0.022,0.226,7.7,elevee,negative,metal_family,0.33618000000000003,low_energy,0.621502,moderate_party,0.378,mixed,0.6780999999999999,0.3261,0.4578,journee_neutre,journee_sport,neutre_sport,0.09450657142857143,balanced,0.2412626832018038,niche
3vV3cr2TpPqFk07zxYUbla,Quiet Riot,Cum on Feel the Noize,pop,weekend,chaud,fete,joyeux,amis,club,129,0.823,0.888,0.832,0.472,0.186,0.085,0.204,8.2,elevee,positive,pop_family,0.7308239999999999,high_energy,0.6847359999999999,moderate_party,0.32899999999999996,electronic,0.8452,0.2977,0.41759999999999997,weekend_joyeux,weekend_fete,joyeux_fete,0.12071728571428571,diverse,0.19485155956407363,niche
0IGXkVRn0uCsgn4FvIfpgB,Metallica,The Unforgiven II,metal,journee,nuageux,sport,neutre,groupe,exterieur,160,0.95,0.356,0.735,0.307,0.131,0.074,0.311,7.2,elevee,negative,metal_family,0.33819999999999995,low_energy,0.6982499999999999,moderate_party,0.219,electronic,0.7073,0.17710000000000004,0.34280000000000005,journee_neutre,journee_sport,neutre_sport,0.10188047619047617,balanced,0.2508455467869222,niche
0u9ORuO4xOQY5SHxNcvCnV,Metallica,Don't Tread on Me (Remastered),metal,journee,neutre,sport,neutre,groupe,exterieur,170,0.95,0.451,0.785,0.292,0.253,0.077,0.347,7.4,elevee,neutre,metal_family,0.42845,low_energy,0.74575,high_party,0.27249999999999996,electronic,0.7507999999999999,0.20770000000000002,0.39870000000000005,journee_neutre,journee_sport,neutre_sport,0.09595557142857142,balanced,0.3228109733183014,very_popular
4xyWJM4kscTROV2RESdwpd,Metallica,Orion (Remastered),metal,journee,neutre,sport,neutre,amis,exterieur,161,0.95,0.477,0.799,0.24,0.18,0.068,0.269,7.4,elevee,neutre,metal_family,0.45314999999999994,low_energy,0.75905,high_party,0.21,electronic,0.7628,0.165,0.3484,journee_neutre,journee_sport,neutre_sport,0.11070514285714285,balanced,0.34178880120255545,very_popular
0H4fQFdmbkARxfqEUVAXPY,Show Me the Body,Metallic Taste,metal,journee,neutre,sport,motive,amis,salle_sport,176,0.95,0.627,0.861,0.521,0.037,0.07,0.09,7.6,elevee,positive,metal_family,0.59565,moderate_energy,0.81795,high_party,0.279,electronic,0.8264,0.23450000000000004,0.3608,journee_motive,journee_sport,motive_sport,0.14997580952380954,diverse,0.3331454340473506,very_popular
4q9QVIaLqjbcoqeCfM2zan,Metallica,Creeping Death (Remastered),metal,journee,nuageux,sport,neutre,amis,salle_sport,166,0.945,0.358,0.811,0.501,0.256,0.036,0.05,7.3,elevee,negative,metal_family,0.33830999999999994,low_energy,0.766395,high_party,0.3785,mixed,0.7286999999999999,0.2937,0.47109999999999996,journee_neutre,journee_sport,neutre_sport,0.12502028571428572,diverse,0.2602405110860579,niche
7wz8LNfmGZ3C0PwKW9LdDg,Metallica,Battery (Remastered),metal,journee,neutre,sport,neutre,groupe,salle_sport,163,0.95,0.575,0.923,0.586,0.208,0.046,0.299,8.0,elevee,neutre,metal_family,0.5462499999999999,moderate_energy,0.87685,high_party,0.39699999999999996,mixed,0.8294,0.3118,0.4706,journee_neutre,journee_sport,neutre_sport,0.12085828571428574,diverse,0.313228109733183,very_popular
18L6LjRgI7Uzw17NySgJgg,Metallica,Enter Sandman (Remastered),metal,journee,pluvieux,sport,neutre,amis,exterieur,169,0.95,0.39,0.762,0.293,0.004,0.05,0.25,7.0,elevee,negative,metal_family,0.3705,low_energy,0.7239,high_party,0.1485,electronic,0.7256,0.13340000000000002,0.2799,journee_neutre,journee_sport,neutre_sport,0.12424195238095236,diverse,0.26944757609921083,mainstream
1U88VM6HzsPBZbXPT1aAR5,Austin Snell,Heavy Metal,metal,soiree,nuageux,sport,nostalgique,amis,salle_sport,165,0.95,0.488,0.818,0.617,0.295,0.029,0.233,7.6,elevee,neutre,metal_family,0.46359999999999996,low_energy,0.7770999999999999,high_party,0.45599999999999996,organic,0.7717999999999999,0.35030000000000006,0.5268,soiree_nostalgique,soiree_sport,nostalgique_sport,0.10865199999999997,balanced,0.1754979331078542,niche
7LHZ7HA45ezKcdN8sBrBuS,Metallica,Welcome Home (Sanitarium) (Remastered),metal,journee,neutre,sport,neutre,amis,exterieur,175,0.95,0.587,0.92,0.437,0.349,0.034,0.069,8.0,elevee,neutre,metal_family,0.55765,moderate_energy,0.874,high_party,0.393,mixed,0.8321000000000001,0.2945,0.4988,journee_neutre,journee_sport,neutre_sport,0.13546133333333335,diverse,0.34178880120255545,very_popular
7FcLgWXLFyAmDrKXIDNwcF,Gary Numan,Metal,metal,journee,neutre,sport,motive,groupe,salle_sport,175,0.8,0.607,0.775,0.385,0.274,0.061,0.33,7.9,moderee,positive,metal_family,0.48560000000000003,low_energy,0.6200000000000001,moderate_party,0.3295,electronic,0.7345999999999999,0.2962,0.4403,journee_motive,journee_sport,motive_sport,0.07545590476190477,homogeneous,0.3141676061630966,very_popular
1hMJVOLrU8Hpz1tiAofE74,TaTa,Metal,metal,journee,neutre,sport,neutre,amis,salle_sport,178,0.908,0.441,0.836,0.259,0.118,0.073,0.345,6.9,elevee,neutre,metal_family,0.400428,low_energy,0.759088,high_party,0.1885,electronic,0.7463,0.1666,0.3221,journee_neutre,journee_sport,neutre_sport,0.10909523809523808,balanced,0.33220593761743705,very_popular
63aVbch5VRXtQnCITdeDTZ,Metallica,Until It Sleeps,metal,journee,neutre,sport,neutre,amis,salle_sport,171,0.95,0.511,0.822,0.533,0.086,0.025,0.243,7.7,elevee,neutre,metal_family,0.48545,low_energy,0.7808999999999999,high_party,0.3095,electronic,0.7799,0.25400000000000006,0.39790000000000003,journee_neutre,journee_sport,neutre_sport,0.12581780952380953,diverse,0.33220593761743705,very_popular
3O7Kkfm93epHtG6GaFtcr6,food house,metal,metal,journee,neutre,sport,neutre,groupe,exterieur,178,0.95,0.538,0.862,0.329,0.119,0.037,0.314,7.0,elevee,neutre,metal_family,0.5111,moderate_energy,0.8189,high_party,0.224,electronic,0.8,0.18230000000000002,0.3508,journee_neutre,journee_sport,neutre_sport,0.12345914285714286,diverse,0.3228109733183014,very_popular
0gCNIZWff5ymNGYMbwImMz,MGMT,Indie Rokkers,indie,apres_midi,neutre,detente,romantique,couple,maison,129,0.665,0.745,0.727,0.69,0.253,0.073,0.079,8.1,faible,positive,pop_family,0.495425,low_energy,0.483455,chill,0.4715,organic,0.7076,0.4523999999999999,0.5189,apres_midi_romantique,apres_midi_detente,romantique_detente,0.09753290476190475,balanced,0.27865464111236377,mainstream
4Tl9JQIbEzz4l1rINiiueo,Jonny K,Indie Hills,indie,apres_midi,neutre,detente,romantique,couple,maison,122,0.533,0.725,0.562,0.876,0.31,0.055,0.065,7.0,faible,positive,pop_family,0.386425,low_energy,0.29954600000000003,chill,0.593,organic,0.5993,0.5835,0.6068,apres_midi_romantique,apres_midi_detente,romantique_detente,0.1000502857142857,balanced,0.27865464111236377,mainstream
7IaBNvBUsdZ9eQaP0EZgrU,Billy Marchiafava,Indie Pop Type Beat,pop,weekend,ensoleille,sport,joyeux,amis,exterieur,152,0.855,0.902,0.948,0.488,0.207,0.038,0.278,7.4,elevee,positive,pop_family,0.77121,high_energy,0.8105399999999999,high_party,0.3475,mixed,0.897,0.3008,0.4423,weekend_joyeux,weekend_sport,joyeux_sport,0.13839814285714286,diverse,0.30176625328823753,very_popular
6rf7vxhgsRYGhMGYfHifsw,Jonny K,Indie Hills - Acoustic,indie,journee,neutre,loisir,neutre,amis,restaurant,111,0.781,0.54,0.624,0.584,0.369,0.07,0.052,7.4,moderee,neutre,pop_family,0.42174000000000006,low_energy,0.487344,chill,0.4765,organic,0.6616000000000001,0.41000000000000003,0.5457000000000001,journee_neutre,journee_loisir,neutre_loisir,0.07880728571428572,homogeneous,0.2596768132281097,niche
0nwrCHhxawj5mSHvb6UkpA,indie tribe,STILL HOLY,indie,apres_midi,neutre,loisir,neutre,seul,maison,114,0.595,0.543,0.504,0.739,0.211,0.046,0.216,7.9,faible,neutre,pop_family,0.323085,low_energy,0.29988,chill,0.475,organic,0.5521,0.48040000000000005,0.518,apres_midi_neutre,apres_midi_loisir,neutre_loisir,0.06311457142857144,homogeneous,0.20781661029688084,niche
7rSuqMaEloVncVc8RDdoDX,Ost & Kjex,Indie,indie,apres_midi,neutre,detente,romantique,couple,restaurant,118,0.536,0.743,0.52,0.756,0.201,0.067,0.24,6.8,faible,positive,pop_family,0.39824800000000005,low_energy,0.27872,chill,0.47850000000000004,organic,0.5933,0.5019,0.5139,apres_midi_romantique,apres_midi_detente,romantique_detente,0.07391495238095237,homogeneous,0.2658774896655393,niche
6868cDsJrSGPyYnO8HPxHZ,indie tribe,ROB HELL,indie,journee,neutre,cuisine,motive,couple,maison,126,0.731,0.642,0.688,0.735,0.282,0.034,0.314,8.2,moderee,positive,pop_family,0.469302,low_energy,0.5029279999999999,chill,0.5085,organic,0.6914,0.4593,0.5547,journee_motive,journee_cuisine,motive_cuisine,0.07709795238095238,homogeneous,0.26550169109357385,niche
3S04lhLcIP2IAgv2ifq2UC,331Music,Indie,indie,apres_midi,neutre,loisir,neutre,amis,exterieur,115,0.647,0.453,0.627,0.464,0.269,0.047,0.133,6.8,faible,neutre,pop_family,0.293091,low_energy,0.405669,chill,0.36650000000000005,mixed,0.5828,0.3722,0.4643,apres_midi_neutre,apres_midi_loisir,neutre_loisir,0.054807476190476184,homogeneous,0.27019917324314163,mainstream
53digzlDS79znypcRuFXBo,indie tribe,ACT,indie,journee,neutre,loisir,neutre,famille,maison,123,0.763,0.594,0.733,0.359,0.356,0.035,0.186,8.2,moderee,neutre,pop_family,0.45322199999999996,low_energy,0.559279,chill,0.3575,mixed,0.7033,0.3215,0.47869999999999996,journee_neutre,journee_loisir,neutre_loisir,0.07593923809523809,homogeneous,0.2311161217587373,niche
4twrPigd0WUg9hbL0FmuAM,Adrik,Indie,indie,journee,neutre,conduite,motive,couple,voiture,110,0.708,0.701,0.719,0.695,0.333,0.051,0.089,7.0,moderee,positive,pop_family,0.4963079999999999,low_energy,0.509052,chill,0.514,organic,0.7092,0.46549999999999997,0.5648,journee_motive,journee_conduite,motive_conduite,0.09368614285714283,balanced,0.24746335963923338,niche
6gCzmH04ba3LhWB4TihXnn,indie tribe,RED FLAGS,indie,apres_midi,neutre,cuisine,neutre,amis,restaurant,123,0.649,0.673,0.646,0.486,0.168,0.031,0.051,8.0,faible,positive,pop_family,0.436777,low_energy,0.419254,chill,0.327,electronic,0.6553,0.3501,0.4236,apres_midi_neutre,apres_midi_cuisine,neutre_cuisine,0.08581857142857142,homogeneous,0.24859075535512967,niche
478ACo993LBxkU3Sv8Vsua,Taaryn,Indie,indie,journee,neutre,loisir,neutre,amis,exterieur,124,0.767,0.508,0.601,0.529,0.29,0.073,0.174,6.7,moderee,neutre,pop_family,0.38963600000000004,low_energy,0.460967,chill,0.4095,mixed,0.6395,0.36849999999999994,0.4891,journee_neutre,journee_loisir,neutre_loisir,0.06176990476190477,homogeneous,0.283727921833897,mainstream
6OhY6laZEBXfn0oa78nhAX,AMPISH,Indie,indie,journee,neutre,loisir,neutre,famille,maison,109,0.782,0.564,0.704,0.551,0.327,0.07,0.175,7.1,moderee,neutre,pop_family,0.441048,low_energy,0.550528,chill,0.43900000000000006,organic,0.6932,0.3839000000000001,0.5147999999999999,journee_neutre,journee_loisir,neutre_loisir,0.07216923809523809,homogeneous,0.2311161217587373,niche
15y4aBGY07JLaLgMLaOI3h,DJ Mykael V,TR!BE ON THE MOVE,pop,apres_midi,chaud,detente,romantique,couple,restaurant,125,0.637,0.92,0.724,0.647,0.011,0.089,0.201,7.4,faible,positive,pop_family,0.58604,moderate_energy,0.461188,chill,0.329,electronic,0.748,0.37100000000000005,0.38180000000000003,apres_midi_romantique,apres_midi_detente,romantique_detente,0.12565090476190477,diverse,0.2337467117624953,niche
4M8YuQqB6GIAz4N09nZn8t,Braxton Cook,Indie,indie,apres_midi,neutre,loisir,neutre,amis,exterieur,115,0.683,0.598,0.634,0.392,0.122,0.075,0.105,7.0,faible,neutre,pop_family,0.408434,low_energy,0.433022,chill,0.257,electronic,0.6428,0.28850000000000003,0.36360000000000003,apres_midi_neutre,apres_midi_loisir,neutre_loisir,0.0731392380952381,homogeneous,0.27019917324314163,mainstream
29sQXh2B7CBjY2t1JMhGGT,indie tribe,PULP FICTION,indie,apres_midi,neutre,loisir,neutre,amis,restaurant,120,0.669,0.598,0.746,0.447,0.345,0.078,0.226,8.1,faible,neutre,pop_family,0.40006200000000003,low_energy,0.499074,chill,0.396,mixed,0.6708,0.3816,0.491,apres_midi_neutre,apres_midi_loisir,neutre_loisir,0.059472476190476194,homogeneous,0.24614806463735436,niche
4OU4JK6MhbUYM2ApUOaUVq,IMRSQD,Indie,indie,apres_midi,neutre,loisir,neutre,famille,maison,110,0.698,0.533,0.549,0.572,0.344,0.028,0.161,6.8,moderee,neutre,pop_family,0.372034,low_energy,0.383202,chill,0.45799999999999996,organic,0.6038,0.4226,0.538,apres_midi_neutre,apres_midi_loisir,neutre_loisir,0.059314476190476195,homogeneous,0.21758737316798193,niche
6oVdkLtgzrDmeNisp9o4mc,MoonMoon,Indie,indie,apres_midi,neutre,detente,romantique,couple,maison,109,0.641,0.741,0.688,0.788,0.378,0.065,0.291,6.7,faible,positive,pop_family,0.474981,low_energy,0.44100799999999996,chill,0.583,organic,0.6851,0.5363,0.6124,apres_midi_romantique,apres_midi_detente,romantique_detente,0.07380514285714285,homogeneous,0.27865464111236377,mainstream
0cLUVjdaZAdouPRhXMTC1h,Creepy Nuts,Gohotekitobikatanosusume,pop,weekend,chaud,cuisine,joyeux,famille,exterieur,115,0.745,0.938,0.781,0.529,0.2,0.08,0.164,7.7,moderee,positive,pop_family,0.6988099999999999,high_energy,0.5818450000000001,moderate_party,0.36450000000000005,mixed,0.8137,0.3481,0.4427000000000001,weekend_joyeux,weekend_cuisine,joyeux_cuisine,0.11839999999999999,diverse,0.2063134160090192,niche
6FSmXbz0EUv6tLM9d214p4,Payasodeyapa,Indie,indie,soiree,pluvieux,loisir,nostalgique,seul,maison,115,0.595,0.482,0.608,0.785,0.104,0.026,0.116,6.6,faible,neutre,pop_family,0.28679,low_energy,0.36175999999999997,chill,0.4445,organic,0.565,0.46670000000000006,0.48229999999999995,soiree_nostalgique,soiree_loisir,nostalgique_loisir,0.090563,balanced,0.06426155580608793,niche
2OFvClbKLxtHeVMb3O1pOX,Original Koffee,West Indies,indie,apres_midi,neutre,detente,romantique,couple,restaurant,128,0.567,0.683,0.505,0.651,0.093,0.059,0.091,7.7,faible,positive,pop_family,0.38726099999999997,low_energy,0.28633499999999995,chill,0.372,mixed,0.5831999999999999,0.4182,0.43000000000000005,apres_midi_romantique,apres_midi_detente,romantique_detente,0.0807929523809524,homogeneous,0.2658774896655393,niche
7EDPtTTKlfj0WZVDHcNSYD,Acumen,Indie,indie,journee,neutre,loisir,neutre,famille,cafe,127,0.741,0.51,0.701,0.631,0.371,0.071,0.25,6.6,moderee,neutre,pop_family,0.37791,low_energy,0.5194409999999999,chill,0.501,organic,0.6597,0.4414,0.5606,journee_neutre,journee_loisir,neutre_loisir,0.061948809523809524,homogeneous,0.20744081172491544,niche
7GDlQGwTVbKn6aOPR997xv,Indieforlife,Crazy Story x Montagem Lunar Diamante,indie,apres_midi,neutre,loisir,neutre,seul,maison,118,0.642,0.554,0.635,0.775,0.387,0.03,0.333,8.1,faible,neutre,pop_family,0.35566800000000004,low_energy,0.40767000000000003,chill,0.581,organic,0.6135,0.5335000000000001,0.62,apres_midi_neutre,apres_midi_loisir,neutre_loisir,0.06258761904761906,homogeneous,0.20781661029688084,niche
10R0WbF7ekdbScY5XRvCYY,Rachid Taha,Indie,indie,journee,neutre,cuisine,motive,couple,cafe,118,0.702,0.747,0.653,0.769,0.395,0.073,0.083,6.8,moderee,positive,pop_family,0.5243939999999999,moderate_energy,0.458406,chill,0.5820000000000001,organic,0.7008,0.5155000000000001,0.6136,journee_motive,journee_cuisine,motive_cuisine,0.09399280952380952,balanced,0.24182638105975196,niche
3Q0QmleD5h2V8nCsfsdbHI,indie tribe,MANDATORY,indie,journee,neutre,conduite,motive,famille,voiture,117,0.753,0.674,0.759,0.403,0.324,0.021,0.059,7.8,moderee,positive,pop_family,0.507522,low_energy,0.571527,moderate_party,0.36350000000000005,mixed,0.7311000000000001,0.3325,0.4787,journee_motive,journee_conduite,motive_conduite,0.09815861904761906,balanced,0.21645997745208567,niche
4MokzxduPUwwLwS92Q5fMM,D.i.n BEATS,Indie,indie,apres_midi,neutre,detente,romantique,couple,restaurant,116,0.661,0.715,0.726,0.688,0.162,0.048,0.192,6.6,faible,positive,pop_family,0.472615,low_energy,0.47988600000000003,chill,0.425,mixed,0.6967,0.4255,0.4778,apres_midi_romantique,apres_midi_detente,romantique_detente,0.093071,balanced,0.2658774896655393,niche
3ZdYouySVrlIVQ02xYppj3,Robin Skies,Indie Movie Night 1,indie,nuit,nuageux,loisir,nostalgique,seul,maison,122,0.536,0.477,0.537,0.864,0.005,0.037,0.241,6.9,faible,neutre,pop_family,0.255672,low_energy,0.28783200000000003,chill,0.4345,organic,0.5186000000000001,0.4863,0.4543,nuit_nostalgique,nuit_loisir,nostalgique_loisir,0.09500823809523812,balanced,0.06444945509207066,niche
4hN5TRMGnnTuE0NWW6otIE,Aarktica,Indie,indie,apres_midi,neutre,detente,romantique,couple,restaurant,119,0.534,0.654,0.534,0.801,0.031,0.026,0.34,6.2,faible,positive,pop_family,0.34923600000000005,low_energy,0.285156,chill,0.41600000000000004,mixed,0.5700000000000001,0.4695,0.4506,apres_midi_romantique,apres_midi_detente,romantique_detente,0.0898014761904762,balanced,0.2658774896655393,niche
0751ozQYIiLVQ9FRFhe55j,The Killers,Glamorous Indie Rock & Roll,rock,journee,neutre,sport,neutre,amis,exterieur,151,0.95,0.501,0.77,0.521,0.06,0.102,0.144,7.4,elevee,neutre,rock_family,0.47595,low_energy,0.7314999999999999,high_party,0.2905,electronic,0.7613,0.24140000000000003,0.3659,journee_neutre,journee_sport,neutre_sport,0.12089928571428571,diverse,0.34178880120255545,very_popular
71I6NpMjk537uSubXDkVV4,Michelle,Indie,indie,journee,neutre,conduite,motive,couple,voiture,121,0.711,0.602,0.591,0.749,0.206,0.068,0.21,7.0,moderee,positive,pop_family,0.42802199999999996,low_energy,0.42020099999999994,chill,0.4775,organic,0.6423,0.44810000000000005,0.5141,journee_motive,journee_conduite,motive_conduite,0.07725714285714286,homogeneous,0.24746335963923338,niche
31S2Q3un7Wh6kTW2NIUnqL,Raphael Lake,Prisoner,pop,apres_midi,neutre,detente,romantique,couple,restaurant,121,0.662,0.764,0.763,0.782,0.233,0.035,0.18,8.0,faible,positive,pop_family,0.505768,low_energy,0.505106,chill,0.5075000000000001,organic,0.7229,0.48410000000000003,0.5441,apres_midi_romantique,apres_midi_detente,romantique_detente,0.10560161904761906,balanced,0.2658774896655393,niche
76kMEpzKLbO56G0f6BfDwM,周涛文,Indie,indie,apres_midi,neutre,loisir,neutre,famille,maison,110,0.613,0.567,0.594,0.494,0.087,0.071,0.092,6.5,faible,neutre,pop_family,0.34757099999999996,low_energy,0.364122,chill,0.2905,electronic,0.5934999999999999,0.3398,0.3775,apres_midi_neutre,apres_midi_loisir,neutre_loisir,0.06824057142857141,homogeneous,0.21758737316798193,niche
3C1Y2ufbDRDQXFl1sIF6Eu,indie tribe,TEAM,indie,apres_midi,neutre,loisir,neutre,amis,maison,117,0.591,0.48,0.487,0.492,0.31,0.071,0.174,7.6,faible,neutre,pop_family,0.28368,low_energy,0.287817,chill,0.401,mixed,0.5265,0.4125,0.4884,apres_midi_neutre,apres_midi_loisir,neutre_loisir,0.036816476190476184,homogeneous,0.25892521608417884,niche
4N5guglVJdjG8eZOQedJMW,Mike Phirman,Indie,indie,nuit,nuageux,loisir,nostalgique,seul,cafe,116,0.76,0.458,0.748,0.721,0.202,0.036,0.24,6.2,moderee,neutre,pop_family,0.34808,low_energy,0.56848,moderate_party,0.4615,organic,0.6658,0.421,0.5101,nuit_nostalgique,nuit_loisir,nostalgique_loisir,0.08922947619047618,balanced,0.04077414505824878,niche
30DAzZ9pfknGTa5NdMQNrX,indie tribe,LIKE ME,indie,soiree,pluvieux,loisir,nostalgique,seul,maison,120,0.513,0.451,0.468,0.746,0.039,0.026,0.161,7.2,faible,neutre,pop_family,0.231363,low_energy,0.24008400000000002,chill,0.3925,mixed,0.4809,0.4562,0.4381,soiree_nostalgique,soiree_loisir,nostalgique_loisir,0.07410428571428572,homogeneous,0.06426155580608793,niche
5XJGXVAxjAbb3ZAlnnHAst,HOME IS DEAD,Indie,indie,apres_midi,neutre,loisir,neutre,seul,maison,118,0.581,0.504,0.563,0.763,0.123,0.027,0.071,6.3,faible,neutre,pop_family,0.292824,low_energy,0.3271029999999999,chill,0.443,organic,0.5525,0.46780000000000005,0.485,apres_midi_neutre,apres_midi_loisir,neutre_loisir,0.08699699999999999,homogeneous,0.20781661029688084,niche
7hDEqKECXWU1syQCwJsFCb,Soccer Mommy,Indie Rokkers,indie,apres_midi,neutre,loisir,neutre,seul,cafe,114,0.559,0.531,0.605,0.801,0.085,0.021,0.32,7.2,faible,neutre,pop_family,0.29682900000000007,low_energy,0.338195,chill,0.443,organic,0.5644,0.4782,0.4786,apres_midi_neutre,apres_midi_loisir,neutre_loisir,0.0820679523809524,homogeneous,0.18414130026305897,niche
2NDoK87du1jK5yd6b63Hmz,Rachid Taha,Indie,indie,apres_midi,neutre,conduite,neutre,amis,voiture,113,0.661,0.676,0.573,0.498,0.105,0.029,0.22,6.8,faible,positive,pop_family,0.44683600000000007,low_energy,0.378753,chill,0.3015,electronic,0.6391,0.33240000000000003,0.3961,apres_midi_neutre,apres_midi_conduite,neutre_conduite,0.07344828571428572,homogeneous,0.2433295753476137,niche
5Z6FrdQQJRYez4wlGlu2ZG,indie tribe,HOLY SMOKE!,indie,apres_midi,neutre,detente,romantique,couple,restaurant,116,0.616,0.648,0.706,0.806,0.014,0.035,0.298,7.8,faible,positive,pop_family,0.399168,low_energy,0.43489599999999995,chill,0.41000000000000003,mixed,0.6526,0.44179999999999997,0.4418,apres_midi_romantique,apres_midi_detente,romantique_detente,0.10739214285714287,balanced,0.2658774896655393,niche
7836zv0i40bgabqDqVqBW3,Rachid Taha,Indie,indie,apres_midi,neutre,loisir,neutre,amis,exterieur,119,0.637,0.526,0.675,0.431,0.177,0.064,0.252,6.7,faible,neutre,pop_family,0.335062,low_energy,0.42997500000000005,chill,0.304,electronic,0.6151,0.3344,0.405,apres_midi_neutre,apres_midi_loisir,neutre_loisir,0.055492285714285716,homogeneous,0.27019917324314163,mainstream
0MTdYgTZ25sLCO6kVnDoje,Sai Abhyankkar,"Aasa Kooda - From ""Think Indie""",indie,journee,neutre,cuisine,motive,couple,maison,117,0.784,0.749,0.689,0.675,0.321,0.071,0.181,8.6,moderee,positive,pop_family,0.5872160000000001,moderate_energy,0.540176,chill,0.498,organic,0.745,0.4311,0.5488,journee_motive,journee_cuisine,motive_cuisine,0.08778623809523811,homogeneous,0.26550169109357385,niche
2pW5kNCx133MWWirxegvng,Happy Birthday Songs,Happy Birthday To You - Classic Version,pop,journee,neutre,conduite,motive,famille,voiture,126,0.759,0.744,0.778,0.467,0.097,0.075,0.305,8.0,moderee,positive,pop_family,0.564696,moderate_energy,0.590502,moderate_party,0.28200000000000003,electronic,0.7602,0.2882,0.37360000000000004,journee_motive,journee_conduite,motive_conduite,0.0958742380952381,balanced,0.21645997745208567,niche
60nZcImufyMA1MKQY3dcCH,Pharrell Williams,"Happy - From ""Despicable Me 2""",pop,weekend,chaud,sport,joyeux,groupe,exterieur,154,0.88,0.918,0.935,0.513,0.388,0.09,0.125,8.4,elevee,positive,pop_family,0.80784,high_energy,0.8228000000000001,high_party,0.4505,organic,0.9079,0.35760000000000003,0.5299,weekend_joyeux,weekend_sport,joyeux_sport,0.13539780952380956,diverse,0.2842916196918452,mainstream
6snoOAATGyud5oaIT9gwws,Imogen Heap,The Happy Song,pop,weekend,ensoleille,fete,joyeux,amis,club,121,0.849,0.893,0.839,0.539,0.261,0.069,0.054,8.3,elevee,positive,pop_family,0.758157,high_energy,0.7123109999999999,high_party,0.4,mixed,0.8592,0.3392,0.47840000000000005,weekend_joyeux,weekend_fete,joyeux_fete,0.1390812857142857,diverse,0.19334836527621194,niche
7KvZLaYFqBqoADTelAsWWO,Treaty Oak Revival,Happy Face,pop,weekend,ensoleille,cuisine,joyeux,famille,exterieur,123,0.717,0.828,0.714,0.592,0.065,0.099,0.177,8.4,moderee,positive,pop_family,0.593676,moderate_energy,0.511938,chill,0.3285,electronic,0.7494,0.3412,0.3903,weekend_joyeux,weekend_cuisine,joyeux_cuisine,0.1082893333333333,balanced,0.20481022172115748,niche
3cJSJTrEKNfm1TmoswErkW,Stevie Wonder,Happy Birthday,pop,apres_midi,chaud,detente,romantique,couple,restaurant,131,0.669,0.858,0.728,0.592,0.104,0.09,0.079,7.6,faible,positive,pop_family,0.574002,moderate_energy,0.487032,chill,0.348,mixed,0.7434,0.3673,0.41159999999999997,apres_midi_romantique,apres_midi_detente,romantique_detente,0.11645023809523809,diverse,0.2337467117624953,niche
0XkGuccSfq43beHberZYKz,Tempo,Happy Birthday,pop,journee,neutre,sport,motive,amis,salle_sport,131,0.713,0.725,0.606,0.444,0.019,0.101,0.348,8.6,moderee,positive,pop_family,0.516925,moderate_energy,0.43207799999999996,chill,0.2315,electronic,0.6845,0.26940000000000003,0.3225,journee_motive,journee_sport,motive_sport,0.08029257142857142,homogeneous,0.3331454340473506,very_popular
1JO1xLtVc8mWhIoE3YaCL0,The Turtles,Happy Together,pop,weekend,ensoleille,sport,joyeux,amis,salle_sport,135,0.896,0.95,0.771,0.638,0.06,0.065,0.076,8.0,elevee,positive,pop_family,0.8512,high_energy,0.690816,moderate_party,0.349,mixed,0.8747,0.30440000000000006,0.4084,weekend_joyeux,weekend_sport,joyeux_sport,0.16902090476190476,diverse,0.29218338970311913,mainstream
3B0rbCaw4wkVU9OUjekgxb,Happy Birthday,Happy Birthday - Dance Mix,pop,weekend,ensoleille,sport,joyeux,amis,salle_sport,143,0.829,0.929,0.95,0.53,0.365,0.071,0.283,7.4,elevee,positive,pop_family,0.770141,high_energy,0.78755,high_party,0.4475,organic,0.8953,0.3728,0.5273000000000001,weekend_joyeux,weekend_sport,joyeux_sport,0.1192002380952381,diverse,0.29218338970311913,mainstream
3ZEno9fORwMA1HPecdLi0R,NF,HAPPY,pop,journee,ensoleille,sport,joyeux,amis,salle_sport,133,0.776,0.811,0.691,0.495,0.209,0.065,0.222,8.4,moderee,positive,pop_family,0.629336,high_energy,0.536216,chill,0.352,mixed,0.7610000000000001,0.32789999999999997,0.44000000000000006,journee_joyeux,journee_sport,joyeux_sport,0.09216166666666668,balanced,0.3137918075911312,very_popular
2R5iTxkCln6NLTw6l0kjWw,CoComelon,Happy Birthday Song,pop,apres_midi,ensoleille,detente,romantique,couple,maison,118,0.672,0.894,0.699,0.736,0.197,0.071,0.151,7.6,faible,positive,pop_family,0.6007680000000001,moderate_energy,0.469728,chill,0.4665,organic,0.7467,0.45189999999999997,0.5051000000000001,apres_midi_romantique,apres_midi_detente,romantique_detente,0.11280895238095238,diverse,0.2450206689214581,niche
14UEvrPgy16q1kLClxnPDG,Grupo Celebración,Happy Birthday - Mariachi,pop,journee,neutre,cuisine,motive,amis,cafe,121,0.767,0.739,0.841,0.626,0.004,0.102,0.211,7.6,moderee,positive,pop_family,0.566813,moderate_energy,0.645047,moderate_party,0.315,electronic,0.7807999999999999,0.3215,0.3694,journee_motive,journee_cuisine,motive_cuisine,0.12370133333333333,diverse,0.25216084178880116,niche
0INUE1K7cEiE8VH63Rv5RJ,Mudvayne,Happy?,pop,journee,ensoleille,sport,energique,amis,salle_sport,136,0.892,0.716,0.82,0.522,0.022,0.117,0.181,8.2,elevee,positive,pop_family,0.638672,high_energy,0.73144,high_party,0.272,electronic,0.8176,0.2478,0.3442,journee_energique,journee_sport,energique_sport,0.1287634761904762,diverse,0.28861330326944756,mainstream
7yCF65vpc7sUwPjftI0iFb,Ace of Base,Happy Nation,pop,journee,neutre,cuisine,motive,famille,maison,121,0.795,0.739,0.789,0.477,0.375,0.053,0.277,8.6,moderee,positive,pop_family,0.587505,moderate_energy,0.627255,moderate_party,0.426,mixed,0.7764000000000001,0.36479999999999996,0.52,journee_motive,journee_cuisine,motive_cuisine,0.08222590476190475,homogeneous,0.23449830890642612,niche
66dhFnT6oQ65N3NPeEuLfQ,The Minions,Happy Birthday to You,pop,apres_midi,neutre,detente,romantique,couple,maison,124,0.655,0.705,0.757,0.595,0.05,0.031,0.155,7.5,faible,positive,pop_family,0.461775,low_energy,0.495835,chill,0.3225,electronic,0.7006,0.3565,0.3973,apres_midi_romantique,apres_midi_detente,romantique_detente,0.1065134761904762,balanced,0.27865464111236377,mainstream
5hvVdUchUscAK6hLezOoUV,Forrest Frank,HAPPY,pop,apres_midi,ensoleille,detente,romantique,couple,restaurant,127,0.627,0.811,0.713,0.594,0.043,0.077,0.289,8.1,faible,positive,pop_family,0.5084970000000001,low_energy,0.447051,chill,0.3185,electronic,0.708,0.36240000000000006,0.3843,apres_midi_romantique,apres_midi_detente,romantique_detente,0.09704195238095238,balanced,0.2322435174746336,niche
0k1rBoFbEGVTyZd1GVbEW5,Elmo,Happy Dance,pop,journee,ensoleille,sport,energique,groupe,salle_sport,151,0.883,0.777,0.862,0.574,0.22,0.085,0.059,8.0,elevee,positive,pop_family,0.686091,high_energy,0.761146,high_party,0.39699999999999996,mixed,0.8449,0.3307,0.46520000000000006,journee_energique,journee_sport,energique_sport,0.13413590476190476,diverse,0.2696354753851935,mainstream
2BCECbXfftaxyBRLnIpeZT,Jagwar Twin,Happy Face,pop,journee,neutre,conduite,motive,couple,voiture,116,0.734,0.784,0.698,0.616,0.238,0.048,0.058,8.5,moderee,positive,pop_family,0.575456,moderate_energy,0.512332,chill,0.427,mixed,0.7382,0.39759999999999995,0.4942,journee_motive,journee_conduite,motive_conduite,0.10689790476190475,balanced,0.24746335963923338,niche
2j51zcNLfN4FiZf89SXWq7,Gracie's Corner,The Birthday Song,pop,weekend,ensoleille,conduite,joyeux,amis,voiture,118,0.795,0.873,0.783,0.538,0.291,0.043,0.216,7.3,moderee,positive,pop_family,0.6940350000000001,high_energy,0.6224850000000001,moderate_party,0.4145,mixed,0.8148,0.364,0.4983,weekend_joyeux,weekend_conduite,joyeux_conduite,0.1067759523809524,balanced,0.21683577602405113,niche
2beeR72qyVu9RYvqKO3L3R,Super Simple Songs,If You're Happy and You Know It,pop,apres_midi,ensoleille,detente,romantique,couple,restaurant,124,0.618,0.817,0.669,0.608,0.125,0.117,0.336,8.0,faible,positive,pop_family,0.504906,low_energy,0.41344200000000003,chill,0.3665,mixed,0.6930000000000001,0.3953,0.4215,apres_midi_romantique,apres_midi_detente,romantique_detente,0.07709133333333333,homogeneous,0.2322435174746336,niche
6CbcdeTQKj0qTaZTt0xkdk,Ashanti,Happy,pop,weekend,chaud,sport,joyeux,amis,salle_sport,151,0.837,0.93,0.913,0.399,0.302,0.085,0.059,7.8,elevee,positive,pop_family,0.77841,high_energy,0.764181,high_party,0.35050000000000003,mixed,0.8877,0.29910000000000003,0.4537,weekend_joyeux,weekend_sport,joyeux_sport,0.1475099523809524,diverse,0.2936865839909808,mainstream
27v8MmYsoyXiCS5EEqmGHS,The Minions,It's your birthday,pop,apres_midi,neutre,detente,romantique,couple,maison,125,0.638,0.784,0.646,0.604,0.362,0.033,0.091,7.1,faible,positive,pop_family,0.5001920000000001,low_energy,0.412148,chill,0.483,organic,0.6842,0.4588,0.5556,apres_midi_romantique,apres_midi_detente,romantique_detente,0.08658947619047619,homogeneous,0.27865464111236377,mainstream
3zjjzKg16tczCMwckGKGuH,Weathers,Happy Pills,pop,apres_midi,neutre,cuisine,neutre,amis,restaurant,126,0.693,0.783,0.702,0.497,0.024,0.081,0.214,8.4,moderee,positive,pop_family,0.542619,moderate_energy,0.4864859999999999,chill,0.2605,electronic,0.7227,0.29810000000000003,0.3449,apres_midi_neutre,apres_midi_cuisine,neutre_cuisine,0.10091790476190475,balanced,0.24859075535512967,niche
1yYE8EyuIV0rrvQ1bA2Fyf,Bring Me The Horizon,Happy Song,pop,apres_midi,neutre,conduite,neutre,famille,voiture,136,0.678,0.752,0.741,0.455,0.005,0.035,0.273,8.5,faible,positive,pop_family,0.5098560000000001,moderate_energy,0.502398,chill,0.23,electronic,0.7191000000000001,0.2801,0.332,apres_midi_neutre,apres_midi_conduite,neutre_conduite,0.10385214285714285,balanced,0.20199173243141677,niche
3YYTCTlM2K3GoRz3X3d4ES,Jagwar Twin,Happy Face,pop,apres_midi,chaud,detente,romantique,amis,cafe,136,0.66,0.925,0.808,0.783,0.07,0.109,0.308,7.5,faible,positive,pop_family,0.6105,moderate_energy,0.5332800000000001,chill,0.4265,mixed,0.7839,0.43620000000000003,0.44810000000000005,apres_midi_romantique,apres_midi_detente,romantique_detente,0.12533790476190476,diverse,0.23318301390454718,niche
4ijhhX7q8gKpwMBrEdd10F,Clave Especial,HAPPY,pop,journee,ensoleille,sport,energique,amis,salle_sport,139,0.86,0.757,0.766,0.307,0.39,0.097,0.093,8.0,elevee,positive,pop_family,0.65102,high_energy,0.65876,moderate_party,0.34850000000000003,mixed,0.8009000000000001,0.2818,0.4677,journee_energique,journee_sport,energique_sport,0.10604247619047617,balanced,0.28861330326944756,mainstream
1WbjIWan3JBeOV4wrIveRA,Kyle Hume,Happy,pop,journee,neutre,conduite,motive,famille,voiture,118,0.77,0.665,0.711,0.35,0.215,0.081,0.258,8.3,moderee,positive,pop_family,0.51205,moderate_energy,0.54747,chill,0.2825,electronic,0.7208000000000001,0.27349999999999997,0.3963,journee_motive,journee_conduite,motive_conduite,0.07559457142857144,homogeneous,0.21645997745208567,niche
0nlERwr8m4Ks1RYYuTVm0C,Busy Signal,Happy Birthday,pop,journee,neutre,sport,motive,groupe,exterieur,134,0.754,0.683,0.754,0.641,0.015,0.047,0.196,8.2,moderee,positive,pop_family,0.514982,moderate_energy,0.568516,moderate_party,0.328,electronic,0.7327,0.3347,0.39039999999999997,journee_motive,journee_sport,motive_sport,0.1152062857142857,diverse,0.323750469748215,very_popular
4keoy2fqgwGnbWlm3ZVZFa,Zedd,Happy Now,pop,journee,ensoleille,sport,energique,amis,exterieur,153,0.865,0.791,0.935,0.645,0.308,0.117,0.303,8.1,elevee,positive,pop_family,0.684215,high_energy,0.808775,high_party,0.47650000000000003,organic,0.8638000000000001,0.39089999999999997,0.5241,journee_energique,journee_sport,energique_sport,0.10329357142857143,balanced,0.29819616685456596,mainstream
5SAckbSHhNJ41b3bn5XwPL,Kygo,Happy Birthday (feat. John Legend),pop,apres_midi,neutre,detente,romantique,couple,restaurant,137,0.654,0.736,0.601,0.64,0.382,0.108,0.326,7.9,faible,positive,pop_family,0.481344,low_energy,0.393054,chill,0.511,organic,0.6627,0.4744,0.5614,apres_midi_romantique,apres_midi_detente,romantique_detente,0.051112619047619046,homogeneous,0.2658774896655393,niche
6LVzOLJkzG3C4hLNOdaBry,Blake Shelton,Happy Anywhere (feat. Gwen Stefani),pop,journee,chaud,sport,energique,amis,exterieur,153,0.826,0.712,0.86,0.508,0.079,0.072,0.327,8.2,elevee,positive,pop_family,0.588112,moderate_energy,0.71036,moderate_party,0.2935,electronic,0.802,0.2791,0.37750000000000006,journee_energique,journee_sport,energique_sport,0.11155261904761903,balanced,0.2996993611424276,mainstream
3OYNziV4X8XQuOW0NUyeWG,Jack Hartmann,Happy Fathers Day,pop,apres_midi,ensoleille,detente,romantique,couple,maison,131,0.651,0.938,0.688,0.724,0.387,0.031,0.194,6.6,faible,positive,pop_family,0.610638,moderate_energy,0.44788799999999995,chill,0.5555,organic,0.7482,0.5104,0.6044999999999999,apres_midi_romantique,apres_midi_detente,romantique_detente,0.1041178095238095,balanced,0.2450206689214581,niche
5sVXeMDbBvCBYP9Ff22MUp,Peyton Malloye,Happy Thoughts,pop,weekend,chaud,sport,joyeux,groupe,salle_sport,131,0.786,0.926,0.868,0.662,0.389,0.046,0.342,7.8,moderee,positive,pop_family,0.727836,high_energy,0.6822480000000001,moderate_party,0.5255000000000001,organic,0.8526,0.4457,0.5839,weekend_joyeux,weekend_sport,joyeux_sport,0.10497680952380951,balanced,0.2747087561067268,mainstream
5lujBnGhaV4zgazZ6A8S5g,X Ambassadors,Happy People (with Teddy Swims & Jac Ross),pop,weekend,chaud,conduite,joyeux,couple,voiture,117,0.763,0.948,0.768,0.607,0.221,0.117,0.305,7.8,moderee,positive,pop_family,0.723324,high_energy,0.5859840000000001,moderate_party,0.414,mixed,0.8200000000000001,0.3802,0.46919999999999995,weekend_joyeux,weekend_conduite,joyeux_conduite,0.1013682380952381,balanced,0.20800450958286362,niche
5kWzM5dWoG54dGyFb5uMuX,Vicente Fernández,Las Mañanitas,pop,weekend,chaud,sport,joyeux,amis,salle_sport,142,0.824,0.941,0.766,0.35,0.181,0.057,0.24,7.5,elevee,positive,pop_family,0.775384,high_energy,0.631184,moderate_party,0.26549999999999996,electronic,0.8417,0.2471,0.3841,weekend_joyeux,weekend_sport,joyeux_sport,0.1259138095238095,diverse,0.2936865839909808,mainstream
3ee8Jmje8o58CHK66QrVC2,XXXTENTACION,SAD!,pop,journee,chaud,sport,energique,groupe,salle_sport,145,0.928,0.705,0.719,0.419,0.08,0.042,0.254,8.4,elevee,positive,pop_family,0.65424,high_energy,0.667232,moderate_party,0.2495,electronic,0.7984,0.21319999999999997,0.35729999999999995,journee_energique,journee_sport,energique_sport,0.11810161904761905,diverse,0.2711386696730552,mainstream
43bq8lmMMtMSXJST6g3Nq1,Megan Moroney,Sad Songs For Sad People,pop,apres_midi,neutre,detente,romantique,couple,restaurant,125,0.61,0.762,0.696,0.565,0.385,0.038,0.193,8.0,faible,positive,pop_family,0.46482,low_energy,0.42455999999999994,chill,0.475,organic,0.6814,0.45849999999999996,0.5544,apres_midi_romantique,apres_midi_detente,romantique_detente,0.07255047619047619,homogeneous,0.2658774896655393,niche
11MyiSGZSYSmhhqwGUTtAq,Lana Del Rey,Sad Girl,pop,apres_midi,neutre,cuisine,neutre,famille,maison,122,0.688,0.782,0.693,0.445,0.002,0.091,0.235,8.8,moderee,positive,pop_family,0.5380159999999999,moderate_energy,0.47678399999999993,chill,0.2235,electronic,0.7177,0.27220000000000005,0.3163,apres_midi_neutre,apres_midi_cuisine,neutre_cuisine,0.09920161904761904,balanced,0.22003006388575722,niche
09gysnJpfQ3ublBmJDfcEC,Amaarae,SAD GIRLZ LUV MONEY Remix (feat. Kali Uchis and Moliy),pop,weekend,chaud,fete,joyeux,amis,club,120,0.814,0.95,0.893,0.728,0.259,0.048,0.305,8.1,elevee,positive,pop_family,0.7732999999999999,high_energy,0.7269019999999999,high_party,0.4935,organic,0.8784999999999998,0.4247,0.5383,weekend_joyeux,weekend_fete,joyeux_fete,0.12877533333333332,diverse,0.19485155956407363,niche
65krtHkaYLPr0mEbjL61UP,Sade,Kiss of Life,pop,apres_midi,chaud,cuisine,neutre,famille,exterieur,139,0.683,0.95,0.678,0.479,0.311,0.107,0.114,8.2,faible,positive,pop_family,0.64885,high_energy,0.46307400000000004,chill,0.395,mixed,0.7616,0.37999999999999995,0.4778,apres_midi_neutre,apres_midi_cuisine,neutre_cuisine,0.10045895238095237,balanced,0.19917324314167606,niche
4PEGwWH4tL6H7dGl4uVSPg,Sade,Like a Tattoo,pop,weekend,chaud,sport,joyeux,groupe,salle_sport,134,0.793,0.941,0.786,0.653,0.041,0.119,0.253,8.2,moderee,positive,pop_family,0.746213,high_energy,0.623298,moderate_party,0.34700000000000003,mixed,0.8353,0.3356,0.3926,weekend_joyeux,weekend_sport,joyeux_sport,0.13355490476190476,diverse,0.2747087561067268,mainstream
68cUJFq7aAbgeurngTmngL,Junior H,$AD BOYZ II,pop,weekend,ensoleille,sport,joyeux,amis,salle_sport,135,0.861,0.95,0.873,0.52,0.366,0.041,0.335,8.0,elevee,positive,pop_family,0.81795,high_energy,0.751653,high_party,0.443,organic,0.8913,0.35950000000000004,0.5307999999999999,weekend_joyeux,weekend_sport,joyeux_sport,0.11663257142857142,diverse,0.29218338970311913,mainstream
1VykDC2twhsRrlhgxJHKRZ,Gabito Ballesteros,Sad Loqueron,pop,journee,neutre,conduite,motive,famille,voiture,119,0.723,0.661,0.736,0.552,0.361,0.036,0.332,8.5,moderee,positive,pop_family,0.477903,low_energy,0.5321279999999999,chill,0.4565,organic,0.7083,0.41220000000000007,0.5388999999999999,journee_motive,journee_conduite,motive_conduite,0.06591514285714285,homogeneous,0.21645997745208567,niche
0BU7UCDxV2AxK11swhJ9aJ,flipturn,Sad Disco,pop,journee,neutre,conduite,motive,amis,voiture,122,0.797,0.717,0.709,0.407,0.24,0.053,0.1,8.3,moderee,positive,pop_family,0.571449,moderate_energy,0.565073,moderate_party,0.3235,electronic,0.7465999999999999,0.29569999999999996,0.4315,journee_motive,journee_conduite,motive_conduite,0.09708880952380951,balanced,0.2577978203682826,niche
57h06SZNL6LJ3YKZ1UGCeu,Enigma,Sadeness,pop,weekend,chaud,fete,joyeux,groupe,maison,129,0.798,0.814,0.815,0.643,0.241,0.042,0.301,8.1,moderee,positive,pop_family,0.649572,high_energy,0.65037,moderate_party,0.442,organic,0.8079,0.3901,0.505,weekend_joyeux,weekend_fete,joyeux_fete,0.10335533333333334,balanced,0.20706501315295,niche
5p9XWUdvbUzmPCukOmwoU3,KT Tunstall,Suddenly I See,pop,weekend,chaud,sport,joyeux,amis,exterieur,149,0.898,0.948,0.793,0.396,0.002,0.06,0.126,8.1,elevee,positive,pop_family,0.851304,high_energy,0.712114,moderate_party,0.199,electronic,0.8815,0.1896,0.3078,weekend_joyeux,weekend_sport,joyeux_sport,0.17104861904761906,diverse,0.3032694475760992,very_popular
6glXSeNfi2H3caS76upMpY,Jorsshh,SAD LOQUERON,pop,journee,neutre,cuisine,motive,couple,maison,127,0.766,0.675,0.733,0.613,0.057,0.05,0.231,8.5,moderee,positive,pop_family,0.51705,moderate_energy,0.561478,chill,0.335,electronic,0.7288,0.3325,0.4024,journee_motive,journee_cuisine,motive_cuisine,0.10324328571428572,balanced,0.26550169109357385,niche
1SvET7grrtsHT0CkyJjJcZ,Sade,Is It a Crime,pop,weekend,ensoleille,sport,joyeux,amis,exterieur,138,0.719,0.894,0.761,0.575,0.054,0.11,0.23,8.1,moderee,positive,pop_family,0.642786,high_energy,0.547159,chill,0.3145,electronic,0.7841,0.33049999999999996,0.3775,weekend_joyeux,weekend_sport,joyeux_sport,0.11622295238095239,diverse,0.30176625328823753,very_popular
1Ist6PR2BZR3n2z2Y5R6S1,Lana Del Rey,Summertime Sadness,pop,weekend,ensoleille,sport,joyeux,groupe,exterieur,130,0.705,0.95,0.792,0.745,0.104,0.076,0.087,8.2,moderee,positive,pop_family,0.66975,high_energy,0.55836,chill,0.4245,mixed,0.8046,0.4177,0.46030000000000004,weekend_joyeux,weekend_sport,joyeux_sport,0.14945580952380952,diverse,0.28278842540398347,mainstream
21SralRv4ucDT3i1rYrr85,Taylor Swift,Sad Beautiful Tragic (Taylor's Version),pop,apres_midi,neutre,detente,romantique,couple,restaurant,122,0.611,0.759,0.644,0.661,0.088,0.071,0.248,7.6,faible,positive,pop_family,0.463749,low_energy,0.393484,chill,0.3745,mixed,0.6653,0.4075,0.42810000000000004,apres_midi_romantique,apres_midi_detente,romantique_detente,0.08639790476190477,homogeneous,0.2658774896655393,niche
73qMN9bXy7MSPwwGfH3wQr,Taylor Swift,Sad Beautiful Tragic (Taylor's Version),pop,journee,ensoleille,sport,energique,groupe,salle_sport,146,0.802,0.79,0.73,0.458,0.395,0.099,0.28,8.2,moderee,positive,pop_family,0.63358,high_energy,0.58546,moderate_party,0.4265,mixed,0.7768,0.3611,0.5151,journee_energique,journee_sport,energique_sport,0.07496290476190477,homogeneous,0.2696354753851935,mainstream
1oaaSrDJimABpOdCEbw2DJ,Sade,No Ordinary Love,pop,weekend,chaud,sport,joyeux,amis,salle_sport,141,0.929,0.851,0.785,0.539,0.075,0.05,0.333,8.0,elevee,positive,pop_family,0.790579,high_energy,0.729265,high_party,0.307,electronic,0.8623999999999999,0.2594,0.3892,weekend_joyeux,weekend_sport,joyeux_sport,0.1334088095238095,diverse,0.2936865839909808,mainstream
0ZfByLXCeKchuj7zi1CJ0S,Milky Chance,Stolen Dance,pop,journee,chaud,cuisine,energique,couple,maison,120,0.811,0.754,0.705,0.604,0.117,0.047,0.335,8.6,elevee,positive,pop_family,0.6114940000000001,moderate_energy,0.571755,moderate_party,0.3605,mixed,0.7621,0.33340000000000003,0.4303,journee_energique,journee_cuisine,energique_cuisine,0.09848280952380951,balanced,0.22247275460353252,niche
4WBsIOTX5GdlA8Asicg6Vy,Smaug,Sad Hamster,pop,weekend,chaud,sport,joyeux,amis,exterieur,138,0.754,0.888,0.757,0.504,0.136,0.104,0.073,7.1,moderee,positive,pop_family,0.669552,high_energy,0.570778,moderate_party,0.32,electronic,0.7951,0.3162,0.39840000000000003,weekend_joyeux,weekend_sport,joyeux_sport,0.12354061904761904,diverse,0.3032694475760992,very_popular
68FTJoO8edSpzuYb6lGW6P,Marty Robbins,Saddle Tramp,pop,apres_midi,chaud,detente,romantique,amis,exterieur,128,0.686,0.945,0.862,0.577,0.149,0.095,0.145,7.8,moderee,positive,pop_family,0.64827,high_energy,0.5913320000000001,moderate_party,0.363,mixed,0.8165,0.3697,0.4286,apres_midi_romantique,apres_midi_detente,romantique_detente,0.13043414285714286,diverse,0.26813228109733184,mainstream
7H3ojI1BsVy0dEJENqMt1k,Sade,By Your Side,pop,journee,chaud,sport,energique,amis,exterieur,142,0.942,0.724,0.901,0.482,0.265,0.097,0.176,8.2,elevee,positive,pop_family,0.682008,high_energy,0.848742,high_party,0.3735,mixed,0.8643,0.2897,0.4577,journee_energique,journee_sport,energique_sport,0.12136561904761906,diverse,0.2996993611424276,mainstream
7tYKa4wd7gL5LwcxidBPkG,We The Kings,Sad Song - feat. Elena Coats,pop,apres_midi,ensoleille,detente,romantique,couple,maison,119,0.653,0.912,0.781,0.777,0.097,0.1,0.183,7.8,faible,positive,pop_family,0.5955360000000001,moderate_energy,0.509993,chill,0.437,organic,0.7691000000000001,0.444,0.4616,apres_midi_romantique,apres_midi_detente,romantique_detente,0.12862328571428572,diverse,0.2450206689214581,niche
4J7s7j5ulwElPG7HaGQDXR,Sade,Pearls,pop,apres_midi,neutre,detente,romantique,couple,restaurant,123,0.638,0.798,0.639,0.801,0.166,0.102,0.123,8.1,faible,positive,pop_family,0.509124,moderate_energy,0.407682,chill,0.48350000000000004,organic,0.6863000000000001,0.4788,0.5029,apres_midi_romantique,apres_midi_detente,romantique_detente,0.10368390476190477,balanced,0.2658774896655393,niche
4AwUc1mdlX4ARHkUNG0iho,P1Harmony,SAD SONG,pop,weekend,ensoleille,sport,joyeux,groupe,salle_sport,152,0.881,0.873,0.832,0.587,0.099,0.045,0.055,7.9,elevee,positive,pop_family,0.769113,high_energy,0.732992,high_party,0.34299999999999997,electronic,0.8639000000000001,0.3002,0.41659999999999997,weekend_joyeux,weekend_sport,joyeux_sport,0.1609322380952381,diverse,0.2732055618188651,mainstream
1Hv1VTm8zeOeybub15mA2R,Sade,Smooth Operator - Single Version,pop,journee,neutre,cuisine,motive,amis,cafe,118,0.752,0.784,0.738,0.386,0.277,0.094,0.247,8.8,moderee,positive,pop_family,0.589568,moderate_energy,0.554976,chill,0.3315,electronic,0.7574,0.3119,0.43550000000000005,journee_motive,journee_cuisine,motive_cuisine,0.08088890476190477,homogeneous,0.25216084178880116,niche
22QiTJqDn1BIRSh4mkNJ5w,Sade,Cherish the Day,pop,weekend,chaud,sport,joyeux,groupe,salle_sport,136,0.789,0.862,0.817,0.412,0.174,0.083,0.116,8.1,moderee,positive,pop_family,0.680118,high_energy,0.644613,moderate_party,0.293,electronic,0.8192999999999999,0.2803,0.394,weekend_joyeux,weekend_sport,joyeux_sport,0.1236172380952381,diverse,0.2747087561067268,mainstream
6zWcEyrSS9gFtWaixDgp0q,CLIP,Sad B!tch,pop,journee,neutre,cuisine,motive,famille,maison,125,0.714,0.704,0.8,0.403,0.047,0.066,0.271,8.2,moderee,positive,pop_family,0.502656,low_energy,0.5712,moderate_party,0.225,electronic,0.7368,0.2611,0.3312,journee_motive,journee_cuisine,motive_cuisine,0.0996372380952381,balanced,0.23449830890642612,niche
1JY6B9ILvmRla2IKKRZvnH,Porter Robinson,Sad Machine,pop,weekend,ensoleille,sport,joyeux,amis,exterieur,133,0.745,0.811,0.821,0.481,0.324,0.054,0.269,8.1,moderee,positive,pop_family,0.604195,moderate_energy,0.611645,moderate_party,0.40249999999999997,mixed,0.7876000000000001,0.36610000000000004,0.49550000000000005,weekend_joyeux,weekend_sport,joyeux_sport,0.0905662380952381,balanced,0.30176625328823753,very_popular
1UpXhetX1s5OXTY5fRjWvu,Adrianne Lenker,Sadness As A Gift,pop,journee,neutre,sport,motive,groupe,salle_sport,134,0.744,0.727,0.669,0.418,0.387,0.115,0.182,8.2,moderee,positive,pop_family,0.540888,moderate_energy,0.497736,chill,0.40249999999999997,mixed,0.7164,0.3601,0.4959,journee_motive,journee_sport,motive_sport,0.06649314285714288,homogeneous,0.3141676061630966,very_popular
1tEto4JrqNmBZFH5uAiYqb,Lehmber Hussainpuri,Sadi Gali,pop,journee,ensoleille,sport,energique,groupe,exterieur,137,0.89,0.719,0.89,0.597,0.344,0.053,0.16,8.1,elevee,positive,pop_family,0.63991,high_energy,0.7921,high_party,0.4705,organic,0.8387,0.375,0.5405,journee_energique,journee_sport,energique_sport,0.11632847619047616,diverse,0.2792183389703119,mainstream
4ack8q3p80uwQDp3Gzqk7Z,Ryan Mack,Sad Fuck,pop,apres_midi,chaud,conduite,neutre,famille,voiture,134,0.654,0.802,0.67,0.498,0.239,0.038,0.169,8.0,faible,positive,pop_family,0.5245080000000001,moderate_energy,0.43818000000000007,chill,0.3685,mixed,0.7032,0.3747,0.46130000000000004,apres_midi_neutre,apres_midi_conduite,neutre_conduite,0.08475595238095239,homogeneous,0.1698609545283728,niche
5nTkONY4rLBuzMiDoYg9Y4,Bo Burnham,Sad,pop,weekend,ensoleille,sport,joyeux,groupe,salle_sport,146,0.897,0.891,0.858,0.455,0.289,0.074,0.086,7.4,elevee,positive,pop_family,0.799227,high_energy,0.769626,high_party,0.372,mixed,0.8835,0.2996,0.46620000000000006,weekend_joyeux,weekend_sport,joyeux_sport,0.13961914285714286,diverse,0.2732055618188651,mainstream
6PUIzlqotEmPuBfjbwYWOB,Lana Del Rey,Summertime Sadness (Lana Del Rey Vs. Cedric Gervais) - Cedric Gervais Remix,pop,weekend,chaud,sport,joyeux,amis,exterieur,137,0.741,0.865,0.811,0.387,0.268,0.061,0.089,8.5,moderee,positive,pop_family,0.640965,high_energy,0.600951,moderate_party,0.3275,electronic,0.7992000000000001,0.31290000000000007,0.4379,weekend_joyeux,weekend_sport,joyeux_sport,0.11753690476190477,diverse,0.3032694475760992,very_popular
2EUxbBRKE07EOWW8mBkg5q,Maroon 5,Sad,pop,weekend,chaud,sport,joyeux,amis,salle_sport,141,0.845,0.918,0.926,0.35,0.367,0.071,0.174,7.2,elevee,positive,pop_family,0.77571,high_energy,0.78247,high_party,0.3585,mixed,0.8912,0.2966,0.4743,weekend_joyeux,weekend_sport,joyeux_sport,0.13374561904761906,diverse,0.2936865839909808,mainstream
5KlR3fdrjHUNpuAg72PLbg,Bryce Savage,Sad,pop,journee,chaud,sport,energique,groupe,salle_sport,143,0.834,0.775,0.801,0.411,0.084,0.089,0.315,7.3,elevee,positive,pop_family,0.64635,high_energy,0.668034,moderate_party,0.2475,electronic,0.8064,0.2394,0.34750000000000003,journee_energique,journee_sport,energique_sport,0.10944890476190478,balanced,0.2711386696730552,mainstream
2dBwB667LHQkLhdYlwLUZK,Lana Del Rey,Summertime Sadness,pop,weekend,ensoleille,conduite,joyeux,famille,voiture,119,0.746,0.904,0.765,0.412,0.37,0.073,0.147,8.1,moderee,positive,pop_family,0.674384,high_energy,0.57069,moderate_party,0.391,mixed,0.7991,0.352,0.494,weekend_joyeux,weekend_conduite,joyeux_conduite,0.1040924761904762,balanced,0.17549793310785422,niche
3NkkcnnKrNHv4AiGaPdD76,Wanna One,Energetic,pop,journee,neutre,cuisine,motive,amis,restaurant,122,0.759,0.787,0.706,0.582,0.208,0.101,0.118,8.1,moderee,positive,pop_family,0.597333,moderate_energy,0.5358539999999999,chill,0.39499999999999996,mixed,0.7515000000000001,0.3675,0.4584,journee_motive,journee_cuisine,motive_cuisine,0.09680647619047618,balanced,0.26305900037579855,niche
0Fd9LHU2Eu8RGaxchCQbaP,Tyla Jane,energy,pop,apres_midi,neutre,detente,romantique,couple,restaurant,129,0.602,0.69,0.645,0.721,0.036,0.049,0.162,8.0,faible,positive,pop_family,0.41537999999999997,low_energy,0.38829,chill,0.3785,mixed,0.6413,0.41859999999999997,0.4245,apres_midi_romantique,apres_midi_detente,romantique_detente,0.09978933333333333,balanced,0.2658774896655393,niche
3CEs5Jnov3YkmYn0Vezrcr,Wanna One,Energetic,pop,weekend,chaud,sport,joyeux,amis,salle_sport,151,0.83,0.822,0.805,0.691,0.186,0.068,0.311,7.4,elevee,positive,pop_family,0.68226,high_energy,0.66815,moderate_party,0.4385,organic,0.8201,0.3832,0.4867,weekend_joyeux,weekend_sport,joyeux_sport,0.10942495238095236,balanced,0.2936865839909808,mainstream
5KMj4vhaIhGx6vLKXc4iS8,Morninglightmusic,Energetic Upbeat Pop,pop,journee,ensoleille,sport,energique,groupe,salle_sport,151,0.831,0.702,0.732,0.321,0.129,0.082,0.35,7.3,elevee,positive,pop_family,0.5833619999999999,moderate_energy,0.6082919999999999,moderate_party,0.225,electronic,0.7626000000000001,0.21780000000000005,0.34440000000000004,journee_energique,journee_sport,energique_sport,0.09221561904761903,balanced,0.2696354753851935,mainstream
1bj5ZFpxGFP5ooQcctNVB4,Sampa the Great,Energy,pop,apres_midi,ensoleille,detente,romantique,couple,restaurant,139,0.622,0.87,0.609,0.583,0.018,0.086,0.056,7.5,faible,positive,pop_family,0.54114,moderate_energy,0.37879799999999997,chill,0.3005,electronic,0.6925,0.35200000000000004,0.3667,apres_midi_romantique,apres_midi_detente,romantique_detente,0.11832223809523808,diverse,0.2322435174746336,niche
4gcq5SAJlb78Q1j69QEgKb,BoA,Energetic,pop,apres_midi,neutre,detente,romantique,couple,restaurant,129,0.63,0.751,0.588,0.753,0.329,0.061,0.344,6.8,faible,positive,pop_family,0.47313,low_energy,0.37044,chill,0.541,organic,0.6537,0.5109,0.5782,apres_midi_romantique,apres_midi_detente,romantique_detente,0.0662792380952381,homogeneous,0.2658774896655393,niche
2Agl9ztvNem2m2FZoTs5O2,Shanin Blake,Energy Vampires,pop,apres_midi,chaud,detente,romantique,couple,maison,130,0.664,0.825,0.74,0.619,0.35,0.112,0.062,7.6,faible,positive,pop_family,0.5478,moderate_energy,0.49136,chill,0.4845,organic,0.7351,0.45339999999999997,0.5383,apres_midi_romantique,apres_midi_detente,romantique_detente,0.09447157142857143,balanced,0.24652386320931982,niche
7nkp1uuSbKkoxMvEs8cSw0,PENTAGON,Shine,pop,weekend,chaud,sport,joyeux,groupe,salle_sport,152,0.816,0.863,0.792,0.347,0.085,0.037,0.289,7.9,elevee,positive,pop_family,0.704208,high_energy,0.646272,moderate_party,0.216,electronic,0.8229,0.2195,0.33919999999999995,weekend_joyeux,weekend_sport,joyeux_sport,0.1268202380952381,diverse,0.2747087561067268,mainstream
5oTLeyn20z3kCMLnlp3uHl,Khowl,Energetic,pop,weekend,ensoleille,sport,joyeux,amis,exterieur,145,0.862,0.939,0.789,0.594,0.025,0.089,0.105,6.7,elevee,positive,pop_family,0.809418,high_energy,0.680118,moderate_party,0.3095,electronic,0.8632,0.28650000000000003,0.3729,weekend_joyeux,weekend_sport,joyeux_sport,0.1608914761904762,diverse,0.30176625328823753,very_popular
0AGM4qvvXBBLSieh5LjNtm,Able Heart,Energy,pop,journee,neutre,conduite,motive,amis,voiture,115,0.704,0.739,0.66,0.45,0.073,0.074,0.319,8.0,moderee,positive,pop_family,0.5202559999999999,moderate_energy,0.46464,chill,0.2615,electronic,0.7013,0.2907,0.3567,journee_motive,journee_conduite,motive_conduite,0.0817252380952381,homogeneous,0.2577978203682826,niche
71eKiKTJxISIU9SqFlBXG2,Ocean Sounds,Energetic Hawaiian Ocean Waves,pop,journee,neutre,conduite,motive,couple,voiture,118,0.789,0.669,0.747,0.664,0.072,0.039,0.067,7.4,moderee,positive,pop_family,0.527841,moderate_energy,0.589383,moderate_party,0.368,mixed,0.7404000000000001,0.3505,0.4274,journee_motive,journee_conduite,motive_conduite,0.1256442380952381,diverse,0.24746335963923338,niche
5fWaGPcGFi7EOnL6QPeKCU,Orion Winslow,Energetic,pop,journee,ensoleille,sport,energique,amis,exterieur,142,0.824,0.755,0.802,0.417,0.071,0.075,0.176,6.7,elevee,positive,pop_family,0.62212,high_energy,0.660848,moderate_party,0.244,electronic,0.7967,0.2409,0.3456,journee_energique,journee_sport,energique_sport,0.11951790476190477,diverse,0.29819616685456596,mainstream
7uqdo2G15BYm3Y7WXcI3Fe,Ocean Sounds,Energetic Island Ocean Waves,pop,weekend,ensoleille,sport,joyeux,groupe,salle_sport,150,0.831,0.809,0.891,0.431,0.031,0.045,0.284,7.1,elevee,positive,pop_family,0.672279,high_energy,0.740421,high_party,0.23099999999999998,electronic,0.8424,0.23240000000000002,0.3358,weekend_joyeux,weekend_sport,joyeux_sport,0.13863328571428574,diverse,0.2732055618188651,mainstream
13jLiEg5wdMXuJzXXnRcnj,BURNS,Energy,pop,apres_midi,neutre,detente,romantique,couple,maison,126,0.646,0.793,0.636,0.794,0.26,0.073,0.329,7.4,faible,positive,pop_family,0.512278,moderate_energy,0.410856,chill,0.527,organic,0.6871,0.5018,0.5536,apres_midi_romantique,apres_midi_detente,romantique_detente,0.08018828571428573,homogeneous,0.27865464111236377,mainstream
3VlUVhU5lreNsJY6BThexe,BoA,Energetic,pop,weekend,chaud,sport,joyeux,groupe,exterieur,130,0.723,0.852,0.772,0.66,0.241,0.116,0.347,6.5,moderee,positive,pop_family,0.615996,moderate_energy,0.558156,chill,0.4505,organic,0.7764,0.4194,0.4953,weekend_joyeux,weekend_sport,joyeux_sport,0.08413380952380954,homogeneous,0.2842916196918452,mainstream
6AdgfI9FMMzg963OAg4eQU,Ocean Waves,Energetic Hawaiian Ocean Sounds,pop,apres_midi,neutre,detente,romantique,couple,restaurant,125,0.662,0.68,0.608,0.544,0.018,0.041,0.265,7.3,faible,positive,pop_family,0.45016000000000006,low_energy,0.402496,chill,0.281,electronic,0.6512,0.3244,0.364,apres_midi_romantique,apres_midi_detente,romantique_detente,0.08400461904761904,homogeneous,0.2658774896655393,niche
5xNANYd1HTdPVVkgIB70wj,Toni Jones,Energy Budget,pop,weekend,ensoleille,sport,joyeux,amis,salle_sport,137,0.783,0.91,0.865,0.657,0.134,0.05,0.14,7.4,moderee,positive,pop_family,0.71253,high_energy,0.677295,moderate_party,0.3955,mixed,0.8457,0.36810000000000004,0.4541,weekend_joyeux,weekend_sport,joyeux_sport,0.1453169523809524,diverse,0.29218338970311913,mainstream
44ZaCYwN9wyND6m6MHNEPp,SQS (MOON BYUL & EXY),Energetic,pop,journee,neutre,conduite,motive,couple,voiture,120,0.738,0.66,0.632,0.625,0.358,0.033,0.175,7.2,moderee,positive,pop_family,0.48708,low_energy,0.466416,chill,0.4915,organic,0.6828000000000001,0.436,0.5599000000000001,journee_motive,journee_conduite,motive_conduite,0.07467514285714287,homogeneous,0.24746335963923338,niche
43eKHpBZBSr7Nj9GHj2C9e,Ocean Sounds,Energetic Miami Beach Waves,pop,apres_midi,neutre,detente,romantique,couple,maison,119,0.618,0.787,0.685,0.576,0.176,0.085,0.069,7.0,faible,positive,pop_family,0.486366,low_energy,0.42333000000000004,chill,0.376,mixed,0.6888,0.3978,0.4438,apres_midi_romantique,apres_midi_detente,romantique_detente,0.09382800000000001,balanced,0.27865464111236377,mainstream
7gOdmNazfs5qdtsgWOB1Z4,Stace Cadet,Energy,pop,weekend,chaud,conduite,joyeux,amis,voiture,122,0.736,0.895,0.736,0.529,0.247,0.091,0.195,7.4,moderee,positive,pop_family,0.65872,high_energy,0.541696,chill,0.388,mixed,0.7837000000000001,0.3649,0.464,weekend_joyeux,weekend_conduite,joyeux_conduite,0.09864214285714286,balanced,0.21833897031191285,niche
7wCniZFSGfnsbVF04ybaMk,Catbu,Energetic,pop,apres_midi,neutre,conduite,neutre,famille,voiture,126,0.657,0.739,0.626,0.491,0.049,0.082,0.149,7.2,faible,positive,pop_family,0.48552300000000004,low_energy,0.41128200000000004,chill,0.27,electronic,0.6723,0.314,0.3554,apres_midi_neutre,apres_midi_conduite,neutre_conduite,0.087941,homogeneous,0.20199173243141677,niche
0LlgXAndcx8kzhT2OPvuQ3,Ocean Sounds,Energetic Paradise Ocean Sounds,pop,apres_midi,chaud,detente,romantique,couple,maison,124,0.601,0.902,0.775,0.738,0.377,0.062,0.092,6.6,faible,positive,pop_family,0.542102,moderate_energy,0.465775,chill,0.5575,organic,0.7435,0.528,0.5974999999999999,apres_midi_romantique,apres_midi_detente,romantique_detente,0.11286590476190478,diverse,0.24652386320931982,niche
4DBUmEIkg9xeiH7TbyxK3o,Ship Wrek,Energy,pop,weekend,ensoleille,sport,joyeux,amis,salle_sport,152,0.807,0.868,0.798,0.702,0.235,0.08,0.282,7.2,moderee,positive,pop_family,0.700476,high_energy,0.6439860000000001,moderate_party,0.46849999999999997,organic,0.8226,0.4092,0.5121,weekend_joyeux,weekend_sport,joyeux_sport,0.10714347619047619,balanced,0.29218338970311913,mainstream
64uuoH8dK4qRwwdfXT1bDB,Chuckie,Energetic,pop,apres_midi,neutre,detente,romantique,couple,restaurant,138,0.617,0.793,0.581,0.508,0.014,0.047,0.143,6.3,faible,positive,pop_family,0.489281,low_energy,0.358477,chill,0.261,electronic,0.659,0.32230000000000003,0.35,apres_midi_romantique,apres_midi_detente,romantique_detente,0.09737880952380952,balanced,0.2658774896655393,niche
0VgjL9VWv4ODvoc60Y8mWF,Ocean Sounds,Energetic Florida Beach Sounds,pop,journee,neutre,sport,motive,groupe,exterieur,136,0.786,0.797,0.739,0.396,0.1,0.032,0.067,7.1,moderee,positive,pop_family,0.626442,high_energy,0.580854,moderate_party,0.248,electronic,0.7752,0.25260000000000005,0.3624,journee_motive,journee_sport,motive_sport,0.1259832380952381,diverse,0.323750469748215,very_popular
1CPMKAViIeLiYZKFqRfYQ1,Mical Teja,Energy,pop,journee,neutre,sport,motive,amis,salle_sport,139,0.737,0.797,0.753,0.623,0.091,0.03,0.271,7.7,moderee,positive,pop_family,0.587389,moderate_energy,0.554961,chill,0.357,mixed,0.7597999999999999,0.3554,0.4264,journee_motive,journee_sport,motive_sport,0.1097562380952381,balanced,0.3331454340473506,very_popular
5HmGDZjXDrCJvQ3TLMwSd7,LQmed,Energetic,pop,journee,chaud,sport,energique,amis,salle_sport,140,0.802,0.781,0.711,0.489,0.098,0.052,0.297,6.4,moderee,positive,pop_family,0.6263620000000001,high_energy,0.570222,moderate_party,0.2935,electronic,0.7684,0.2844,0.3853,journee_energique,journee_sport,energique_sport,0.10131828571428571,balanced,0.2901164975573092,mainstream
1qXaofILr4C111UXt9Q82m,Ocean Sounds,Energetic Atlantic Ocean Sounds,pop,apres_midi,neutre,detente,romantique,couple,maison,119,0.653,0.752,0.749,0.739,0.316,0.095,0.185,7.1,faible,positive,pop_family,0.491056,low_energy,0.489097,chill,0.5275,organic,0.7115,0.4945,0.5607,apres_midi_romantique,apres_midi_detente,romantique_detente,0.08385395238095239,homogeneous,0.27865464111236377,mainstream
76ucLd6tuGZOG3hh6caEx1,Michael Seven,Energy Mantra - Remix,pop,journee,chaud,sport,energique,amis,exterieur,142,0.88,0.73,0.924,0.28,0.254,0.04,0.28,7.5,elevee,positive,pop_family,0.6424,high_energy,0.8131200000000001,high_party,0.267,electronic,0.8482,0.2242,0.403,journee_energique,journee_sport,energique_sport,0.12403333333333333,diverse,0.2996993611424276,mainstream
70LFZUTY6PYy4KCsKtDKVy,Ezenia,Energetic,pop,apres_midi,ensoleille,detente,romantique,couple,restaurant,122,0.622,0.928,0.741,0.616,0.047,0.085,0.115,6.2,faible,positive,pop_family,0.5772160000000001,moderate_energy,0.460902,chill,0.3315,electronic,0.7495,0.3739,0.3913,apres_midi_romantique,apres_midi_detente,romantique_detente,0.12969361904761906,diverse,0.2322435174746336,niche
5RGibOsnNctLWqdAciXL74,Ocean Sounds,Energetic California Beach Sounds,pop,apres_midi,chaud,detente,romantique,couple,restaurant,139,0.662,0.847,0.689,0.748,0.175,0.108,0.185,6.8,faible,positive,pop_family,0.560714,moderate_energy,0.45611799999999997,chill,0.4615,organic,0.7256,0.4531,0.49029999999999996,apres_midi_romantique,apres_midi_detente,romantique_detente,0.10022257142857142,balanced,0.2337467117624953,niche
7gJorz00NoHeeDA9oEPWyf,Gold-Tiger,Upbeat Energetic Fun Happy Kids,pop,apres_midi,neutre,cuisine,neutre,famille,maison,133,0.665,0.65,0.756,0.43,0.057,0.098,0.311,7.6,faible,positive,pop_family,0.43225,low_energy,0.5027400000000001,chill,0.2435,electronic,0.6878,0.2896,0.3379,apres_midi_neutre,apres_midi_cuisine,neutre_cuisine,0.07885847619047619,homogeneous,0.22003006388575722,niche
46x3MAa7Z2BxpNaaEVnd9Y,Sue music inc,Energetic,pop,weekend,chaud,sport,joyeux,amis,salle_sport,138,0.848,0.814,0.783,0.372,0.342,0.111,0.323,6.4,elevee,positive,pop_family,0.6902719999999999,high_energy,0.663984,moderate_party,0.357,mixed,0.8183,0.29700000000000004,0.46040000000000003,weekend_joyeux,weekend_sport,joyeux_sport,0.08709190476190476,homogeneous,0.2936865839909808,mainstream
3mRFHotzzogbJ5Qp7nXfhG,Slumbering Tapes,Massage Energetic,pop,apres_midi,neutre,cuisine,neutre,famille,maison,129,0.604,0.75,0.558,0.447,0.205,0.056,0.341,6.1,faible,positive,pop_family,0.45299999999999996,low_energy,0.337032,chill,0.326,electronic,0.634,0.35910000000000003,0.4254,apres_midi_neutre,apres_midi_cuisine,neutre_cuisine,0.05790466666666667,homogeneous,0.22003006388575722,niche
6iH3aLFWxvjl4XfoDPfpNP,Mystic Marley,Energy,pop,journee,neutre,cuisine,motive,amis,cafe,115,0.749,0.73,0.784,0.449,0.262,0.08,0.257,7.6,moderee,positive,pop_family,0.54677,moderate_energy,0.5872160000000001,moderate_party,0.35550000000000004,mixed,0.7538,0.3335,0.4497,journee_motive,journee_cuisine,motive_cuisine,0.080858,homogeneous,0.25216084178880116,niche
7yG6DYapFf9QHseKRGdo4J,AShamaluevMusic,Energetic,pop,weekend,ensoleille,sport,joyeux,amis,salle_sport,149,0.874,0.934,0.821,0.654,0.295,0.072,0.229,6.2,elevee,positive,pop_family,0.816316,high_energy,0.7175539999999999,high_party,0.47450000000000003,organic,0.8761,0.3879,0.5293,weekend_joyeux,weekend_sport,joyeux_sport,0.12218647619047619,diverse,0.29218338970311913,mainstream
3VjXXEhdupVlSZ4tJUyvWP,Ocean Sounds,Energetic Jamaica Ocean Sounds,pop,weekend,ensoleille,sport,joyeux,groupe,exterieur,151,0.814,0.88,0.791,0.316,0.363,0.115,0.242,6.7,elevee,positive,pop_family,0.71632,high_energy,0.643874,moderate_party,0.3395,electronic,0.8269,0.2911,0.45330000000000004,weekend_joyeux,weekend_sport,joyeux_sport,0.09917133333333333,balanced,0.28278842540398347,mainstream
1aGg1CLjvE8n08pBx52WAH,23peezy,ENERGY,pop,journee,neutre,cuisine,motive,couple,maison,129,0.734,0.659,0.634,0.66,0.261,0.111,0.109,7.3,moderee,positive,pop_family,0.483706,low_energy,0.465356,chill,0.4605,organic,0.6815,0.4221,0.5063,journee_motive,journee_cuisine,motive_cuisine,0.07819495238095239,homogeneous,0.26550169109357385,niche
60ie0WeEjKZsanUFgsQesU,아마루,Energetic,pop,apres_midi,chaud,detente,romantique,couple,restaurant,127,0.689,0.944,0.773,0.687,0.341,0.039,0.062,6.2,moderee,positive,pop_family,0.6504159999999999,high_energy,0.532597,chill,0.514,organic,0.7907,0.47040000000000004,0.5688000000000001,apres_midi_romantique,apres_midi_detente,romantique_detente,0.12863766666666668,diverse,0.2337467117624953,niche
6ALP8q5geZi3Y6agRNKsA1,Bit Rain,Energetic Waves,pop,weekend,ensoleille,sport,joyeux,groupe,salle_sport,150,0.891,0.819,0.797,0.647,0.346,0.109,0.128,6.8,elevee,positive,pop_family,0.729729,high_energy,0.7101270000000001,moderate_party,0.4965,organic,0.8412,0.39530000000000004,0.5453,weekend_joyeux,weekend_sport,joyeux_sport,0.11190280952380953,balanced,0.2732055618188651,mainstream
66z8tVtEVeK1pY46rwJY6L,Shanin Blake,Energy Vampires,pop,weekend,chaud,fete,joyeux,groupe,cafe,126,0.722,0.83,0.847,0.646,0.116,0.086,0.108,7.2,moderee,positive,pop_family,0.5992599999999999,moderate_energy,0.6115339999999999,moderate_party,0.381,mixed,0.7918999999999999,0.3766,0.43460000000000004,weekend_joyeux,weekend_fete,joyeux_fete,0.12823690476190477,diverse,0.18338970311912814,niche
5uDASfU19gDxSjW8cnCaBp,Rob $tone,Chill Bill (feat. J. Davi$ & Spooks),pop,journee,neutre,conduite,motive,famille,voiture,122,0.758,0.73,0.764,0.592,0.351,0.101,0.3,8.7,moderee,positive,pop_family,0.5533399999999999,moderate_energy,0.579112,moderate_party,0.4715,organic,0.7514,0.4147,0.5328999999999999,journee_motive,journee_conduite,motive_conduite,0.06961823809523811,homogeneous,0.21645997745208567,niche
0qpdzfTxAkOREtvvGO5oew,SZA,Chill Baby,pop,journee,neutre,cuisine,motive,couple,maison,126,0.766,0.677,0.717,0.685,0.156,0.107,0.279,8.4,moderee,positive,pop_family,0.5185820000000001,moderate_energy,0.549222,chill,0.42050000000000004,mixed,0.7245999999999999,0.391,0.46210000000000007,journee_motive,journee_cuisine,motive_cuisine,0.08386680952380954,homogeneous,0.26550169109357385,niche
5koLyxl6fWprtuT1TKlZ35,41,Chill Guy (with Kyle Richh),pop,weekend,chaud,fete,joyeux,amis,parc,127,0.711,0.862,0.841,0.535,0.39,0.065,0.121,8.1,moderee,positive,pop_family,0.6128819999999999,moderate_energy,0.5979509999999999,moderate_party,0.4625,organic,0.7952999999999999,0.4177,0.5425000000000001,weekend_joyeux,weekend_fete,joyeux_fete,0.10632461904761903,balanced,0.1954152574220218,niche
0Utg7sirTPqrs6Cx0FbriQ,Cole Swindell,Chillin' It,pop,apres_midi,chaud,detente,romantique,couple,maison,133,0.602,0.855,0.66,0.642,0.22,0.094,0.114,7.9,faible,positive,pop_family,0.51471,moderate_energy,0.39732,chill,0.431,organic,0.6953,0.44220000000000004,0.4838,apres_midi_romantique,apres_midi_detente,romantique_detente,0.09340490476190477,balanced,0.24652386320931982,niche
1rM0CnyUiiw6A9CHJRXjZA,Sofia Carson,Chillin' Like a Villain,pop,weekend,chaud,conduite,joyeux,famille,voiture,129,0.737,0.824,0.717,0.39,0.337,0.067,0.223,8.2,moderee,positive,pop_family,0.6072879999999999,moderate_energy,0.5284289999999999,chill,0.36350000000000005,mixed,0.7571,0.336,0.47209999999999996,weekend_joyeux,weekend_conduite,joyeux_conduite,0.08418623809523808,homogeneous,0.1770011273957159,niche
4ppKM7xnkSAwSyKqD4QTY4,Lil Uzi Vert,Chill Bae,pop,weekend,chaud,sport,joyeux,groupe,salle_sport,138,0.706,0.852,0.776,0.529,0.287,0.054,0.136,8.2,moderee,positive,pop_family,0.6015119999999999,moderate_energy,0.547856,chill,0.40800000000000003,mixed,0.7707999999999999,0.3859,0.49140000000000006,weekend_joyeux,weekend_sport,joyeux_sport,0.10274680952380953,balanced,0.2747087561067268,mainstream
1QIUF20HdqMA0CJvkBOHNb,LISA,Chill,pop,journee,ensoleille,sport,energique,amis,salle_sport,140,0.881,0.778,0.856,0.338,0.369,0.067,0.307,8.1,elevee,positive,pop_family,0.685418,high_energy,0.754136,high_party,0.35350000000000004,mixed,0.8426,0.28159999999999996,0.47250000000000003,journee_energique,journee_sport,energique_sport,0.10266790476190475,balanced,0.28861330326944756,mainstream
0Q2swhyruD6aEgLVAOY03T,Rob $tone,Chill Bill (feat. J. Davi$ & Spooks),pop,journee,ensoleille,sport,energique,groupe,exterieur,136,0.849,0.705,0.875,0.5,0.005,0.105,0.08,7.5,elevee,positive,pop_family,0.598545,moderate_energy,0.742875,high_party,0.2525,electronic,0.8136000000000001,0.24680000000000002,0.3315,journee_energique,journee_sport,energique_sport,0.14352728571428572,diverse,0.2792183389703119,mainstream
5stlKROdHj0kCaeQfJt2Nq,The Tone-Gens,Chilly White Noise,pop,journee,ensoleille,sport,energique,groupe,exterieur,153,0.855,0.752,0.855,0.658,0.26,0.088,0.109,8.1,elevee,positive,pop_family,0.64296,high_energy,0.7310249999999999,high_party,0.459,organic,0.8241,0.38470000000000004,0.5098,journee_energique,journee_sport,energique_sport,0.11998266666666668,diverse,0.2792183389703119,mainstream
1lxswgIpzV6HhENRvkflES,Farruko,Chillax (feat. Ky-Mani Marley),pop,weekend,chaud,sport,joyeux,groupe,exterieur,136,0.939,0.828,0.897,0.294,0.336,0.05,0.136,8.1,elevee,positive,pop_family,0.777492,high_energy,0.842283,high_party,0.315,electronic,0.8931,0.23670000000000002,0.4462,weekend_joyeux,weekend_sport,joyeux_sport,0.14369747619047618,diverse,0.2842916196918452,mainstream
2Vo3sVSCltAaYU1u0f9ASz,Rob $tone,"Chill Bill REMIX (feat. D.R.A.M., Denzel Curry & Cousin Stizz)",pop,apres_midi,neutre,cuisine,neutre,amis,exterieur,122,0.625,0.74,0.621,0.498,0.361,0.118,0.335,7.7,faible,positive,pop_family,0.4625,low_energy,0.388125,chill,0.4295,organic,0.6583,0.42,0.5063,apres_midi_neutre,apres_midi_cuisine,neutre_cuisine,0.04575180952380953,homogeneous,0.272641863960917,mainstream
0jLunknItK9AujRCUYkVhn,LISA,Chill,pop,journee,chaud,sport,energique,groupe,salle_sport,135,0.887,0.759,0.786,0.318,0.097,0.066,0.303,8.2,elevee,positive,pop_family,0.673233,high_energy,0.6971820000000001,moderate_party,0.20750000000000002,electronic,0.8183,0.19019999999999998,0.3307,journee_energique,journee_sport,energique_sport,0.11830361904761905,diverse,0.2711386696730552,mainstream
5zsrV7RQ54Mh1WuFGnEy6V,Levity,Chill,pop,apres_midi,neutre,conduite,neutre,amis,voiture,122,0.64,0.707,0.694,0.475,0.28,0.046,0.326,8.0,faible,positive,pop_family,0.45248,low_energy,0.44416,chill,0.3775,mixed,0.6762999999999999,0.382,0.47329999999999994,apres_midi_neutre,apres_midi_conduite,neutre_conduite,0.061625952380952365,homogeneous,0.2433295753476137,niche
5GiCmMmBYxmSMIsxhiomA3,Jawga Boyz,Chillin in the Backwoods,pop,apres_midi,ensoleille,cuisine,neutre,famille,exterieur,133,0.67,0.85,0.635,0.462,0.049,0.083,0.092,7.8,faible,positive,pop_family,0.5695,moderate_energy,0.42545000000000005,chill,0.2555,electronic,0.7135,0.2985,0.34650000000000003,apres_midi_neutre,apres_midi_cuisine,neutre_cuisine,0.10879714285714287,balanced,0.19767004885381434,niche
1HshHZrFIF5MRXWCZntOPr,Stray Kids,CHILL,pop,weekend,chaud,sport,joyeux,amis,salle_sport,151,0.857,0.823,0.901,0.62,0.237,0.078,0.066,7.8,elevee,positive,pop_family,0.7053109999999999,high_energy,0.772157,high_party,0.4285,mixed,0.86,0.362,0.4889,weekend_joyeux,weekend_sport,joyeux_sport,0.14027123809523812,diverse,0.2936865839909808,mainstream
7aETfVDs6MnQg6uyEhhpro,Toby Fox,Chill,pop,weekend,chaud,sport,joyeux,amis,salle_sport,146,0.887,0.834,0.8,0.274,0.156,0.103,0.317,7.5,elevee,positive,pop_family,0.739758,high_energy,0.7096,moderate_party,0.21500000000000002,electronic,0.845,0.19030000000000002,0.3396,weekend_joyeux,weekend_sport,joyeux_sport,0.11824295238095239,diverse,0.2936865839909808,mainstream
2NZABaUZUleW2mIuDlh5ZA,Sunday Scaries,Chill Like That,pop,journee,neutre,conduite,motive,couple,voiture,116,0.715,0.716,0.718,0.678,0.337,0.043,0.206,8.5,moderee,positive,pop_family,0.51194,moderate_energy,0.51337,chill,0.5075000000000001,organic,0.7162,0.4578000000000001,0.5633,journee_motive,journee_conduite,motive_conduite,0.08214361904761905,homogeneous,0.24746335963923338,niche
6GRJZZxRBLX1wRlM3rbf6S,Young Dolph,Chill,pop,journee,chaud,sport,energique,amis,exterieur,140,0.805,0.759,0.802,0.677,0.085,0.071,0.261,7.6,moderee,positive,pop_family,0.6109950000000001,moderate_energy,0.6456100000000001,moderate_party,0.381,mixed,0.7903000000000001,0.35480000000000006,0.4314,journee_energique,journee_sport,energique_sport,0.11596623809523811,diverse,0.2996993611424276,mainstream
5MJzPVpmuQenwmnW4tvqxN,SZA,Chill Baby,pop,apres_midi,ensoleille,detente,romantique,couple,maison,134,0.664,0.929,0.717,0.673,0.36,0.118,0.179,7.6,faible,positive,pop_family,0.6168560000000001,moderate_energy,0.476088,chill,0.5165,organic,0.7594000000000001,0.47800000000000004,0.5583,apres_midi_romantique,apres_midi_detente,romantique_detente,0.09228666666666668,balanced,0.2450206689214581,niche
69U1sGWKtrtEAnd2vyj731,Ka$hhh,Chill,pop,apres_midi,chaud,detente,romantique,couple,maison,137,0.627,0.823,0.598,0.642,0.371,0.097,0.098,7.2,faible,positive,pop_family,0.516021,moderate_energy,0.374946,chill,0.5065,organic,0.6771,0.48000000000000004,0.5587,apres_midi_romantique,apres_midi_detente,romantique_detente,0.08039580952380952,homogeneous,0.24652386320931982,niche
0APmmogkV8VCzKdGB6d0Sh,Acoustic Activity,Chilled Pink Lullaby,pop,apres_midi,ensoleille,cuisine,neutre,famille,plage,115,0.602,0.914,0.631,0.497,0.296,0.041,0.343,7.5,faible,positive,pop_family,0.550228,moderate_energy,0.379862,chill,0.39649999999999996,mixed,0.7043,0.40700000000000003,0.4889,apres_midi_neutre,apres_midi_cuisine,neutre_cuisine,0.07858180952380954,homogeneous,0.15501691093573844,niche
1LVKDi1cQ0PHaK1kL3VUKD,Toby Fox,Chill,pop,apres_midi,neutre,detente,romantique,couple,restaurant,138,0.683,0.752,0.658,0.777,0.306,0.108,0.294,7.6,faible,positive,pop_family,0.5136160000000001,moderate_energy,0.44941400000000004,chill,0.5415,organic,0.6962,0.4977,0.5645,apres_midi_romantique,apres_midi_detente,romantique_detente,0.07192547619047619,homogeneous,0.2658774896655393,niche
3K7KpiLznJYFDg1FTSVcDk,Slique Jay Adams,Chill,pop,apres_midi,chaud,detente,romantique,couple,restaurant,115,0.656,0.925,0.653,0.66,0.017,0.108,0.218,7.0,faible,positive,pop_family,0.6068,moderate_energy,0.428368,chill,0.3385,electronic,0.7358,0.37229999999999996,0.3849,apres_midi_romantique,apres_midi_detente,romantique_detente,0.11842761904761907,diverse,0.2337467117624953,niche
51yBX5feHREH4CQB3z4Mk0,All Rain,Chill Summer Rain,pop,weekend,ensoleille,sport,joyeux,amis,salle_sport,133,0.731,0.851,0.787,0.633,0.171,0.091,0.266,8.0,moderee,positive,pop_family,0.622081,high_energy,0.5752970000000001,moderate_party,0.402,mixed,0.7837999999999999,0.38520000000000004,0.4572,weekend_joyeux,weekend_sport,joyeux_sport,0.10112823809523809,balanced,0.29218338970311913,mainstream
3gnZ5IguvkLCAGVKJdHD7n,Trey Songz,Chill,pop,journee,neutre,cuisine,motive,famille,maison,119,0.794,0.712,0.763,0.486,0.128,0.052,0.218,7.6,moderee,positive,pop_family,0.565328,moderate_energy,0.6058220000000001,moderate_party,0.307,electronic,0.7601,0.2946,0.3994,journee_motive,journee_cuisine,motive_cuisine,0.10035928571428572,balanced,0.23449830890642612,niche
6g6hQOcDSt9IR2wAMCxr2M,Mickey Valen,Chills - Dark Version,pop,journee,neutre,sport,motive,groupe,salle_sport,139,0.778,0.771,0.768,0.719,0.081,0.035,0.153,8.1,moderee,positive,pop_family,0.599838,moderate_energy,0.597504,moderate_party,0.39999999999999997,mixed,0.7729000000000001,0.3785,0.4492,journee_motive,journee_sport,motive_sport,0.1295454761904762,diverse,0.3141676061630966,very_popular
3UQDdKNCToZpOB2jJRJxEY,DJ Noiz,Chill,pop,apres_midi,neutre,conduite,neutre,amis,voiture,119,0.695,0.736,0.651,0.413,0.36,0.045,0.168,7.8,moderee,positive,pop_family,0.51152,moderate_energy,0.452445,chill,0.38649999999999995,mixed,0.6940999999999999,0.3647,0.49489999999999995,apres_midi_neutre,apres_midi_conduite,neutre_conduite,0.07237990476190477,homogeneous,0.2433295753476137,niche
2HZh3z8Mj0V27Jm7A8PVV9,Sleep Recorders,Chilled Waves,pop,journee,neutre,conduite,motive,amis,voiture,123,0.701,0.672,0.767,0.531,0.081,0.11,0.334,8.4,moderee,positive,pop_family,0.471072,low_energy,0.537667,chill,0.306,electronic,0.7121,0.3264,0.3778,journee_motive,journee_conduite,motive_conduite,0.0807082857142857,homogeneous,0.2577978203682826,niche
03vzu03ZnrKlHHL1nTi7zY,Bakar,Chill,pop,journee,neutre,sport,motive,amis,salle_sport,135,0.724,0.7,0.761,0.64,0.034,0.089,0.138,7.8,moderee,positive,pop_family,0.5067999999999999,low_energy,0.550964,chill,0.337,electronic,0.7279,0.349,0.39120000000000005,journee_motive,journee_sport,motive_sport,0.11175547619047617,balanced,0.3331454340473506,very_popular
4OofhBhbbqxC1pP39AabMG,The Brothers Nylon,Chill,pop,weekend,ensoleille,sport,joyeux,amis,salle_sport,132,0.773,0.858,0.834,0.415,0.156,0.088,0.225,7.3,moderee,positive,pop_family,0.663234,high_energy,0.644682,moderate_party,0.2855,electronic,0.8168,0.2809,0.3849,weekend_joyeux,weekend_sport,joyeux_sport,0.11365361904761904,diverse,0.29218338970311913,mainstream
5z51HY4ei5QhTjcvwq5Msw,Wale,On Chill (feat. Jeremih),pop,apres_midi,ensoleille,cuisine,neutre,famille,exterieur,135,0.656,0.87,0.634,0.414,0.277,0.062,0.314,8.0,faible,positive,pop_family,0.57072,moderate_energy,0.415904,chill,0.34550000000000003,electronic,0.7136,0.3519,0.4503,apres_midi_neutre,apres_midi_cuisine,neutre_cuisine,0.07535166666666666,homogeneous,0.19767004885381434,niche
6u6DLXSWnwhpeBftBx0M0p,Cypress Moreno,Chill,pop,journee,neutre,cuisine,motive,couple,maison,124,0.708,0.715,0.75,0.768,0.302,0.085,0.247,7.4,moderee,positive,pop_family,0.50622,low_energy,0.5309999999999999,chill,0.535,organic,0.7227,0.48540000000000005,0.5644,journee_motive,journee_cuisine,motive_cuisine,0.08307457142857141,homogeneous,0.26550169109357385,niche
0jjE8w7Rtu3NCImWhKKX8x,Oliver Heldens,Chills (Feel My Love),pop,weekend,ensoleille,sport,joyeux,groupe,exterieur,152,0.9,0.84,0.95,0.52,0.389,0.074,0.298,7.9,elevee,positive,pop_family,0.756,high_energy,0.855,high_party,0.4545,organic,0.897,0.3547,0.5357000000000001,weekend_joyeux,weekend_sport,joyeux_sport,0.11356823809523808,diverse,0.28278842540398347,mainstream
74tpC8vZ6DJUILzGG9uvp4,Ghali,Chill,pop,weekend,ensoleille,conduite,joyeux,famille,voiture,119,0.707,0.827,0.736,0.42,0.054,0.034,0.29,8.3,moderee,positive,pop_family,0.5846889999999999,moderate_energy,0.5203519999999999,chill,0.237,electronic,0.7517,0.2721,0.3462,weekend_joyeux,weekend_conduite,joyeux_conduite,0.10756423809523807,balanced,0.17549793310785422,niche
18VlcIarBGAEAD9KVt3FmE,Red Velvet,Chill Kill,pop,journee,neutre,sport,motive,amis,salle_sport,140,0.899,0.695,0.916,0.521,0.24,0.07,0.095,7.9,elevee,positive,pop_family,0.6248049999999999,high_energy,0.8234840000000001,high_party,0.3805,mixed,0.8429000000000001,0.31070000000000003,0.4623,journee_motive,journee_sport,motive_sport,0.1311104761904762,diverse,0.3331454340473506,very_popular
55z83Ctt01Rpp8S6tX0vWB,intime,Chill,pop,weekend,chaud,sport,joyeux,groupe,exterieur,130,0.7,0.824,0.817,0.6,0.031,0.045,0.27,7.5,moderee,positive,pop_family,0.5768,moderate_energy,0.5719,moderate_party,0.3155,electronic,0.7722999999999999,0.3393,0.3865,weekend_joyeux,weekend_sport,joyeux_sport,0.1214782857142857,diverse,0.2842916196918452,mainstream
3Nxw6eeFpBwUbxVuSY6NC0,Modjo,Chillin',pop,apres_midi,neutre,cuisine,neutre,famille,maison,135,0.699,0.758,0.68,0.44,0.373,0.051,0.103,8.2,moderee,positive,pop_family,0.5298419999999999,moderate_energy,0.47532,chill,0.4065,mixed,0.7110000000000001,0.37820000000000004,0.5083,apres_midi_neutre,apres_midi_cuisine,neutre_cuisine,0.08251695238095239,homogeneous,0.22003006388575722,niche
2v1g7Jzjg5Dqtj1Il4xl5P,Domknowz,Chill,pop,apres_midi,neutre,detente,romantique,couple,restaurant,115,0.639,0.76,0.651,0.522,0.018,0.04,0.059,7.3,faible,positive,pop_family,0.48564,low_energy,0.415989,chill,0.27,electronic,0.6789,0.3225,0.35760000000000003,apres_midi_romantique,apres_midi_detente,romantique_detente,0.1091084761904762,balanced,0.2658774896655393,niche
5Q0Nhxo0l2bP3pNjpGJwV1,Miley Cyrus,Party In The U.S.A.,pop,weekend,chaud,sport,joyeux,amis,exterieur,141,0.916,0.821,0.902,0.604,0.096,0.087,0.244,8.3,elevee,positive,pop_family,0.752036,high_energy,0.8262320000000001,high_party,0.35,mixed,0.8833,0.2956,0.41180000000000005,weekend_joyeux,weekend_sport,joyeux_sport,0.1406182380952381,diverse,0.3032694475760992,very_popular
0IkKz2J93C94Ei4BvDop7P,LMFAO,Party Rock Anthem,rock,journee,ensoleille,sport,energique,groupe,exterieur,161,0.896,0.773,0.785,0.319,0.166,0.066,0.145,8.2,elevee,positive,rock_family,0.692608,high_energy,0.7033600000000001,moderate_party,0.2425,electronic,0.8258000000000001,0.2086,0.3655,journee_energique,journee_sport,energique_sport,0.12562800000000002,diverse,0.2792183389703119,mainstream
5RqR4ZCCKJDcBLIn4sih9l,StaySolidRocky,Party Girl,rock,journee,neutre,sport,motive,amis,salle_sport,166,0.876,0.651,0.834,0.531,0.093,0.114,0.224,8.3,elevee,positive,rock_family,0.570276,moderate_energy,0.730584,high_party,0.312,electronic,0.7959,0.2775,0.383,journee_motive,journee_sport,motive_sport,0.11050657142857144,balanced,0.3331454340473506,very_popular
7kGxq205bhv50mEdpx37FX,Kee Nola,Party Girl,pop,journee,ensoleille,sport,energique,amis,exterieur,147,0.9,0.715,0.841,0.637,0.154,0.038,0.116,8.3,elevee,positive,pop_family,0.6435,high_energy,0.7569,high_party,0.3955,mixed,0.8268000000000001,0.331,0.4605,journee_energique,journee_sport,energique_sport,0.13674847619047617,diverse,0.29819616685456596,mainstream
0GROiXm03OrMC5ltXLhGIu,The Weeknd,The Party & The After Party,pop,apres_midi,chaud,detente,romantique,couple,maison,119,0.67,0.839,0.753,0.768,0.33,0.1,0.201,8.4,faible,positive,pop_family,0.56213,moderate_energy,0.50451,chill,0.549,organic,0.7456,0.5052,0.5754,apres_midi_romantique,apres_midi_detente,romantique_detente,0.09237533333333332,balanced,0.24652386320931982,niche
4F7A0DXBrmUAkp32uenhZt,The Weeknd,Party Monster,pop,journee,ensoleille,sport,energique,amis,salle_sport,138,0.919,0.742,0.863,0.668,0.074,0.084,0.169,8.3,elevee,positive,pop_family,0.681898,high_energy,0.793097,high_party,0.371,mixed,0.8491000000000001,0.31370000000000003,0.42060000000000003,journee_energique,journee_sport,energique_sport,0.14302657142857142,diverse,0.28861330326944756,mainstream
4tYFy8ALRjIZvnvSLw5lxN,Bad Bunny,Party,pop,journee,neutre,sport,motive,groupe,exterieur,130,0.763,0.737,0.636,0.408,0.373,0.113,0.322,8.7,moderee,positive,pop_family,0.562331,moderate_energy,0.48526800000000003,chill,0.39049999999999996,mixed,0.7171,0.3462,0.48629999999999995,journee_motive,journee_sport,motive_sport,0.05779180952380952,homogeneous,0.323750469748215,very_popular
1IYaMVfidzSfvCUZYXhsU1,SHOP BOYZ,Party Like A Rock Star,rock,journee,neutre,sport,neutre,groupe,salle_sport,162,0.921,0.571,0.877,0.364,0.203,0.081,0.244,8.1,elevee,neutre,rock_family,0.525891,moderate_energy,0.807717,high_party,0.2835,electronic,0.8028000000000001,0.23020000000000002,0.3945,journee_neutre,journee_sport,neutre_sport,0.1106754761904762,balanced,0.313228109733183,very_popular
12VH4g5pTMZmrUVzfJq7F7,PARTYNEXTDOOR,M a k e I t T o T h e M o r n i n g,pop,journee,neutre,conduite,motive,famille,voiture,129,0.73,0.712,0.61,0.449,0.015,0.042,0.27,9.0,moderee,positive,pop_family,0.51976,moderate_energy,0.4453,chill,0.232,electronic,0.6886,0.2651,0.3338,journee_motive,journee_conduite,motive_conduite,0.09098699999999998,balanced,0.21645997745208567,niche
6N5DRCQUSXT1qQqmqsO92B,Eddie Murphy,Party All the Time,pop,weekend,chaud,sport,joyeux,groupe,exterieur,139,0.89,0.856,0.848,0.282,0.178,0.049,0.219,7.8,elevee,positive,pop_family,0.76184,high_energy,0.75472,high_party,0.22999999999999998,electronic,0.8672,0.1992,0.3638,weekend_joyeux,weekend_sport,joyeux_sport,0.1381639523809524,diverse,0.2842916196918452,mainstream
3IJYUaN3tx04S4TYyZHKoP,StaySolidRocky,Party Girl,rock,weekend,chaud,sport,joyeux,groupe,exterieur,165,0.95,0.843,0.95,0.469,0.283,0.069,0.173,8.1,elevee,positive,rock_family,0.80085,high_energy,0.9025,high_party,0.376,mixed,0.9178999999999999,0.2875,0.46840000000000004,weekend_joyeux,weekend_sport,joyeux_sport,0.14256080952380948,diverse,0.2842916196918452,mainstream
1KhljCoJ2TgDEldnnfTHHc,Chris Brown,Party (feat. Usher & Gucci Mane),pop,journee,chaud,sport,energique,amis,salle_sport,141,0.871,0.748,0.88,0.587,0.108,0.032,0.292,8.3,elevee,positive,pop_family,0.651508,high_energy,0.76648,high_party,0.3475,mixed,0.8368,0.3059,0.42369999999999997,journee_energique,journee_sport,energique_sport,0.12783661904761906,diverse,0.2901164975573092,mainstream
0LWkaEyQRkF0XAms8Bg1fC,DMX,Party Up,pop,weekend,chaud,sport,joyeux,groupe,salle_sport,132,0.843,0.9,0.798,0.469,0.099,0.11,0.252,8.1,elevee,positive,pop_family,0.7587,high_energy,0.672714,moderate_party,0.284,electronic,0.8466,0.26439999999999997,0.36819999999999997,weekend_joyeux,weekend_sport,joyeux_sport,0.12361647619047621,diverse,0.2747087561067268,mainstream
5mqPg2dyqb1gBNyg9ycGcT,The Notorious B.I.G.,Party And Bullshit,pop,journee,chaud,cuisine,energique,famille,exterieur,128,0.824,0.779,0.706,0.468,0.062,0.082,0.229,8.3,elevee,positive,pop_family,0.641896,high_energy,0.5817439999999999,moderate_party,0.265,electronic,0.7751,0.25860000000000005,0.355,journee_energique,journee_cuisine,energique_cuisine,0.10813099999999999,balanced,0.20274332957534766,niche
6sm7XqRLVN6mhJ2xxoKO1B,Cris Mj,Party MJ,pop,journee,chaud,conduite,joyeux,couple,voiture,118,0.764,0.824,0.649,0.723,0.393,0.085,0.094,8.3,moderee,positive,pop_family,0.629536,high_energy,0.495836,chill,0.558,organic,0.7475,0.4779,0.5964,journee_joyeux,journee_conduite,joyeux_conduite,0.09916095238095236,balanced,0.2296129274708756,niche
0rAXLQ7JgPek5Wll0AXBMb,Juice WRLD,Party By Myself,pop,apres_midi,neutre,detente,romantique,couple,maison,124,0.637,0.786,0.696,0.654,0.397,0.112,0.218,8.2,faible,positive,pop_family,0.5006820000000001,low_energy,0.44335199999999997,chill,0.5255000000000001,organic,0.6994,0.4896,0.5723,apres_midi_romantique,apres_midi_detente,romantique_detente,0.06722900000000002,homogeneous,0.27865464111236377,mainstream
5fEB6ZmVkg63GZg9qO86jh,PARTYNEXTDOOR,Break from Toronto,pop,weekend,chaud,sport,joyeux,groupe,exterieur,134,0.835,0.95,0.834,0.652,0.241,0.098,0.067,8.3,elevee,positive,pop_family,0.7932499999999999,high_energy,0.69639,moderate_party,0.4465,organic,0.8692,0.3826,0.4965,weekend_joyeux,weekend_sport,joyeux_sport,0.14351390476190476,diverse,0.2842916196918452,mainstream
42qh86p7TLXyumxSHn65kc,Beyoncé,Party (feat. André 3000),pop,journee,neutre,conduite,motive,amis,voiture,119,0.766,0.666,0.801,0.417,0.093,0.074,0.127,8.4,moderee,positive,pop_family,0.510156,moderate_energy,0.6135660000000001,moderate_party,0.255,electronic,0.7464999999999999,0.26489999999999997,0.3568,journee_motive,journee_conduite,motive_conduite,0.10631561904761905,balanced,0.2577978203682826,niche
48kwdkeHEJEuMzcKklPv5b,LMFAO,Sorry For Party Rocking,rock,journee,neutre,sport,neutre,amis,salle_sport,154,0.911,0.527,0.719,0.517,0.284,0.088,0.155,7.8,elevee,neutre,rock_family,0.48009700000000005,low_energy,0.655009,moderate_party,0.40049999999999997,mixed,0.7382000000000001,0.3187,0.4795,journee_neutre,journee_sport,neutre_sport,0.0900922380952381,balanced,0.33220593761743705,very_popular
3S0XNskgVx6fOM770Q4Pmn,Miley Cyrus,Party In The U.S.A.,pop,journee,ensoleille,sport,joyeux,groupe,salle_sport,131,0.714,0.845,0.684,0.699,0.245,0.1,0.065,7.3,moderee,positive,pop_family,0.6033299999999999,moderate_energy,0.48837600000000003,chill,0.472,organic,0.7443,0.4389,0.5122,journee_joyeux,journee_sport,joyeux_sport,0.10823314285714285,balanced,0.2948139797068771,mainstream
0NUqi0ps17YpLUC3kgsZq0,PARTYNEXTDOOR,DIE TRYING,pop,weekend,ensoleille,conduite,joyeux,amis,voiture,129,0.712,0.95,0.757,0.453,0.263,0.056,0.067,8.5,moderee,positive,pop_family,0.6763999999999999,high_energy,0.538984,chill,0.358,mixed,0.7968999999999999,0.34650000000000003,0.45619999999999994,weekend_joyeux,weekend_conduite,joyeux_conduite,0.1246882857142857,diverse,0.21683577602405113,niche
7sF60K6DSgGPgpriRYMZO6,pearl,party 4 u - sped up,pop,journee,chaud,sport,energique,amis,salle_sport,149,0.803,0.768,0.791,0.52,0.363,0.089,0.233,7.6,moderee,positive,pop_family,0.616704,moderate_energy,0.6351730000000001,moderate_party,0.4415,organic,0.7888999999999999,0.376,0.5197,journee_energique,journee_sport,energique_sport,0.08450861904761904,homogeneous,0.2901164975573092,mainstream
5c3luoCub1Z1Gg74NdNtuq,PARTYNEXTDOOR,Belong to the City,pop,weekend,chaud,sport,joyeux,amis,exterieur,140,0.859,0.882,0.804,0.438,0.34,0.103,0.236,8.3,elevee,positive,pop_family,0.757638,high_energy,0.690636,moderate_party,0.389,mixed,0.8493999999999999,0.3195,0.4808,weekend_joyeux,weekend_sport,joyeux_sport,0.10337014285714285,balanced,0.3032694475760992,very_popular
1zhMHgotgZXkLCXpqNRnPK,PARTYNEXTDOOR,N o C h i l l,pop,journee,neutre,sport,motive,groupe,exterieur,135,0.754,0.736,0.777,0.637,0.168,0.061,0.208,8.8,moderee,positive,pop_family,0.554944,moderate_energy,0.585858,moderate_party,0.4025,mixed,0.7555000000000001,0.379,0.46290000000000003,journee_motive,journee_sport,motive_sport,0.1000512380952381,balanced,0.323750469748215,very_popular
6VDKp0F4w3L2zijY3eh0uP,wifiskeleton,party,pop,journee,ensoleille,sport,energique,amis,exterieur,147,0.892,0.701,0.774,0.633,0.319,0.061,0.086,8.1,elevee,positive,pop_family,0.625292,high_energy,0.690408,moderate_party,0.476,organic,0.7992999999999999,0.38130000000000003,0.5372,journee_energique,journee_sport,energique_sport,0.11392380952380952,diverse,0.29819616685456596,mainstream
0w8E6pvf5frj10yvgWLQCt,FreeLine Mc,Party In The Gunshine State,pop,journee,chaud,sport,energique,groupe,salle_sport,152,0.825,0.751,0.838,0.503,0.38,0.112,0.155,7.8,elevee,positive,pop_family,0.619575,moderate_energy,0.6913499999999999,moderate_party,0.4415,organic,0.8067,0.3677,0.5185,journee_energique,journee_sport,energique_sport,0.09437714285714284,balanced,0.2711386696730552,mainstream
3JEJwjqLkg2Jbau5922CAb,PARTYNEXTDOOR,Her Way,pop,journee,neutre,conduite,motive,couple,voiture,125,0.769,0.761,0.773,0.72,0.172,0.095,0.087,8.7,moderee,positive,pop_family,0.585209,moderate_energy,0.594437,moderate_party,0.44599999999999995,organic,0.7678,0.40889999999999993,0.483,journee_motive,journee_conduite,motive_conduite,0.11723795238095237,diverse,0.24746335963923338,niche
5TTGoX70AFrTvuEtqHK37S,Arctic Monkeys,No. 1 Party Anthem,pop,journee,neutre,conduite,motive,couple,voiture,115,0.746,0.752,0.785,0.636,0.258,0.077,0.114,9.1,moderee,positive,pop_family,0.560992,moderate_energy,0.5856100000000001,moderate_party,0.447,organic,0.7595000000000001,0.40800000000000003,0.5044,journee_motive,journee_conduite,motive_conduite,0.10129014285714287,balanced,0.24746335963923338,niche
3VVwoqI2dmGimvzZubUkAs,skyemane,party 4 u x Never Be Like You,pop,apres_midi,chaud,detente,romantique,couple,restaurant,130,0.657,0.941,0.798,0.675,0.118,0.117,0.057,6.9,faible,positive,pop_family,0.618237,moderate_energy,0.524286,chill,0.3965,mixed,0.7845,0.4083,0.43810000000000004,apres_midi_romantique,apres_midi_detente,romantique_detente,0.13745661904761905,diverse,0.2337467117624953,niche
33BBo7zULt3O7mgE3pWMM5,Juice WRLD,The Party Never Ends,pop,apres_midi,neutre,conduite,neutre,famille,voiture,124,0.621,0.757,0.613,0.478,0.378,0.049,0.242,8.1,faible,positive,pop_family,0.470097,low_energy,0.380673,chill,0.428,mixed,0.6594,0.4183,0.5226000000000001,apres_midi_neutre,apres_midi_conduite,neutre_conduite,0.06001190476190477,homogeneous,0.20199173243141677,niche
5eZaT21ZVGyGHJ8kcwaNxA,"""Weird Al"" Yankovic","Party In the CIA (Parody of ""Party In The U.S.A."" by Miley Cyrus)",pop,apres_midi,chaud,detente,romantique,couple,maison,130,0.627,0.92,0.745,0.818,0.142,0.089,0.21,7.3,faible,positive,pop_family,0.57684,moderate_energy,0.467115,chill,0.48,organic,0.7503000000000001,0.48169999999999996,0.4986,apres_midi_romantique,apres_midi_detente,romantique_detente,0.12241523809523809,diverse,0.24652386320931982,niche
6cEguiQecbXrFlsnMi2ysr,PARTYNEXTDOOR,Come and See Me (feat. Drake),pop,weekend,ensoleille,sport,joyeux,amis,exterieur,143,0.927,0.95,0.923,0.672,0.303,0.119,0.29,8.0,elevee,positive,pop_family,0.88065,high_energy,0.8556210000000001,high_party,0.48750000000000004,organic,0.9326999999999999,0.3816,0.5293,weekend_joyeux,weekend_sport,joyeux_sport,0.12576257142857145,diverse,0.30176625328823753,very_popular
2skIoSHRG1h9Oqg5iCcSUU,Charli xcx,party 4 u,pop,apres_midi,chaud,detente,romantique,couple,maison,125,0.685,0.915,0.714,0.61,0.311,0.033,0.246,7.0,faible,positive,pop_family,0.6267750000000001,high_energy,0.48909,chill,0.4605,organic,0.7626999999999999,0.43179999999999996,0.5319,apres_midi_romantique,apres_midi_detente,romantique_detente,0.09710733333333332,balanced,0.24652386320931982,niche
2kZoOj1n5vk9BuF0sih58M,PARTYNEXTDOOR,SOMEBODY LOVES ME,pop,weekend,chaud,conduite,joyeux,amis,voiture,117,0.717,0.95,0.74,0.503,0.231,0.11,0.162,8.4,moderee,positive,pop_family,0.6811499999999999,high_energy,0.5305799999999999,chill,0.367,mixed,0.7938000000000001,0.35540000000000005,0.4444,weekend_joyeux,weekend_conduite,joyeux_conduite,0.1074702857142857,balanced,0.21833897031191285,niche
5n5IxMcG2oV8IOzklsW6Vd,The Kiboomers,Party Freeze Dance Song,pop,apres_midi,chaud,detente,romantique,couple,restaurant,126,0.603,0.854,0.64,0.734,0.353,0.102,0.186,7.5,faible,positive,pop_family,0.5149619999999999,moderate_energy,0.38592,chill,0.5435,organic,0.6894,0.5186,0.5762999999999999,apres_midi_romantique,apres_midi_detente,romantique_detente,0.081463,homogeneous,0.2337467117624953,niche
1DMYEiuAgz1OKvANXiNFrN,PARTYNEXTDOOR,Recognize (feat. Drake),pop,weekend,ensoleille,sport,joyeux,groupe,salle_sport,140,0.877,0.814,0.847,0.49,0.198,0.046,0.116,8.4,elevee,positive,pop_family,0.7138779999999999,high_energy,0.742819,high_party,0.344,electronic,0.8491,0.2923,0.43679999999999997,weekend_joyeux,weekend_sport,joyeux_sport,0.1340363333333333,diverse,0.2732055618188651,mainstream
57IEs29xqMQaAkjQ8iQuI0,David Lee Murphy,Party Crowd,pop,weekend,ensoleille,sport,joyeux,amis,salle_sport,135,0.879,0.95,0.815,0.302,0.306,0.086,0.157,7.5,elevee,positive,pop_family,0.83505,high_energy,0.7163849999999999,high_party,0.304,electronic,0.8811,0.2489,0.4264,weekend_joyeux,weekend_sport,joyeux_sport,0.13520790476190475,diverse,0.29218338970311913,mainstream
1A8RGlqkdjAfwkXtEgJ7wR,PARTYNEXTDOOR,Sex on the Beach,pop,weekend,ensoleille,sport,joyeux,groupe,salle_sport,145,0.946,0.821,0.899,0.487,0.39,0.049,0.24,8.2,elevee,positive,pop_family,0.776666,high_energy,0.8504539999999999,high_party,0.4385,organic,0.8944,0.328,0.5313,weekend_joyeux,weekend_sport,joyeux_sport,0.12144695238095238,diverse,0.2732055618188651,mainstream
2wAJTrFhCnQyNSD3oUgTZO,J. Cole,Work Out,pop,journee,ensoleille,sport,energique,groupe,exterieur,132,0.84,0.794,0.682,0.71,0.366,0.114,0.344,8.5,elevee,positive,pop_family,0.66696,high_energy,0.5728800000000001,moderate_party,0.538,organic,0.7787999999999999,0.44179999999999997,0.5732,journee_energique,journee_sport,energique_sport,0.075508,homogeneous,0.2792183389703119,mainstream
2a1JSfTePKhysdIif2bzut,Kanye West,Workout Plan,pop,apres_midi,neutre,detente,romantique,couple,maison,115,0.631,0.745,0.591,0.759,0.239,0.083,0.069,7.6,faible,positive,pop_family,0.470095,low_energy,0.372921,chill,0.499,organic,0.6532,0.486,0.5306,apres_midi_romantique,apres_midi_detente,romantique_detente,0.0932272380952381,balanced,0.27865464111236377,mainstream
7mobUfp1aL8A6CdugCMWft,Tiësto,BOTH,pop,weekend,chaud,sport,joyeux,groupe,salle_sport,153,0.851,0.94,0.872,0.367,0.012,0.055,0.105,7.8,elevee,positive,pop_family,0.79994,high_energy,0.742072,high_party,0.1895,electronic,0.8840000000000001,0.1951,0.3051,weekend_joyeux,weekend_sport,joyeux_sport,0.17539695238095235,diverse,0.2747087561067268,mainstream
1Vp4St7JcXaUoJcIahtf3L,Kanye West,The New Workout Plan,pop,journee,neutre,sport,motive,groupe,exterieur,134,0.747,0.698,0.722,0.705,0.247,0.075,0.347,8.3,moderee,positive,pop_family,0.5214059999999999,moderate_energy,0.539334,chill,0.476,organic,0.7247999999999999,0.432,0.52,journee_motive,journee_sport,motive_sport,0.07655414285714285,homogeneous,0.323750469748215,very_popular
3BlI8WbmqInpjM0z3k4L63,Kes,Workout,pop,weekend,chaud,sport,joyeux,groupe,exterieur,137,0.726,0.845,0.748,0.583,0.19,0.1,0.154,7.5,moderee,positive,pop_family,0.61347,moderate_energy,0.543048,chill,0.38649999999999995,mixed,0.7683,0.3724,0.44989999999999997,weekend_joyeux,weekend_sport,joyeux_sport,0.10182033333333335,balanced,0.2842916196918452,mainstream
0FhBANnxcQBgD3tQ75WFAn,Lizzo,Fitness,pop,apres_midi,neutre,cuisine,neutre,famille,maison,138,0.696,0.664,0.653,0.433,0.333,0.066,0.295,8.1,moderee,positive,pop_family,0.462144,low_energy,0.454488,chill,0.383,mixed,0.6735,0.3643,0.48319999999999996,apres_midi_neutre,apres_midi_cuisine,neutre_cuisine,0.05549428571428571,homogeneous,0.22003006388575722,niche
2XKsHHNCtKqk9cF35TRFyC,ACRAZE,Do It To It - Tiësto Remix,pop,apres_midi,ensoleille,detente,romantique,couple,maison,130,0.695,0.895,0.675,0.719,0.353,0.105,0.284,7.8,moderee,positive,pop_family,0.6220249999999999,high_energy,0.469125,chill,0.536,organic,0.749,0.48500000000000004,0.5712,apres_midi_romantique,apres_midi_detente,romantique_detente,0.08160490476190477,homogeneous,0.2450206689214581,niche
0wapads1fnPZcykH4lHyFU,Don Ready,WORKOUT,pop,journee,ensoleille,sport,joyeux,groupe,salle_sport,136,0.711,0.934,0.695,0.397,0.318,0.067,0.104,6.8,moderee,positive,pop_family,0.664074,high_energy,0.49414499999999995,chill,0.35750000000000004,mixed,0.7731,0.34090000000000004,0.4647,journee_joyeux,journee_sport,joyeux_sport,0.10803580952380953,balanced,0.2948139797068771,mainstream
1DLQrbkx4gLnUzZ104GSyq,Flo Rida,When I Grow Up - Workout Mantra Mix,pop,journee,neutre,sport,motive,groupe,exterieur,145,0.834,0.667,0.798,0.693,0.102,0.103,0.069,6.8,elevee,positive,pop_family,0.556278,moderate_energy,0.665532,moderate_party,0.39749999999999996,mixed,0.7730999999999999,0.35760000000000003,0.43829999999999997,journee_motive,journee_sport,motive_sport,0.12657495238095237,diverse,0.323750469748215,very_popular
2JTpoqOW26qIaPiCAWV6b8,EMTK,Feel Your Love,pop,apres_midi,chaud,detente,romantique,amis,maison,127,0.683,0.912,0.85,0.773,0.042,0.066,0.143,7.4,faible,positive,pop_family,0.6228960000000001,high_energy,0.58055,moderate_party,0.40750000000000003,mixed,0.8018000000000001,0.4169,0.4397,apres_midi_romantique,apres_midi_detente,romantique_detente,0.1542822857142857,diverse,0.25685832393836905,niche
0zqVUqHT2xBu84lQ7iN0Fl,JaidynAlexis,Workout,pop,weekend,chaud,conduite,joyeux,amis,voiture,125,0.705,0.892,0.715,0.417,0.169,0.099,0.246,6.9,moderee,positive,pop_family,0.62886,high_energy,0.5040749999999999,chill,0.293,electronic,0.7641,0.30600000000000005,0.38980000000000004,weekend_joyeux,weekend_conduite,joyeux_conduite,0.09570757142857143,balanced,0.21833897031191285,niche
3vv8CydGrXiESJ8flbrfwD,Torrian Ball,Workout (Remix),pop,weekend,chaud,sport,joyeux,groupe,exterieur,137,0.765,0.912,0.906,0.588,0.337,0.08,0.149,7.0,moderee,positive,pop_family,0.6976800000000001,high_energy,0.69309,moderate_party,0.4625,organic,0.8514000000000002,0.4068,0.5289,weekend_joyeux,weekend_sport,joyeux_sport,0.12178247619047618,diverse,0.2842916196918452,mainstream
5M0ApBngnLXxx0yO8YUrNG,Tiësto,10:35,pop,journee,neutre,sport,motive,groupe,salle_sport,139,0.776,0.677,0.766,0.704,0.189,0.098,0.056,7.0,moderee,positive,pop_family,0.525352,moderate_energy,0.594416,moderate_party,0.4465,organic,0.7433000000000001,0.40549999999999997,0.4861,journee_motive,journee_sport,motive_sport,0.11125261904761906,balanced,0.3141676061630966,very_popular
5JUjW2aXe7Pc5xqvgg5gw8,Asianae,Workout,pop,weekend,chaud,conduite,joyeux,amis,voiture,125,0.77,0.922,0.787,0.556,0.066,0.047,0.051,6.8,moderee,positive,pop_family,0.70994,high_energy,0.60599,moderate_party,0.31100000000000005,electronic,0.8207,0.31120000000000003,0.39039999999999997,weekend_joyeux,weekend_conduite,joyeux_conduite,0.15311866666666668,diverse,0.21833897031191285,niche
5a2ZkR8Jp1b3zJugv9e9wo,Nander,Getaway,pop,apres_midi,ensoleille,cuisine,neutre,famille,exterieur,125,0.632,0.948,0.641,0.487,0.207,0.049,0.1,7.3,faible,positive,pop_family,0.599136,moderate_energy,0.405112,chill,0.347,mixed,0.7295,0.3673,0.43979999999999997,apres_midi_neutre,apres_midi_cuisine,neutre_cuisine,0.11004523809523808,balanced,0.19767004885381434,niche
0b59YDhNMi8tIiSQWvCCe7,Rendez Vous,Workout,pop,apres_midi,neutre,cuisine,neutre,amis,restaurant,122,0.627,0.772,0.652,0.464,0.04,0.095,0.138,7.1,faible,positive,pop_family,0.48404400000000003,low_energy,0.408804,chill,0.252,electronic,0.678,0.3095,0.3402,apres_midi_neutre,apres_midi_cuisine,neutre_cuisine,0.09146023809523811,balanced,0.24859075535512967,niche
63PgDUiV0MbJc8V9zT5Ymn,Supreme Skillz,Workout,pop,apres_midi,neutre,conduite,neutre,amis,voiture,128,0.685,0.736,0.788,0.429,0.272,0.072,0.268,7.2,faible,positive,pop_family,0.50416,low_energy,0.53978,chill,0.35050000000000003,mixed,0.7312,0.3477,0.45030000000000003,apres_midi_neutre,apres_midi_conduite,neutre_conduite,0.0763282380952381,homogeneous,0.2433295753476137,niche
7KbzdD7YS3ry1u47W97rfJ,Gracie's Corner,Workout Song,pop,apres_midi,ensoleille,detente,romantique,couple,maison,138,0.673,0.84,0.716,0.589,0.374,0.071,0.18,7.0,faible,positive,pop_family,0.56532,moderate_energy,0.481868,chill,0.4815,organic,0.736,0.44589999999999996,0.5495000000000001,apres_midi_romantique,apres_midi_detente,romantique_detente,0.08365980952380953,homogeneous,0.2450206689214581,niche
1EyBjU9qjLgzj2JRVpF5an,Todrick Hall,Werk Out,pop,apres_midi,chaud,detente,romantique,couple,restaurant,126,0.616,0.888,0.778,0.68,0.109,0.103,0.228,7.0,faible,positive,pop_family,0.547008,moderate_energy,0.479248,chill,0.3945,mixed,0.7462,0.4199,0.4379,apres_midi_romantique,apres_midi_detente,romantique_detente,0.10946433333333334,balanced,0.2337467117624953,niche
6XGyBPInFB1M3BsZzTduHe,Giraffage,Workout,pop,weekend,ensoleille,cuisine,joyeux,famille,parc,119,0.778,0.886,0.732,0.504,0.214,0.095,0.149,7.0,moderee,positive,pop_family,0.689308,high_energy,0.569496,moderate_party,0.359,mixed,0.7966,0.3324,0.43920000000000003,weekend_joyeux,weekend_cuisine,joyeux_cuisine,0.1077102380952381,balanced,0.1629086809470124,niche
5lOhMuK5fgTQi9Ic7oeper,Ronnie Coleman,Workout Motivation,pop,apres_midi,neutre,detente,romantique,couple,maison,123,0.686,0.758,0.716,0.741,0.368,0.045,0.265,7.7,moderee,positive,pop_family,0.519988,moderate_energy,0.491176,chill,0.5545,organic,0.7166,0.5009999999999999,0.5972999999999999,apres_midi_romantique,apres_midi_detente,romantique_detente,0.08077990476190476,homogeneous,0.27865464111236377,mainstream
2vEZCfPZ6mKp1mXwljFUPR,Reli Beats,Workout,pop,weekend,ensoleille,sport,joyeux,amis,exterieur,130,0.795,0.944,0.752,0.686,0.052,0.059,0.268,6.9,moderee,positive,pop_family,0.75048,high_energy,0.59784,moderate_party,0.36900000000000005,mixed,0.8268,0.35150000000000003,0.42000000000000004,weekend_joyeux,weekend_sport,joyeux_sport,0.13847033333333333,diverse,0.30176625328823753,very_popular
1Acxd38LUbtYM4OpjiGliW,Lizzo,About Damn Time,pop,weekend,chaud,cuisine,joyeux,couple,maison,121,0.726,0.944,0.798,0.667,0.191,0.061,0.118,6.5,moderee,positive,pop_family,0.685344,high_energy,0.579348,moderate_party,0.42900000000000005,mixed,0.813,0.40630000000000005,0.4834,weekend_joyeux,weekend_cuisine,joyeux_cuisine,0.1331712380952381,diverse,0.22604284103720407,niche
2a68xrYa3kxdyxKQkVuaJQ,DJ Craig Gorman,Workout,pop,weekend,chaud,fete,joyeux,amis,cafe,121,0.742,0.875,0.876,0.652,0.355,0.106,0.219,7.4,moderee,positive,pop_family,0.64925,high_energy,0.649992,moderate_party,0.5035000000000001,organic,0.8221,0.44470000000000004,0.5519000000000001,weekend_joyeux,weekend_fete,joyeux_fete,0.10063361904761904,balanced,0.20236753100338215,niche
2feyIPw7iHgdaMYRskMTuK,METTE,MUSCLE,pop,journee,chaud,cuisine,joyeux,famille,parc,120,0.711,0.873,0.666,0.596,0.384,0.068,0.297,7.3,moderee,positive,pop_family,0.620703,moderate_energy,0.473526,chill,0.49,organic,0.7461,0.4403,0.5572,journee_joyeux,journee_cuisine,joyeux_cuisine,0.07673695238095238,homogeneous,0.18602029312288612,niche
0tP98JLud8UGyCkUkRriqu,PRIMU$ PHONK,Workout,pop,weekend,chaud,cuisine,joyeux,couple,maison,119,0.704,0.913,0.777,0.749,0.175,0.038,0.322,6.9,moderee,positive,pop_family,0.642752,high_energy,0.5470079999999999,chill,0.46199999999999997,organic,0.7886,0.4409,0.5045999999999999,weekend_joyeux,weekend_cuisine,joyeux_cuisine,0.1161902857142857,diverse,0.22604284103720407,niche
5e1V0fIrwC6xaUGR6l2pqV,Addison Zegan,Pre Workout Motivation Speech,pop,apres_midi,neutre,detente,romantique,couple,maison,128,0.684,0.734,0.624,0.737,0.325,0.115,0.264,7.6,faible,positive,pop_family,0.5020560000000001,low_energy,0.42681600000000003,chill,0.531,organic,0.6809999999999999,0.4871,0.5606,apres_midi_romantique,apres_midi_detente,romantique_detente,0.06577695238095238,homogeneous,0.27865464111236377,mainstream
7xpPQHC0vI04oPuGdBkLSs,Tiësto,Hot In It,pop,apres_midi,ensoleille,detente,romantique,couple,maison,122,0.689,0.879,0.698,0.532,0.292,0.102,0.188,6.5,moderee,positive,pop_family,0.6056309999999999,moderate_energy,0.4809219999999999,chill,0.41200000000000003,mixed,0.7486999999999999,0.39370000000000005,0.48519999999999996,apres_midi_romantique,apres_midi_detente,romantique_detente,0.08609080952380953,homogeneous,0.2450206689214581,niche
111Pqf6AuQvqeaAd0udTcT,TommyGunz,Workout,pop,journee,ensoleille,sport,energique,amis,salle_sport,150,0.862,0.712,0.79,0.47,0.258,0.068,0.058,6.8,elevee,positive,pop_family,0.613744,moderate_energy,0.68098,moderate_party,0.364,mixed,0.7954,0.30679999999999996,0.45640000000000003,journee_energique,journee_sport,energique_sport,0.11502990476190478,diverse,0.28861330326944756,mainstream
1JRjR5GRADwYlEqPbcDwef,Bakrou,Vegeta Workout Motivation - HARDSTYLE,pop,apres_midi,neutre,detente,romantique,couple,restaurant,132,0.693,0.751,0.738,0.615,0.013,0.089,0.313,7.7,moderee,positive,pop_family,0.520443,moderate_energy,0.5114339999999999,chill,0.314,electronic,0.7239,0.342,0.37320000000000003,apres_midi_romantique,apres_midi_detente,romantique_detente,0.09988814285714286,balanced,0.2658774896655393,niche
4hRlvhDlrWbPLmYkfzEYx3,Portugal. The Man,Feel It Still,pop,weekend,chaud,sport,joyeux,groupe,salle_sport,150,0.886,0.854,0.95,0.344,0.014,0.081,0.227,6.6,elevee,positive,pop_family,0.756644,high_energy,0.8417,high_party,0.179,electronic,0.8956,0.17600000000000002,0.29400000000000004,weekend_joyeux,weekend_sport,joyeux_sport,0.16407861904761903,diverse,0.2747087561067268,mainstream
5XH2T7g6s9b3tHFrxsWtcP,Andy C,Workout,pop,apres_midi,ensoleille,conduite,neutre,famille,voiture,130,0.652,0.922,0.796,0.489,0.297,0.046,0.144,7.1,faible,positive,pop_family,0.601144,moderate_energy,0.518992,chill,0.393,mixed,0.7762,0.3891,0.486,apres_midi_neutre,apres_midi_conduite,neutre_conduite,0.10993300000000002,balanced,0.16835776024051108,niche
0eHWTWRasw4bgYATBhaJOZ,Vladss,Everyday I'm Hustlin,pop,journee,chaud,sport,energique,amis,salle_sport,135,0.821,0.726,0.87,0.369,0.272,0.042,0.16,7.4,elevee,positive,pop_family,0.596046,moderate_energy,0.71427,high_party,0.3205,electronic,0.8072,0.28290000000000004,0.4383,journee_energique,journee_sport,energique_sport,0.11288290476190475,diverse,0.2901164975573092,mainstream
1ldNEGPZ1q0necVRu5FIHy,Golds gym,Workout,pop,weekend,ensoleille,sport,joyeux,groupe,exterieur,153,0.86,0.927,0.95,0.637,0.144,0.031,0.177,6.5,elevee,positive,pop_family,0.79722,high_energy,0.817,high_party,0.3905,mixed,0.9071,0.34,0.4569,weekend_joyeux,weekend_sport,joyeux_sport,0.1628212380952381,diverse,0.28278842540398347,mainstream
2zoTrABJrTLpDmt403PXUQ,EBEN,Fight Back,pop,weekend,ensoleille,sport,joyeux,amis,exterieur,133,0.789,0.811,0.75,0.359,0.351,0.034,0.252,7.7,moderee,positive,pop_family,0.6398790000000001,high_energy,0.59175,moderate_party,0.355,mixed,0.7839,0.3122,0.47640000000000005,weekend_joyeux,weekend_sport,joyeux_sport,0.09334933333333335,balanced,0.30176625328823753,very_popular
0hl8Kohg9Cwzc28xPEwfuG,Synthwave Nation,Workout,pop,weekend,chaud,sport,joyeux,amis,exterieur,148,0.84,0.833,0.887,0.359,0.366,0.067,0.332,6.8,elevee,positive,pop_family,0.6997199999999999,high_energy,0.74508,high_party,0.3625,mixed,0.8520000000000001,0.3014,0.47729999999999995,weekend_joyeux,weekend_sport,joyeux_sport,0.10416190476190477,balanced,0.3032694475760992,very_popular
2XfM8kwErKobWTBhT11LtF,HIIT BPM,Bring Sally Up - Workout,pop,weekend,ensoleille,sport,joyeux,groupe,salle_sport,151,0.815,0.84,0.812,0.643,0.251,0.097,0.115,7.7,elevee,positive,pop_family,0.6845999999999999,high_energy,0.66178,moderate_party,0.447,organic,0.8216,0.388,0.499,weekend_joyeux,weekend_sport,joyeux_sport,0.11741528571428572,diverse,0.2732055618188651,mainstream
30HH5fUlLuu8Dxw7sLi93z,Dj Dru,Feel The Burn,pop,apres_midi,neutre,conduite,neutre,amis,voiture,118,0.643,0.696,0.732,0.495,0.358,0.106,0.262,7.4,faible,positive,pop_family,0.447528,low_energy,0.470676,chill,0.4265,mixed,0.6856,0.4125,0.5063,apres_midi_neutre,apres_midi_conduite,neutre_conduite,0.05642957142857142,homogeneous,0.2433295753476137,niche
1jkr5vw9efMLHhSxbQ8Wka,Shoes Turned Up,Workout,pop,apres_midi,neutre,detente,romantique,couple,restaurant,115,0.62,0.672,0.557,0.646,0.211,0.09,0.176,6.9,faible,positive,pop_family,0.41664,low_energy,0.34534000000000004,chill,0.4285,mixed,0.6167,0.4357,0.48130000000000006,apres_midi_romantique,apres_midi_detente,romantique_detente,0.06421995238095239,homogeneous,0.2658774896655393,niche
7Envu5afU773yIOlEAE3wT,Flo Rida,Good Feeling,pop,apres_midi,neutre,detente,romantique,couple,restaurant,136,0.63,0.684,0.618,0.652,0.376,0.101,0.286,6.9,faible,positive,pop_family,0.43092,low_energy,0.38934,chill,0.514,organic,0.6426000000000001,0.48460000000000003,0.5634,apres_midi_romantique,apres_midi_detente,romantique_detente,0.05080214285714286,homogeneous,0.2658774896655393,niche
5TbREHZXN3K6RknCW9wBTE,B-Legit,Workout,pop,apres_midi,chaud,detente,romantique,couple,restaurant,133,0.624,0.909,0.613,0.665,0.111,0.07,0.1,6.3,faible,positive,pop_family,0.567216,moderate_energy,0.382512,chill,0.388,mixed,0.7061999999999999,0.4121,0.441,apres_midi_romantique,apres_midi_detente,romantique_detente,0.11584857142857143,diverse,0.2337467117624953,niche
1xK59OXxi2TAAAbmZK0kBL,d4vd,Romantic Homicide,pop,journee,neutre,conduite,motive,couple,voiture,120,0.725,0.772,0.61,0.62,0.398,0.116,0.077,8.9,moderee,positive,pop_family,0.5597,moderate_energy,0.44225,chill,0.509,organic,0.7046,0.4499,0.5618000000000001,journee_motive,journee_conduite,motive_conduite,0.08052766666666666,homogeneous,0.24746335963923338,niche
7s5VQqrjBtrBgZL4pEa46S,Eyedress,Romantic Lover,pop,journee,chaud,sport,joyeux,amis,exterieur,138,0.74,0.95,0.686,0.473,0.164,0.036,0.309,8.2,moderee,positive,pop_family,0.703,high_energy,0.50764,chill,0.3185,electronic,0.7867999999999999,0.3164,0.41669999999999996,journee_joyeux,journee_sport,joyeux_sport,0.10953623809523809,balanced,0.32487786546411124,very_popular
51v7yO07BdGgP6hv0OaDe2,John Powell,Romantic Flight - From How To Train Your Dragon Music From The Motion Picture,pop,journee,ensoleille,sport,energique,groupe,exterieur,135,0.865,0.766,0.795,0.642,0.197,0.082,0.255,8.1,elevee,positive,pop_family,0.66259,high_energy,0.687675,moderate_party,0.4195,mixed,0.8143,0.3564,0.4747,journee_energique,journee_sport,energique_sport,0.10604028571428571,balanced,0.2792183389703119,mainstream
6TBEvIBdVzWe96X0Bai39D,Mannequin Pussy,Romantic,pop,apres_midi,ensoleille,detente,romantique,couple,restaurant,134,0.667,0.943,0.705,0.576,0.113,0.07,0.25,7.5,faible,positive,pop_family,0.628981,high_energy,0.470235,chill,0.3445,electronic,0.7612000000000001,0.36419999999999997,0.4153,apres_midi_romantique,apres_midi_detente,romantique_detente,0.1107804761904762,balanced,0.2322435174746336,niche
6OGgPVxqijHJ5tQlZXkEfW,d4vd,Romantic Homicide - Live Version,pop,weekend,ensoleille,sport,joyeux,groupe,salle_sport,149,0.882,0.931,0.843,0.322,0.046,0.049,0.17,7.5,elevee,positive,pop_family,0.821142,high_energy,0.743526,high_party,0.184,electronic,0.8849999999999999,0.178,0.3098,weekend_joyeux,weekend_sport,joyeux_sport,0.16499990476190476,diverse,0.2732055618188651,mainstream
23ZfYXdy2deoaf4u1XObHZ,Deftones,Romantic Dreams,pop,journee,neutre,sport,motive,groupe,exterieur,147,0.881,0.696,0.767,0.365,0.069,0.117,0.062,8.0,elevee,positive,pop_family,0.6131759999999999,moderate_energy,0.675727,moderate_party,0.217,electronic,0.7913,0.20239999999999997,0.3206,journee_motive,journee_sport,motive_sport,0.12587728571428572,diverse,0.323750469748215,very_popular
0SCLsDJtC7DmOwks1tsszt,d4vd,Romantic Homicide,pop,journee,chaud,sport,energique,groupe,salle_sport,148,0.853,0.762,0.842,0.484,0.383,0.098,0.242,7.9,elevee,positive,pop_family,0.649986,high_energy,0.7182259999999999,high_party,0.4335,organic,0.8224,0.3526,0.5171,journee_energique,journee_sport,energique_sport,0.09141461904761905,balanced,0.2711386696730552,mainstream
7IBSffWIu7P2MC7kMwy2FM,Wiz Khalifa,Hopeless Romantic (feat. Swae Lee),pop,journee,ensoleille,sport,energique,amis,salle_sport,135,0.873,0.772,0.799,0.599,0.012,0.089,0.295,8.2,elevee,positive,pop_family,0.673956,high_energy,0.697527,moderate_party,0.3055,electronic,0.8205,0.2813,0.3679,journee_energique,journee_sport,energique_sport,0.1268122380952381,diverse,0.28861330326944756,mainstream
24uBxYyG8VFoum8l4ZVHEn,Yusuke Honma,Romantic,pop,journee,chaud,sport,energique,amis,salle_sport,146,0.889,0.762,0.872,0.325,0.379,0.05,0.063,7.6,elevee,positive,pop_family,0.677418,high_energy,0.775208,high_party,0.352,mixed,0.8458,0.277,0.47700000000000004,journee_energique,journee_sport,energique_sport,0.13223780952380954,diverse,0.2901164975573092,mainstream
29K9XCDx9IDpyGpKmoM5VJ,ROMANTICA,ERROR,pop,apres_midi,chaud,detente,romantique,couple,maison,139,0.62,0.823,0.646,0.511,0.185,0.119,0.318,7.7,faible,positive,pop_family,0.5102599999999999,moderate_energy,0.40052,chill,0.348,mixed,0.6887,0.3739,0.42200000000000004,apres_midi_romantique,apres_midi_detente,romantique_detente,0.06777257142857142,homogeneous,0.24652386320931982,niche
2vPMoMDXxu9uX1igWZmXSG,Taylor Swift,New Romantics (Taylor's Version),pop,journee,chaud,sport,energique,amis,exterieur,146,0.926,0.739,0.877,0.583,0.236,0.087,0.24,8.2,elevee,positive,pop_family,0.684314,high_energy,0.812102,high_party,0.4095,mixed,0.8552000000000001,0.32619999999999993,0.4754999999999999,journee_energique,journee_sport,energique_sport,0.11507180952380953,diverse,0.2996993611424276,mainstream
7kPqBVApDFSVkzeUiT142t,d4vd,Romantic Homicide - Live Version,pop,journee,neutre,cuisine,motive,amis,cafe,115,0.779,0.75,0.803,0.342,0.104,0.111,0.099,7.8,moderee,positive,pop_family,0.58425,moderate_energy,0.625537,moderate_party,0.223,electronic,0.7775,0.2343,0.33240000000000003,journee_motive,journee_cuisine,motive_cuisine,0.11476714285714286,diverse,0.25216084178880116,niche
3b9hmdwt0RWluhFm3hLKz8,Feid,ROMÁNTICOS DE LUNES,pop,apres_midi,chaud,detente,romantique,couple,restaurant,137,0.619,0.891,0.601,0.624,0.273,0.071,0.152,7.8,faible,positive,pop_family,0.551529,moderate_energy,0.372019,chill,0.4485,organic,0.6952,0.4458,0.5095000000000001,apres_midi_romantique,apres_midi_detente,romantique_detente,0.08982595238095237,balanced,0.2337467117624953,niche
4ebcE2SmkG7nplvzFAWRu7,The Romantics,What I Like About You,pop,journee,neutre,sport,motive,groupe,exterieur,138,0.804,0.683,0.786,0.56,0.244,0.091,0.322,8.3,moderee,positive,pop_family,0.5491320000000001,moderate_energy,0.6319440000000001,moderate_party,0.402,mixed,0.7623000000000001,0.356,0.47180000000000005,journee_motive,journee_sport,motive_sport,0.07929795238095239,homogeneous,0.323750469748215,very_popular
2PuKKbpvpzJIYTHo5nUbRA,jxdn,Romantic Homicide,pop,apres_midi,chaud,detente,romantique,couple,maison,134,0.641,0.815,0.769,0.695,0.326,0.116,0.225,7.3,faible,positive,pop_family,0.522415,moderate_energy,0.492929,chill,0.5105,organic,0.7315999999999999,0.48349999999999993,0.5483,apres_midi_romantique,apres_midi_detente,romantique_detente,0.08029461904761905,homogeneous,0.24652386320931982,niche
6EHd67PsiwJ8ptMr0Pus99,Ryanzz,Romantic Homicide - Hoodtrap,pop,apres_midi,ensoleille,detente,romantique,couple,maison,118,0.611,0.861,0.725,0.695,0.292,0.034,0.079,7.1,faible,positive,pop_family,0.526071,moderate_energy,0.44297499999999995,chill,0.49349999999999994,organic,0.7202,0.48229999999999995,0.5477,apres_midi_romantique,apres_midi_detente,romantique_detente,0.11051099999999998,balanced,0.2450206689214581,niche
1Buhy8HfEeTJsLmy4BqHPD,ADTurnUp,Romantic,pop,journee,neutre,conduite,motive,couple,voiture,121,0.722,0.658,0.608,0.639,0.314,0.1,0.162,7.8,moderee,positive,pop_family,0.475076,low_energy,0.438976,chill,0.47650000000000003,organic,0.6686,0.4332,0.5287000000000001,journee_motive,journee_conduite,motive_conduite,0.06691195238095238,homogeneous,0.24746335963923338,niche
0eSq0T0cNczkQ9RxsFjcsx,DJ Tec,Romantic Homicide - Slowed + Reverb,pop,apres_midi,chaud,detente,romantique,couple,maison,135,0.603,0.938,0.702,0.643,0.27,0.119,0.117,7.0,faible,positive,pop_family,0.565614,moderate_energy,0.42330599999999996,chill,0.4565,organic,0.7332,0.45730000000000004,0.5041,apres_midi_romantique,apres_midi_detente,romantique_detente,0.10113161904761903,balanced,0.24652386320931982,niche
06StrHdCP6SpL7w1Jz1ipr,Harmony Tales,Romantic Garden,pop,journee,neutre,conduite,motive,amis,voiture,118,0.791,0.672,0.831,0.394,0.07,0.099,0.3,8.1,moderee,positive,pop_family,0.531552,moderate_energy,0.657321,moderate_party,0.232,electronic,0.7673,0.2413,0.33340000000000003,journee_motive,journee_conduite,motive_conduite,0.10065933333333334,balanced,0.2577978203682826,niche
5liaFrDdoINOvJ4B8WDPa1,Goapele,Romantic (feat. Soulive),pop,journee,chaud,sport,energique,amis,exterieur,146,0.89,0.724,0.805,0.538,0.08,0.082,0.343,7.3,elevee,positive,pop_family,0.64436,high_energy,0.71645,high_party,0.309,electronic,0.8147,0.27220000000000005,0.385,journee_energique,journee_sport,energique_sport,0.11205195238095239,balanced,0.2996993611424276,mainstream
7CZqyhIwOljA3ARqaqW6Er,Samuel Kim,Romantic Flight - Cinematic Version - Cover,pop,apres_midi,neutre,cuisine,neutre,amis,exterieur,124,0.664,0.722,0.587,0.421,0.131,0.079,0.197,7.4,faible,positive,pop_family,0.479408,low_energy,0.389768,chill,0.276,electronic,0.6583,0.3085,0.376,apres_midi_neutre,apres_midi_cuisine,neutre_cuisine,0.07090014285714287,homogeneous,0.272641863960917,mainstream
6rZVy6FIG7lSJQMFXHo12z,Taylor Swift,New Romantics,pop,apres_midi,ensoleille,detente,romantique,couple,restaurant,139,0.603,0.843,0.679,0.669,0.142,0.082,0.275,7.8,faible,positive,pop_family,0.5083289999999999,low_energy,0.409437,chill,0.4055,mixed,0.6978,0.42929999999999996,0.45530000000000004,apres_midi_romantique,apres_midi_detente,romantique_detente,0.08937528571428571,balanced,0.2322435174746336,niche
3q4Riobmdn7t7RnSZhPJQ4,Marco Velocci,Romantic Flight - Piano Version,pop,weekend,ensoleille,sport,joyeux,amis,exterieur,132,0.736,0.932,0.847,0.678,0.15,0.093,0.232,6.5,moderee,positive,pop_family,0.685952,high_energy,0.623392,moderate_party,0.41400000000000003,mixed,0.8281000000000001,0.39540000000000003,0.4598,weekend_joyeux,weekend_sport,joyeux_sport,0.125059,diverse,0.30176625328823753,very_popular
3nRhH5u3TE6HtvBH6mNwzY,Yves Tumor,Romanticist,pop,journee,neutre,sport,motive,amis,exterieur,133,0.749,0.663,0.629,0.391,0.139,0.038,0.322,8.0,moderee,positive,pop_family,0.496587,low_energy,0.471121,chill,0.265,electronic,0.6872,0.27340000000000003,0.37920000000000004,journee_motive,journee_sport,motive_sport,0.07438157142857144,homogeneous,0.34272829763246904,very_popular
7f0eBtw7wikhwqfN7D3Hms,Conor Matthews,Romantic,pop,weekend,ensoleille,sport,joyeux,amis,salle_sport,147,0.837,0.883,0.813,0.315,0.014,0.06,0.158,7.5,elevee,positive,pop_family,0.7390709999999999,high_energy,0.6804809999999999,moderate_party,0.1645,electronic,0.8435999999999999,0.1791,0.2895,weekend_joyeux,weekend_sport,joyeux_sport,0.15233533333333332,diverse,0.29218338970311913,mainstream
62ufShoZW2aqSFgYiZOZ23,YannaY,Romantica,pop,weekend,ensoleille,sport,joyeux,amis,exterieur,144,0.856,0.934,0.95,0.496,0.235,0.08,0.258,7.5,elevee,positive,pop_family,0.799504,high_energy,0.8131999999999999,high_party,0.3655,mixed,0.9076,0.31210000000000004,0.45030000000000003,weekend_joyeux,weekend_sport,joyeux_sport,0.1348594761904762,diverse,0.30176625328823753,very_popular
4h32MKRYsR15gAT383ZsFn,Stevie Zita,Romanticize,pop,weekend,ensoleille,sport,joyeux,amis,exterieur,132,0.768,0.818,0.787,0.738,0.047,0.071,0.236,7.3,moderee,positive,pop_family,0.628224,high_energy,0.6044160000000001,moderate_party,0.3925,mixed,0.7887,0.3789,0.43069999999999997,weekend_joyeux,weekend_sport,joyeux_sport,0.12845533333333334,diverse,0.30176625328823753,very_popular
16YZbdkJtyvsjV8UKOwQBB,"Car, the garden",Romantic Sunday,pop,weekend,ensoleille,fete,joyeux,amis,maison,115,0.79,0.855,0.851,0.609,0.133,0.037,0.112,7.8,moderee,positive,pop_family,0.67545,high_energy,0.67229,moderate_party,0.371,mixed,0.8278000000000001,0.3465,0.44179999999999997,weekend_joyeux,weekend_fete,joyeux_fete,0.14049747619047623,diverse,0.22453964674934235,niche
5frIKPPZpsKYguxGCKs9xT,jaydes,migraine,pop,journee,neutre,cuisine,motive,amis,cafe,116,0.778,0.762,0.866,0.429,0.001,0.046,0.182,8.5,moderee,positive,pop_family,0.592836,moderate_energy,0.673748,moderate_party,0.215,electronic,0.7996,0.2385,0.31999999999999995,journee_motive,journee_cuisine,motive_cuisine,0.13566823809523812,diverse,0.25216084178880116,niche
3iMwZf2P45fKtygP2fa55c,Stanaj,Romantic,pop,journee,neutre,sport,motive,amis,exterieur,134,0.796,0.758,0.7,0.717,0.034,0.032,0.192,7.2,moderee,positive,pop_family,0.603368,moderate_energy,0.5572,chill,0.3755,mixed,0.7558,0.35819999999999996,0.42569999999999997,journee_motive,journee_sport,motive_sport,0.1269702380952381,diverse,0.34272829763246904,very_popular
7fRvtXvJMpGfTLdF0M09a1,The Romantics,Talking In Your Sleep (2023 Remaster),pop,weekend,ensoleille,sport,joyeux,groupe,salle_sport,152,0.892,0.893,0.9,0.382,0.192,0.092,0.326,8.0,elevee,positive,pop_family,0.796556,high_energy,0.8028000000000001,high_party,0.28700000000000003,electronic,0.8947,0.24280000000000002,0.3922,weekend_joyeux,weekend_sport,joyeux_sport,0.12819423809523808,diverse,0.2732055618188651,mainstream
6Q38jC7hVyrNNA8B145gzj,C.O.D.J,Romantic Dinner Music,pop,journee,neutre,conduite,motive,couple,voiture,121,0.739,0.686,0.749,0.644,0.324,0.072,0.159,7.9,moderee,positive,pop_family,0.506954,low_energy,0.553511,chill,0.484,organic,0.7261,0.4331,0.5408000000000001,journee_motive,journee_conduite,motive_conduite,0.08376514285714286,homogeneous,0.24746335963923338,niche
3CIYQ9KXg1xhHJPbU7DSlP,d4vd,Romantic Homicide,pop,weekend,chaud,sport,joyeux,amis,exterieur,140,0.882,0.845,0.907,0.615,0.161,0.084,0.321,7.6,elevee,positive,pop_family,0.74529,high_energy,0.7999740000000001,high_party,0.388,mixed,0.8784000000000001,0.3297,0.44820000000000004,weekend_joyeux,weekend_sport,joyeux_sport,0.12494433333333332,diverse,0.3032694475760992,very_popular
6hvops0FPOLydeg6SpaQQc,800 cherries,romantico - Remastered,pop,journee,ensoleille,sport,joyeux,groupe,exterieur,139,0.725,0.848,0.691,0.492,0.251,0.068,0.335,7.3,moderee,positive,pop_family,0.6148,moderate_energy,0.500975,chill,0.3715,mixed,0.7516999999999999,0.35459999999999997,0.4595,journee_joyeux,journee_sport,joyeux_sport,0.08049447619047619,homogeneous,0.3043968432919955,very_popular
3fgMbGehim5oqOs6JeeoVd,Torby Brand,"Romantic Flight (From ""How to Train Your Dragon"")",pop,weekend,ensoleille,sport,joyeux,groupe,exterieur,133,0.797,0.878,0.83,0.379,0.39,0.046,0.254,7.0,moderee,positive,pop_family,0.699766,high_energy,0.66151,moderate_party,0.3845,mixed,0.8311999999999999,0.3295,0.49949999999999994,weekend_joyeux,weekend_sport,joyeux_sport,0.10543061904761904,balanced,0.28278842540398347,mainstream
0Jje2snKuKmNg4GtAmcWra,Lysander,Romanticizing Life,pop,apres_midi,neutre,detente,romantique,couple,restaurant,129,0.603,0.766,0.707,0.622,0.351,0.036,0.14,7.7,faible,positive,pop_family,0.461898,low_energy,0.42632099999999995,chill,0.4865,organic,0.6831,0.4732,0.5549,apres_midi_romantique,apres_midi_detente,romantique_detente,0.0825652380952381,homogeneous,0.2658774896655393,niche
2G6mFwW7wb81RdM6dZHgWH,unbreakable 02,Romantic,pop,weekend,chaud,conduite,joyeux,amis,voiture,122,0.748,0.91,0.743,0.578,0.311,0.11,0.144,7.0,moderee,positive,pop_family,0.6806800000000001,high_energy,0.555764,chill,0.4445,organic,0.7951,0.40009999999999996,0.5069,weekend_joyeux,weekend_conduite,joyeux_conduite,0.10150290476190475,balanced,0.21833897031191285,niche
5GHexmI9cZc5d6Vr5eNLVA,John Powell,"Romantic Flight (Arr. Herbert for Violin & Orchestra) - From ""How to Train Your Dragon""",pop,journee,neutre,sport,motive,amis,exterieur,139,0.786,0.723,0.712,0.346,0.164,0.107,0.26,7.0,moderee,positive,pop_family,0.568278,moderate_energy,0.559632,chill,0.255,electronic,0.7449,0.2518,0.3644,journee_motive,journee_sport,motive_sport,0.08367395238095238,homogeneous,0.34272829763246904,very_popular
7f7aYGgfSIryroootMBq7e,Retrofile,Romanticism,pop,weekend,chaud,sport,joyeux,groupe,exterieur,142,0.886,0.945,0.922,0.577,0.193,0.097,0.254,7.4,elevee,positive,pop_family,0.83727,high_energy,0.8168920000000001,high_party,0.385,mixed,0.9145,0.3229,0.45019999999999993,weekend_joyeux,weekend_sport,joyeux_sport,0.13803761904761905,diverse,0.2842916196918452,mainstream
3J87xdiWkf5YYFXXtwOnQO,SGE Kash,Romantic (feat. Toosii),pop,weekend,chaud,sport,joyeux,amis,exterieur,138,0.79,0.805,0.888,0.522,0.343,0.034,0.197,6.9,moderee,positive,pop_family,0.63595,high_energy,0.70152,moderate_party,0.4325,organic,0.8239000000000001,0.3747,0.5213,weekend_joyeux,weekend_sport,joyeux_sport,0.11014590476190476,balanced,0.3032694475760992,very_popular
3jPuWFKxMmBVvo238aYJwS,Banda Pequeños Musical,Romántico incurable,pop,journee,neutre,cuisine,motive,couple,cafe,128,0.72,0.705,0.689,0.741,0.137,0.038,0.305,8.0,moderee,positive,pop_family,0.5075999999999999,low_energy,0.49607999999999997,chill,0.439,organic,0.7061999999999999,0.42150000000000004,0.4832,journee_motive,journee_cuisine,motive_cuisine,0.0939292857142857,balanced,0.24182638105975196,niche
2XU0oxnq2qxCpomAAuJY8K,Tones And I,Dance Monkey,pop,journee,neutre,sport,motive,amis,exterieur,131,0.783,0.782,0.703,0.736,0.323,0.101,0.264,8.4,moderee,positive,pop_family,0.612306,moderate_energy,0.550449,chill,0.5295,organic,0.7587,0.4564,0.5621,journee_motive,journee_sport,motive_sport,0.08291295238095238,homogeneous,0.34272829763246904,very_popular
0a7BloCiNzLDD9qSQHh5m7,Fall Out Boy,"Dance, Dance",pop,journee,chaud,cuisine,energique,couple,cafe,115,0.848,0.73,0.747,0.679,0.333,0.036,0.299,8.5,elevee,positive,pop_family,0.6190399999999999,moderate_energy,0.633456,moderate_party,0.506,organic,0.7823,0.4171,0.5630000000000001,journee_energique,journee_cuisine,energique_cuisine,0.0910689523809524,balanced,0.19879744456971063,niche
4LCzEYKPFcd2FCOmZdVDnM,Immortal Technique,Dance With The Devil,pop,apres_midi,ensoleille,detente,romantique,couple,maison,121,0.647,0.943,0.761,0.67,0.345,0.09,0.238,7.7,faible,positive,pop_family,0.610121,moderate_energy,0.492367,chill,0.5075000000000001,organic,0.77,0.4774,0.5555,apres_midi_romantique,apres_midi_detente,romantique_detente,0.09504523809523809,balanced,0.2450206689214581,niche
1vYXt7VSjH9JIM5oRRo7vA,Dua Lipa,Dance The Night - From Barbie The Album,pop,journee,chaud,sport,joyeux,amis,exterieur,135,0.743,0.941,0.694,0.419,0.07,0.053,0.219,8.4,moderee,positive,pop_family,0.699163,high_energy,0.5156419999999999,chill,0.2445,electronic,0.7877,0.2657,0.35009999999999997,journee_joyeux,journee_sport,joyeux_sport,0.12379661904761902,diverse,0.32487786546411124,very_popular
11C4y2Yz1XbHmaQwO06s9f,Dua Lipa,Dance The Night,pop,weekend,chaud,sport,joyeux,amis,exterieur,142,0.86,0.819,0.721,0.487,0.18,0.087,0.216,8.2,elevee,positive,pop_family,0.70434,high_energy,0.62006,moderate_party,0.3335,electronic,0.806,0.2908,0.41869999999999996,weekend_joyeux,weekend_sport,joyeux_sport,0.10526361904761905,balanced,0.3032694475760992,very_popular
2cmRpmO04TLaKPzmAzySYZ,LCD Soundsystem,Dance Yrself Clean,pop,apres_midi,neutre,detente,romantique,couple,restaurant,121,0.629,0.74,0.665,0.505,0.25,0.074,0.147,8.3,faible,positive,pop_family,0.46546,low_energy,0.418285,chill,0.3775,mixed,0.6731,0.38830000000000003,0.4617,apres_midi_romantique,apres_midi_detente,romantique_detente,0.07262933333333334,homogeneous,0.2658774896655393,niche
2g3vpJiqwswGJbUOSkCWqC,Cody Johnson,Dance Her Home,pop,journee,neutre,sport,motive,amis,exterieur,136,0.711,0.78,0.719,0.547,0.183,0.079,0.115,8.5,moderee,positive,pop_family,0.55458,moderate_energy,0.5112089999999999,chill,0.365,mixed,0.7341,0.36040000000000005,0.4398,journee_motive,journee_sport,motive_sport,0.09665157142857143,balanced,0.34272829763246904,very_popular
7cvkXf3AwPGT041PyOi5VX,Beyoncé,Dance for You,pop,apres_midi,neutre,detente,romantique,couple,restaurant,116,0.632,0.719,0.601,0.601,0.383,0.092,0.168,8.2,faible,positive,pop_family,0.454408,low_energy,0.379832,chill,0.492,organic,0.6488,0.4657,0.5534,apres_midi_romantique,apres_midi_detente,romantique_detente,0.06049361904761904,homogeneous,0.2658774896655393,niche
6iCX17mrswsT0QgOclgqy3,Kidz Bop Kids,Dance Monkey,pop,journee,neutre,sport,motive,amis,exterieur,150,0.827,0.695,0.735,0.664,0.16,0.115,0.298,8.0,elevee,positive,pop_family,0.574765,moderate_energy,0.607845,moderate_party,0.41200000000000003,mixed,0.7598,0.3655,0.45620000000000005,journee_motive,journee_sport,motive_sport,0.08861647619047619,balanced,0.34272829763246904,very_popular
5lXGkq8j4FpQ5SKL4YG4rS,Bluey,Dance Mode,pop,apres_midi,ensoleille,conduite,neutre,groupe,voiture,117,0.686,0.896,0.839,0.444,0.105,0.116,0.169,7.7,moderee,positive,pop_family,0.6146560000000001,moderate_energy,0.575554,moderate_party,0.2745,electronic,0.7948999999999999,0.3033,0.3625,apres_midi_neutre,apres_midi_conduite,neutre_conduite,0.11898933333333335,diverse,0.19071777527245395,niche
3ZAMtgYJFoHwJjFkhkXqKr,Big Sean,Dance (A$$) Remix,pop,weekend,chaud,sport,joyeux,groupe,exterieur,147,0.871,0.846,0.95,0.282,0.271,0.056,0.076,7.9,elevee,positive,pop_family,0.736866,high_energy,0.8274499999999999,high_party,0.27649999999999997,electronic,0.8872,0.2328,0.40890000000000004,weekend_joyeux,weekend_sport,joyeux_sport,0.1556008095238095,diverse,0.2842916196918452,mainstream
10ASBwZsp7oUUDsJEYz3uS,Breaking Benjamin,Dance With The Devil,pop,apres_midi,chaud,detente,romantique,couple,maison,123,0.667,0.803,0.704,0.797,0.294,0.075,0.323,8.2,faible,positive,pop_family,0.5356010000000001,moderate_energy,0.469568,chill,0.5455,organic,0.7189,0.5069,0.5711,apres_midi_romantique,apres_midi_detente,romantique_detente,0.08335290476190477,homogeneous,0.24652386320931982,niche
2N8m6CYs74qQO4mjVcXO30,Tones And I,Dance Monkey,pop,journee,neutre,cuisine,motive,famille,maison,115,0.722,0.756,0.774,0.587,0.307,0.094,0.112,8.7,moderee,positive,pop_family,0.545832,moderate_energy,0.558828,chill,0.44699999999999995,organic,0.7478,0.41030000000000005,0.5108,journee_motive,journee_cuisine,motive_cuisine,0.09116080952380952,balanced,0.23449830890642612,niche
7snmvZMLdGGk3l9PcvoYSM,Luther Vandross,Dance With My Father,pop,journee,neutre,sport,motive,amis,exterieur,138,0.836,0.654,0.735,0.364,0.124,0.07,0.277,8.2,elevee,positive,pop_family,0.546744,moderate_energy,0.61446,moderate_party,0.244,electronic,0.7511000000000001,0.23200000000000004,0.35719999999999996,journee_motive,journee_sport,motive_sport,0.09311347619047618,balanced,0.34272829763246904,very_popular
1zi7xx7UVEFkmKfv06H8x0,Drake,One Dance,pop,journee,neutre,cuisine,motive,amis,exterieur,129,0.754,0.742,0.775,0.405,0.296,0.059,0.145,9.1,moderee,positive,pop_family,0.559468,moderate_energy,0.58435,moderate_party,0.35050000000000003,mixed,0.7567,0.3246,0.4577,journee_motive,journee_cuisine,motive_cuisine,0.09247590476190476,balanced,0.28711010898158584,mainstream
6uRH1qMz30ZBwwUG0IYE5s,112,Dance With Me,pop,apres_midi,neutre,detente,romantique,couple,maison,121,0.67,0.797,0.599,0.751,0.018,0.09,0.265,8.2,faible,positive,pop_family,0.5339900000000001,moderate_energy,0.40133,chill,0.3845,mixed,0.6868,0.4048,0.4163,apres_midi_romantique,apres_midi_detente,romantique_detente,0.1053052380952381,balanced,0.27865464111236377,mainstream
34oa5y5p5SyWk7GfjdeNJY,Bluey,Dance Mode,pop,weekend,chaud,fete,joyeux,groupe,maison,128,0.798,0.873,0.891,0.7,0.341,0.032,0.279,8.0,moderee,positive,pop_family,0.696654,high_energy,0.711018,moderate_party,0.5205,organic,0.8484,0.44289999999999996,0.5741,weekend_joyeux,weekend_fete,joyeux_fete,0.11491247619047618,diverse,0.20706501315295,niche
33yAEqzKXexYM3WlOYtTfQ,Justice,D.A.N.C.E,pop,weekend,chaud,sport,joyeux,amis,exterieur,138,0.879,0.927,0.876,0.324,0.144,0.069,0.051,7.9,elevee,positive,pop_family,0.814833,high_energy,0.770004,high_party,0.23399999999999999,electronic,0.8925000000000001,0.2091,0.35540000000000005,weekend_joyeux,weekend_sport,joyeux_sport,0.16747714285714288,diverse,0.3032694475760992,very_popular
2x7MyWybabEz6Y6wvHuwGE,Lady Gaga,Just Dance,pop,weekend,chaud,sport,joyeux,groupe,salle_sport,138,0.763,0.95,0.87,0.646,0.353,0.099,0.055,8.3,moderee,positive,pop_family,0.72485,high_energy,0.66381,moderate_party,0.4995,organic,0.8512,0.4354,0.5505,weekend_joyeux,weekend_sport,joyeux_sport,0.1337272380952381,diverse,0.2747087561067268,mainstream
4RS9PmtHQe7I0o5fEeweOY,Van Halen,Dance the Night Away - 2015 Remaster,pop,journee,ensoleille,sport,energique,amis,salle_sport,148,0.854,0.768,0.867,0.541,0.093,0.061,0.068,8.2,elevee,positive,pop_family,0.655872,high_energy,0.740418,high_party,0.317,electronic,0.8321000000000001,0.2881,0.3966,journee_energique,journee_sport,energique_sport,0.14495295238095238,diverse,0.28861330326944756,mainstream
3nlVjrlLMJHC7Flf9impf9,Rihanna,"Dancing In The Dark - From The ""Home"" Soundtrack",pop,journee,chaud,sport,energique,amis,salle_sport,148,0.85,0.746,0.88,0.661,0.188,0.047,0.244,8.3,elevee,positive,pop_family,0.6341,high_energy,0.748,high_party,0.4245,mixed,0.8278000000000001,0.3658,0.4829,journee_energique,journee_sport,energique_sport,0.11991728571428573,diverse,0.2901164975573092,mainstream
2WrldKXSBVbNNm3A9vJryi,JID,Dance Now (feat. Kenny Mason),pop,apres_midi,ensoleille,detente,romantique,couple,restaurant,123,0.641,0.879,0.655,0.789,0.396,0.1,0.182,7.8,faible,positive,pop_family,0.563439,moderate_energy,0.41985500000000003,chill,0.5925,organic,0.7166,0.5421,0.6147,apres_midi_romantique,apres_midi_detente,romantique_detente,0.0900212380952381,balanced,0.2322435174746336,niche
0XxXIiZP0rJBS8S841UVdu,lucidbeatz,dance with me,pop,weekend,ensoleille,sport,joyeux,amis,exterieur,144,0.929,0.924,0.937,0.667,0.074,0.086,0.061,7.9,elevee,positive,pop_family,0.858396,high_energy,0.870473,high_party,0.3705,mixed,0.9299000000000001,0.3103,0.41990000000000005,weekend_joyeux,weekend_sport,joyeux_sport,0.18729028571428574,diverse,0.30176625328823753,very_popular
2JvPJ8ydPuN2NhpH4oti6I,Wang Chung,Dance Hall Days,pop,journee,neutre,sport,motive,amis,salle_sport,130,0.76,0.762,0.78,0.559,0.09,0.071,0.242,8.5,moderee,positive,pop_family,0.57912,moderate_energy,0.5928,moderate_party,0.3245,electronic,0.7666000000000001,0.32260000000000005,0.3985,journee_motive,journee_sport,motive_sport,0.1048122380952381,balanced,0.3331454340473506,very_popular
6qNA4oi603Kluq2CiTszvP,KAYTRANADA,Dance Dance Dance Dance,pop,weekend,ensoleille,fete,joyeux,amis,plage,124,0.721,0.857,0.818,0.409,0.209,0.117,0.258,8.0,moderee,positive,pop_family,0.6178969999999999,moderate_energy,0.5897779999999999,moderate_party,0.309,electronic,0.7908999999999999,0.31,0.4038,weekend_joyeux,weekend_fete,joyeux_fete,0.09564480952380953,balanced,0.19316046599022926,niche
1E2WTcYLP1dFe1tiGDwRmT,Ghost,Dance Macabre,pop,weekend,ensoleille,sport,joyeux,groupe,exterieur,139,0.834,0.81,0.856,0.526,0.293,0.096,0.297,8.2,elevee,positive,pop_family,0.67554,high_energy,0.713904,high_party,0.4095,mixed,0.8334,0.3481,0.48510000000000003,weekend_joyeux,weekend_sport,joyeux_sport,0.09598690476190476,balanced,0.28278842540398347,mainstream
2GORop0i2cyx8C0A3JzL44,Orleans,Dance with Me,pop,journee,neutre,conduite,motive,famille,voiture,128,0.791,0.729,0.799,0.539,0.044,0.107,0.324,8.1,moderee,positive,pop_family,0.576639,moderate_energy,0.632009,moderate_party,0.29150000000000004,electronic,0.7748,0.2915,0.3623,journee_motive,journee_conduite,motive_conduite,0.1029034761904762,balanced,0.21645997745208567,niche
3D0fUBloGwPcLGLyheGWXu,Orleans,Dance with Me,pop,weekend,ensoleille,fete,joyeux,amis,cafe,123,0.726,0.831,0.824,0.661,0.012,0.065,0.238,8.2,moderee,positive,pop_family,0.603306,moderate_energy,0.598224,moderate_party,0.3365,electronic,0.7868999999999999,0.3502,0.39130000000000004,weekend_joyeux,weekend_fete,joyeux_fete,0.13077095238095238,diverse,0.20086433671552048,niche
1MQWtVcs0PKsY4PA6ZvLiy,Sly & The Family Stone,Dance to the Music,pop,journee,neutre,sport,motive,amis,salle_sport,132,0.708,0.785,0.697,0.652,0.087,0.055,0.211,8.2,moderee,positive,pop_family,0.5557799999999999,moderate_energy,0.4934759999999999,chill,0.3695,mixed,0.7278,0.37450000000000006,0.4281,journee_motive,journee_sport,motive_sport,0.10420461904761903,balanced,0.3331454340473506,very_popular
2tUBqZG2AbRi7Q0BIrVrEj,Whitney Houston,I Wanna Dance with Somebody (Who Loves Me),pop,weekend,chaud,sport,joyeux,groupe,exterieur,148,0.901,0.839,0.777,0.332,0.017,0.081,0.246,8.4,elevee,positive,pop_family,0.755939,high_energy,0.7000770000000001,moderate_party,0.17450000000000002,electronic,0.8452,0.16759999999999997,0.29190000000000005,weekend_joyeux,weekend_sport,joyeux_sport,0.14009614285714286,diverse,0.2842916196918452,mainstream
2TVxnKdb3tqe1nhQWwwZCO,Elton John,Tiny Dancer,pop,apres_midi,ensoleille,detente,romantique,couple,restaurant,119,0.687,0.95,0.737,0.817,0.13,0.112,0.27,8.2,moderee,positive,pop_family,0.6526500000000001,high_energy,0.5063190000000001,chill,0.4735,organic,0.7808999999999999,0.45969999999999994,0.4877,apres_midi_romantique,apres_midi_detente,romantique_detente,0.12143066666666665,diverse,0.2322435174746336,niche
2NjO87HyT80fsgejd3PLYW,Troye Sivan,Dance To This (feat. Ariana Grande),pop,apres_midi,ensoleille,detente,romantique,couple,restaurant,128,0.638,0.809,0.766,0.618,0.011,0.074,0.109,8.2,faible,positive,pop_family,0.516142,moderate_energy,0.48870800000000003,chill,0.3145,electronic,0.7277,0.35910000000000003,0.3761,apres_midi_romantique,apres_midi_detente,romantique_detente,0.12340847619047618,diverse,0.2322435174746336,niche
1TwVcKR6JojvPwBGbWZT36,Lucy Pearl,Dance Tonight,pop,weekend,ensoleille,sport,joyeux,groupe,salle_sport,151,0.898,0.843,0.865,0.494,0.312,0.036,0.166,8.0,elevee,positive,pop_family,0.757014,high_energy,0.77677,high_party,0.403,mixed,0.8715999999999999,0.3218,0.497,weekend_joyeux,weekend_sport,joyeux_sport,0.12827557142857143,diverse,0.2732055618188651,mainstream
5u4hhtZ7f4rWkMZEZcTKrH,ANOTR,Relax My Eyes,pop,weekend,ensoleille,sport,joyeux,amis,salle_sport,146,0.933,0.882,0.852,0.533,0.3,0.036,0.317,8.2,elevee,positive,pop_family,0.822906,high_energy,0.7949160000000001,high_party,0.4165,mixed,0.8934,0.32330000000000003,0.5027,weekend_joyeux,weekend_sport,joyeux_sport,0.12156495238095238,diverse,0.29218338970311913,mainstream
1gwLjpvAbu6IVmVdAfPJ0G,Jane Color,Relaxing Brown Noise 256 Hz Smooth Q,pop,apres_midi,ensoleille,detente,romantique,couple,maison,131,0.668,0.911,0.765,0.691,0.295,0.116,0.314,8.1,faible,positive,pop_family,0.6085480000000001,moderate_energy,0.51102,chill,0.493,organic,0.77,0.4644999999999999,0.5316000000000001,apres_midi_romantique,apres_midi_detente,romantique_detente,0.08637847619047619,homogeneous,0.2450206689214581,niche
2K22nUTdyr48JDwI5t906t,Frankie Goes To Hollywood,Relax (Come Fighting),pop,journee,ensoleille,sport,energique,groupe,exterieur,144,0.923,0.795,0.834,0.449,0.365,0.057,0.258,8.2,elevee,positive,pop_family,0.733785,high_energy,0.769782,high_party,0.40700000000000003,mixed,0.8578999999999999,0.3122,0.5058,journee_energique,journee_sport,energique_sport,0.10807814285714289,balanced,0.2792183389703119,mainstream
5TuTHrKzN6NweeQaKkBNb7,Vacations,Relax,pop,journee,chaud,sport,energique,amis,salle_sport,153,0.89,0.795,0.893,0.62,0.342,0.088,0.168,8.1,elevee,positive,pop_family,0.70755,high_energy,0.79477,high_party,0.481,organic,0.8624,0.3836,0.5394,journee_energique,journee_sport,energique_sport,0.11673157142857142,diverse,0.2901164975573092,mainstream
7oZMxikk5ISnp4pDjwtvQ7,James Clarke,Relaxed Scene,pop,weekend,chaud,sport,joyeux,amis,salle_sport,151,0.873,0.943,0.828,0.425,0.302,0.041,0.174,7.8,elevee,positive,pop_family,0.8232389999999999,high_energy,0.7228439999999999,high_party,0.3635,mixed,0.8805000000000001,0.2987,0.47029999999999994,weekend_joyeux,weekend_sport,joyeux_sport,0.13394857142857144,diverse,0.2936865839909808,mainstream
5msFXipAG1CsK92OakSAbS,MIKA,"Relax, Take It Easy",pop,weekend,ensoleille,sport,joyeux,amis,exterieur,139,0.874,0.9,0.887,0.301,0.328,0.101,0.314,7.5,elevee,positive,pop_family,0.7866,high_energy,0.775238,high_party,0.3145,electronic,0.8857,0.2566,0.4341,weekend_joyeux,weekend_sport,joyeux_sport,0.11777057142857143,diverse,0.30176625328823753,very_popular
51nSG94rmkEr7l99nzlz5k,8Ball & MJG,Relax and Take Notes (feat. Notorious B.I.G. and Project Pat),pop,weekend,chaud,cuisine,joyeux,famille,exterieur,119,0.728,0.854,0.763,0.548,0.239,0.088,0.192,7.5,moderee,positive,pop_family,0.6217119999999999,moderate_energy,0.555464,chill,0.3935,mixed,0.7763,0.37250000000000005,0.46630000000000005,weekend_joyeux,weekend_cuisine,joyeux_cuisine,0.09673261904761905,balanced,0.2063134160090192,niche
31BytoFriZPWMUUbGUaknN,The Art of Nature,Relax In Noise,pop,journee,chaud,sport,energique,groupe,salle_sport,142,0.866,0.751,0.772,0.61,0.011,0.072,0.088,8.1,elevee,positive,pop_family,0.650366,high_energy,0.668552,moderate_party,0.3105,electronic,0.8033000000000001,0.28750000000000003,0.3741,journee_energique,journee_sport,energique_sport,0.14325547619047616,diverse,0.2711386696730552,mainstream
5ILewgXP1xv1Ssyt9tc4TR,Hail The Sun,Relax / Divide (Explicit),pop,weekend,chaud,sport,joyeux,groupe,exterieur,146,0.843,0.943,0.775,0.369,0.087,0.062,0.137,7.3,elevee,positive,pop_family,0.7949489999999999,high_energy,0.653325,moderate_party,0.22799999999999998,electronic,0.8526,0.2208,0.3418,weekend_joyeux,weekend_sport,joyeux_sport,0.14822395238095237,diverse,0.2842916196918452,mainstream
1K20aWE1hKKY1uZ3FzVXew,Relaxing Music For Kids,Relaxing Raindrops for Kids Sleep,pop,weekend,chaud,sport,joyeux,groupe,exterieur,135,0.735,0.827,0.782,0.47,0.062,0.096,0.177,8.3,moderee,positive,pop_family,0.607845,moderate_energy,0.57477,moderate_party,0.266,electronic,0.7767,0.2861,0.3528,weekend_joyeux,weekend_sport,joyeux_sport,0.11406114285714286,diverse,0.2842916196918452,mainstream
6SMrWEWukd0DWh5iHGWgks,The Notorious B.I.G.,Dead Wrong (feat. Eminem) - 2007 Remaster,pop,apres_midi,neutre,detente,romantique,couple,restaurant,133,0.679,0.743,0.79,0.649,0.334,0.093,0.23,8.1,faible,positive,pop_family,0.5044970000000001,low_energy,0.53641,chill,0.49150000000000005,organic,0.7314999999999999,0.4561,0.5431,apres_midi_romantique,apres_midi_detente,romantique_detente,0.07724161904761906,homogeneous,0.2658774896655393,niche
76jlu6pr45PmRDeZirYVJk,Bits & Noise,Relaxing Brown Noise,pop,apres_midi,neutre,detente,romantique,couple,maison,125,0.631,0.701,0.741,0.657,0.151,0.044,0.128,8.4,faible,positive,pop_family,0.442331,low_energy,0.467571,chill,0.404,mixed,0.685,0.41880000000000006,0.4638,apres_midi_romantique,apres_midi_detente,romantique_detente,0.09664480952380951,balanced,0.27865464111236377,mainstream
2aB3eXzbt6a5ueOV2zfciT,PARTYNEXTDOOR,Relax with Me,pop,weekend,chaud,sport,joyeux,amis,exterieur,150,0.856,0.821,0.79,0.671,0.31,0.11,0.07,7.6,elevee,positive,pop_family,0.702776,high_energy,0.6762400000000001,moderate_party,0.49050000000000005,organic,0.8257,0.40460000000000007,0.5343,weekend_joyeux,weekend_sport,joyeux_sport,0.11897957142857142,diverse,0.3032694475760992,very_popular
0dUMBi3YvpnfxOshM783xa,Let It Rain,Relaxing Sleep Ambience,pop,apres_midi,chaud,detente,romantique,couple,restaurant,136,0.606,0.826,0.75,0.542,0.234,0.045,0.155,8.1,faible,positive,pop_family,0.500556,low_energy,0.4545,chill,0.388,mixed,0.7152,0.4052,0.4706,apres_midi_romantique,apres_midi_detente,romantique_detente,0.0936454761904762,balanced,0.2337467117624953,niche
0L0RZjfC923PIk2Dd3A3hI,Jack and the Ripper Girl,Relax - Don't Do It,pop,journee,ensoleille,sport,energique,amis,salle_sport,151,0.879,0.716,0.747,0.299,0.031,0.04,0.273,7.3,elevee,positive,pop_family,0.6293639999999999,high_energy,0.656613,moderate_party,0.16499999999999998,electronic,0.7905,0.16519999999999999,0.2972,journee_energique,journee_sport,energique_sport,0.12281795238095239,diverse,0.28861330326944756,mainstream
5J56SsFyeJ1IHfq3zSBsMo,Benjamin Shadows,Relaxation Station,pop,apres_midi,chaud,detente,romantique,couple,maison,117,0.638,0.917,0.64,0.652,0.226,0.043,0.235,7.6,faible,positive,pop_family,0.5850460000000001,moderate_energy,0.40832,chill,0.439,organic,0.7223,0.43720000000000003,0.5,apres_midi_romantique,apres_midi_detente,romantique_detente,0.09776923809523812,balanced,0.24652386320931982,niche
67q9y56ZUtZ6TG4JfZG2k7,MC Mablo Dos Paredões,Relaxed,pop,weekend,ensoleille,fete,joyeux,amis,plage,116,0.796,0.809,0.823,0.549,0.375,0.056,0.211,7.9,moderee,positive,pop_family,0.6439640000000001,high_energy,0.655108,moderate_party,0.462,organic,0.808,0.3933,0.541,weekend_joyeux,weekend_fete,joyeux_fete,0.09734766666666668,balanced,0.19316046599022926,niche
74lNgbjr3rIdnsUPyoQr6z,chill phil,Relaxing Thunderstorms,pop,apres_midi,neutre,detente,romantique,couple,maison,128,0.604,0.683,0.712,0.736,0.306,0.047,0.06,8.2,faible,positive,pop_family,0.412532,low_energy,0.430048,chill,0.521,organic,0.6601,0.505,0.5644,apres_midi_romantique,apres_midi_detente,romantique_detente,0.0939482380952381,balanced,0.27865464111236377,mainstream
5MmCnGOOkTL1t40Mlf4CHl,Rezz,Relax,pop,apres_midi,neutre,cuisine,neutre,famille,maison,139,0.609,0.68,0.67,0.487,0.013,0.103,0.128,7.7,faible,positive,pop_family,0.41412000000000004,low_energy,0.40803,chill,0.25,electronic,0.6486000000000001,0.316,0.33199999999999996,apres_midi_neutre,apres_midi_cuisine,neutre_cuisine,0.08546390476190475,homogeneous,0.22003006388575722,niche
5CfhvCrR3kegEsafOkucIx,Capital Rain Sounds,Relaxing Rain Slumber,pop,apres_midi,ensoleille,detente,romantique,couple,maison,120,0.633,0.844,0.775,0.501,0.032,0.089,0.081,8.1,faible,positive,pop_family,0.534252,moderate_energy,0.49057500000000004,chill,0.2665,electronic,0.7389,0.3201,0.34850000000000003,apres_midi_romantique,apres_midi_detente,romantique_detente,0.12212080952380955,diverse,0.2450206689214581,niche
1zoJ8Ixu6w7uWdEFToXr6c,Lilyisthatyou,RELAX AFTER WORK WITH A DRINK,pop,journee,chaud,sport,energique,amis,exterieur,147,0.847,0.758,0.919,0.554,0.018,0.048,0.089,7.8,elevee,positive,pop_family,0.642026,high_energy,0.778393,high_party,0.28600000000000003,electronic,0.8419000000000001,0.27290000000000003,0.36560000000000004,journee_energique,journee_sport,energique_sport,0.16013580952380954,diverse,0.2996993611424276,mainstream
4qPqM7b9t0LTOGCIsaE0LK,chill phil,Relaxing Melodies of the Sky,pop,weekend,ensoleille,fete,joyeux,groupe,parc,119,0.786,0.94,0.829,0.598,0.32,0.108,0.154,7.8,moderee,positive,pop_family,0.7388399999999999,high_energy,0.651594,moderate_party,0.45899999999999996,organic,0.8451,0.3994,0.5178,weekend_joyeux,weekend_fete,joyeux_fete,0.11518861904761903,diverse,0.17493423524990606,niche
1oxN8CAiEaebffiFjKcyyn,Sunrize,Relax My Eyes - Afro House,pop,journee,chaud,sport,energique,amis,salle_sport,141,0.881,0.755,0.893,0.531,0.192,0.049,0.09,7.5,elevee,positive,pop_family,0.665155,high_energy,0.786733,high_party,0.36150000000000004,mixed,0.8468,0.3057,0.4455,journee_energique,journee_sport,energique_sport,0.13837728571428573,diverse,0.2901164975573092,mainstream
5WJ92b9eMC0xZ7BaukU1E4,Frankie Goes To Hollywood,Relax,pop,weekend,ensoleille,sport,joyeux,groupe,exterieur,151,0.892,0.861,0.838,0.329,0.066,0.085,0.101,6.9,elevee,positive,pop_family,0.768012,high_energy,0.7474959999999999,high_party,0.1975,electronic,0.8664999999999999,0.18380000000000002,0.3147,weekend_joyeux,weekend_sport,joyeux_sport,0.15531380952380952,diverse,0.28278842540398347,mainstream
3syQvNoSeSrEaanClGFxgB,Rainfall Place,Relaxation Rain Sound,pop,weekend,chaud,sport,joyeux,groupe,salle_sport,135,0.863,0.835,0.817,0.527,0.316,0.092,0.102,8.0,elevee,positive,pop_family,0.7206049999999999,high_energy,0.7050709999999999,moderate_party,0.4215,mixed,0.8408,0.3467,0.49770000000000003,weekend_joyeux,weekend_sport,joyeux_sport,0.1172582857142857,diverse,0.2747087561067268,mainstream
7bycWHHcqKTqVklrhE8BzH,SVNTOS,Relax my eyes - remix,pop,journee,neutre,sport,motive,groupe,exterieur,144,0.891,0.688,0.8,0.483,0.186,0.118,0.323,7.6,elevee,positive,pop_family,0.613008,moderate_energy,0.7128000000000001,high_party,0.3345,electronic,0.8028,0.2817,0.4143,journee_motive,journee_sport,motive_sport,0.09239095238095239,balanced,0.323750469748215,very_popular
6flGfLyx8vaTjB2t0qSOdE,HQ-8,Relaxation & Sleep With The Brown Noise,pop,apres_midi,chaud,detente,romantique,couple,maison,124,0.647,0.903,0.787,0.708,0.372,0.063,0.284,7.6,faible,positive,pop_family,0.584241,moderate_energy,0.509189,chill,0.54,organic,0.7658,0.5007,0.5858,apres_midi_romantique,apres_midi_detente,romantique_detente,0.09228390476190479,balanced,0.24652386320931982,niche
0g30Wsmd7yshS7762iWdVv,Deepest,Relax,pop,apres_midi,chaud,detente,romantique,couple,maison,119,0.688,0.899,0.663,0.575,0.254,0.069,0.129,8.0,moderee,positive,pop_family,0.618512,moderate_energy,0.456144,chill,0.4145,mixed,0.7438,0.3998,0.4857,apres_midi_romantique,apres_midi_detente,romantique_detente,0.10059214285714285,balanced,0.24652386320931982,niche
7fkBR719ApUpjWJ4xGY85T,Hi Freq Samples,Relaxing Pink Noise,pop,journee,neutre,sport,motive,amis,salle_sport,137,0.869,0.666,0.887,0.58,0.277,0.118,0.104,8.0,elevee,positive,pop_family,0.578754,moderate_energy,0.770803,high_party,0.4285,mixed,0.8135,0.3544,0.4889,journee_motive,journee_sport,motive_sport,0.11205914285714287,balanced,0.3331454340473506,very_popular
08IaHZmfTn7FZ3BF6UowZU,NKY,RELAX,pop,apres_midi,ensoleille,detente,romantique,couple,maison,131,0.651,0.838,0.612,0.563,0.377,0.109,0.258,7.4,faible,positive,pop_family,0.545538,moderate_energy,0.398412,chill,0.47,organic,0.6954,0.44299999999999995,0.5356,apres_midi_romantique,apres_midi_detente,romantique_detente,0.06315380952380951,homogeneous,0.2450206689214581,niche
4uHLpzFvlbvvTVfPZUUD7J,Lullaby Time,Relaxing Sleep,pop,apres_midi,neutre,detente,romantique,couple,maison,123,0.605,0.779,0.69,0.785,0.211,0.053,0.145,8.0,faible,positive,pop_family,0.471295,low_energy,0.41744999999999993,chill,0.498,organic,0.6827,0.4958,0.5304,apres_midi_romantique,apres_midi_detente,romantique_detente,0.1013094761904762,balanced,0.27865464111236377,mainstream
59Nc6iZ0FLxYR3V4i3HJzX,Rejjie Snow,Relax,pop,journee,ensoleille,sport,energique,amis,exterieur,140,0.832,0.737,0.861,0.627,0.181,0.031,0.152,7.5,elevee,positive,pop_family,0.613184,moderate_energy,0.716352,high_party,0.404,mixed,0.8121999999999999,0.35550000000000004,0.47239999999999993,journee_energique,journee_sport,energique_sport,0.1257962380952381,diverse,0.29819616685456596,mainstream
7HGQ3xegm6Xuyq7lR93QdD,Dr Namaste,Relax by the Lake,pop,apres_midi,chaud,detente,romantique,couple,maison,117,0.623,0.844,0.769,0.539,0.259,0.099,0.294,7.7,faible,positive,pop_family,0.525812,moderate_energy,0.479087,chill,0.399,mixed,0.7331,0.4064,0.47140000000000004,apres_midi_romantique,apres_midi_detente,romantique_detente,0.07798395238095239,homogeneous,0.24652386320931982,niche
7kkpwLgPSYzGWq3sM25Rvv,Paulo Londra,Relax,pop,apres_midi,neutre,detente,romantique,couple,maison,126,0.685,0.713,0.698,0.749,0.19,0.076,0.295,8.2,faible,positive,pop_family,0.48840500000000003,low_energy,0.47813,chill,0.46950000000000003,organic,0.6973,0.4511,0.5045,apres_midi_romantique,apres_midi_detente,romantique_detente,0.08290628571428572,homogeneous,0.27865464111236377,mainstream
5Atc9qqO8EXX3EPe7T7JqD,Bryant Myers,Relax,pop,journee,ensoleille,sport,energique,amis,salle_sport,143,0.802,0.777,0.724,0.56,0.188,0.035,0.076,7.7,moderee,positive,pop_family,0.6231540000000001,high_energy,0.580648,moderate_party,0.374,mixed,0.7711,0.3398,0.455,journee_energique,journee_sport,energique_sport,0.11645557142857144,diverse,0.28861330326944756,mainstream
6FrJELq39kHa0lllsUgyS4,Relaxed Minds,Rumore Bianco,pop,weekend,ensoleille,conduite,joyeux,amis,voiture,129,0.743,0.807,0.772,0.528,0.307,0.106,0.295,8.5,moderee,positive,pop_family,0.599601,moderate_energy,0.573596,moderate_party,0.4175,mixed,0.7709,0.3804,0.4907,weekend_joyeux,weekend_conduite,joyeux_conduite,0.07701590476190477,homogeneous,0.21683577602405113,niche
1VQZwtcAPxQ7nimVdCVId8,Piano Jane,Relax,pop,apres_midi,neutre,detente,romantique,couple,maison,132,0.612,0.739,0.562,0.737,0.261,0.072,0.145,7.5,faible,positive,pop_family,0.452268,low_energy,0.343944,chill,0.499,organic,0.6351,0.4895,0.5372,apres_midi_romantique,apres_midi_detente,romantique_detente,0.07937314285714286,homogeneous,0.27865464111236377,mainstream
0eEXcw3JLVXcRxYrVYMy68,A Tribe Called Quest,Electric Relaxation,pop,journee,ensoleille,sport,energique,amis,salle_sport,137,0.852,0.759,0.752,0.439,0.346,0.103,0.109,8.2,elevee,positive,pop_family,0.646668,high_energy,0.6407039999999999,moderate_party,0.39249999999999996,mixed,0.7941,0.3238,0.4841,journee_energique,journee_sport,energique_sport,0.09826933333333333,balanced,0.28861330326944756,mainstream
7lRTnV9EzD8t21Z4txvnOD,Big Los,Relax,pop,weekend,ensoleille,sport,joyeux,amis,exterieur,135,0.756,0.891,0.831,0.524,0.321,0.031,0.09,7.5,moderee,positive,pop_family,0.673596,high_energy,0.628236,moderate_party,0.4225,mixed,0.819,0.3791,0.5115,weekend_joyeux,weekend_sport,joyeux_sport,0.12470133333333333,diverse,0.30176625328823753,very_popular
3VcUGM9IYstqpptFCokPI4,Willow Drift,Relaxing Thunderstorm,pop,apres_midi,neutre,detente,romantique,couple,restaurant,129,0.64,0.725,0.677,0.659,0.16,0.087,0.059,8.1,faible,positive,pop_family,0.46399999999999997,low_energy,0.43328000000000005,chill,0.40950000000000003,mixed,0.6766,0.4196,0.46030000000000004,apres_midi_romantique,apres_midi_detente,romantique_detente,0.09546061904761904,balanced,0.2658774896655393,niche
1xxKHsbfPc2xzGLpEXpt55,Mac DeMarco,20201203,pop,weekend,ensoleille,cuisine,joyeux,couple,cafe,123,0.72,0.815,0.797,0.717,0.277,0.042,0.235,8.4,moderee,positive,pop_family,0.5868,moderate_energy,0.57384,moderate_party,0.497,organic,0.7716,0.4539,0.5452,weekend_joyeux,weekend_cuisine,joyeux_cuisine,0.1018542380952381,balanced,0.20086433671552048,niche
4agmIx8Ny7bHaNn9ANy4Pn,Mac DeMarco,20201127,pop,journee,ensoleille,sport,energique,amis,exterieur,135,0.823,0.758,0.792,0.533,0.197,0.078,0.342,7.5,elevee,positive,pop_family,0.623834,high_energy,0.651816,moderate_party,0.365,mixed,0.7942,0.3254,0.4428,journee_energique,journee_sport,energique_sport,0.09200457142857142,balanced,0.29819616685456596,mainstream
145hUNmXkk7AtQpyilhOPh,Mac DeMarco,20200802,pop,weekend,ensoleille,sport,joyeux,amis,salle_sport,142,0.835,0.806,0.795,0.349,0.195,0.044,0.308,7.3,elevee,positive,pop_family,0.67301,high_energy,0.663825,moderate_party,0.272,electronic,0.8143,0.24760000000000001,0.39339999999999997,weekend_joyeux,weekend_sport,joyeux_sport,0.1082466666666667,balanced,0.29218338970311913,mainstream
0HhzALLRmKKP8iP2C9qzAP,Ella Langley,20-20,pop,apres_midi,ensoleille,detente,romantique,couple,restaurant,137,0.638,0.856,0.707,0.807,0.052,0.081,0.128,7.7,faible,positive,pop_family,0.546128,moderate_energy,0.45106599999999997,chill,0.42950000000000005,organic,0.7241,0.447,0.4519,apres_midi_romantique,apres_midi_detente,romantique_detente,0.13165066666666667,diverse,0.2322435174746336,niche
3oUn55qKRZ1JFzfQNbJjS1,Mac DeMarco,20191009 I Like Her,pop,weekend,chaud,fete,joyeux,groupe,club,122,0.841,0.95,0.861,0.46,0.273,0.035,0.113,8.1,elevee,positive,pop_family,0.7989499999999999,high_energy,0.724101,high_party,0.36650000000000005,mixed,0.8796999999999999,0.3136,0.4675,weekend_joyeux,weekend_fete,joyeux_fete,0.14467823809523808,diverse,0.1758737316798196,niche
4Hqh0dS4x07zuRw6eBTO7p,Lil Tjay,20/20,pop,journee,ensoleille,sport,energique,groupe,salle_sport,138,0.84,0.798,0.789,0.657,0.166,0.07,0.142,7.9,elevee,positive,pop_family,0.67032,high_energy,0.66276,moderate_party,0.41150000000000003,mixed,0.8121,0.36060000000000003,0.4661,journee_energique,journee_sport,energique_sport,0.1228312857142857,diverse,0.2696354753851935,mainstream
2TeEhtmhMQmUyQJhnJNvAs,Nickelback,Animals - 2020 Remaster,pop,weekend,chaud,fete,joyeux,groupe,club,119,0.804,0.854,0.842,0.619,0.182,0.032,0.263,8.4,moderee,positive,pop_family,0.686616,high_energy,0.676968,moderate_party,0.40049999999999997,mixed,0.8304,0.361,0.4703,weekend_joyeux,weekend_fete,joyeux_fete,0.12064290476190477,diverse,0.1758737316798196,niche
3kF49LETlSnJcSzmuD4DEr,Mac DeMarco,20200228,pop,journee,ensoleille,conduite,joyeux,couple,voiture,116,0.733,0.815,0.692,0.68,0.252,0.075,0.105,7.5,moderee,positive,pop_family,0.5973949999999999,moderate_energy,0.5072359999999999,chill,0.466,organic,0.7453,0.4277,0.515,journee_joyeux,journee_conduite,joyeux_conduite,0.10296714285714285,balanced,0.22810973318301395,niche
65wWl8KxeU2npLS6j7kaqt,Mac DeMarco,20200229,pop,weekend,ensoleille,sport,joyeux,groupe,salle_sport,142,0.801,0.939,0.883,0.564,0.195,0.119,0.337,7.0,moderee,positive,pop_family,0.752139,high_energy,0.707283,moderate_party,0.37949999999999995,mixed,0.8669999999999999,0.3438,0.4429,weekend_joyeux,weekend_sport,joyeux_sport,0.11375690476190475,diverse,0.2732055618188651,mainstream
7ab0dshQmFwArA3EKBOcs5,Mac DeMarco,20200820 Turn My TV On,pop,weekend,ensoleille,sport,joyeux,amis,exterieur,143,0.888,0.923,0.855,0.66,0.37,0.097,0.051,7.4,elevee,positive,pop_family,0.819624,high_energy,0.75924,high_party,0.515,organic,0.8886000000000001,0.4086,0.5636,weekend_joyeux,weekend_sport,joyeux_sport,0.14085047619047622,diverse,0.30176625328823753,very_popular
5F6ZjgYSsgFyqV4htHdWFD,Mac DeMarco,20200819 She Get The Gold Star,pop,journee,chaud,sport,energique,groupe,salle_sport,143,0.893,0.709,0.862,0.624,0.242,0.106,0.151,7.8,elevee,positive,pop_family,0.633137,high_energy,0.769766,high_party,0.433,organic,0.8285,0.3543,0.48700000000000004,journee_energique,journee_sport,energique_sport,0.11451161904761904,diverse,0.2711386696730552,mainstream
3KpA6ALjoDDe4tTjZWjqze,Mac DeMarco,20191229,pop,apres_midi,chaud,detente,romantique,couple,restaurant,124,0.62,0.829,0.611,0.772,0.208,0.059,0.328,7.6,faible,positive,pop_family,0.51398,moderate_energy,0.37882,chill,0.49,organic,0.6799999999999999,0.4852,0.5238,apres_midi_romantique,apres_midi_detente,romantique_detente,0.08625228571428571,homogeneous,0.2337467117624953,niche
5KUFM4aQOrAX37YrVlqD9T,Mac DeMarco,20200922,pop,journee,chaud,sport,energique,groupe,salle_sport,144,0.862,0.712,0.776,0.39,0.273,0.033,0.196,7.3,elevee,positive,pop_family,0.613744,moderate_energy,0.6689120000000001,moderate_party,0.3315,electronic,0.7912,0.2793,0.4469,journee_energique,journee_sport,energique_sport,0.10279814285714285,balanced,0.2711386696730552,mainstream
5LFZhuZ6vOnIhSunlnTTXq,Mac DeMarco,20200402,pop,apres_midi,neutre,detente,romantique,couple,restaurant,122,0.64,0.78,0.679,0.62,0.06,0.037,0.158,7.3,faible,positive,pop_family,0.49920000000000003,low_energy,0.43456000000000006,chill,0.33999999999999997,electronic,0.6937,0.374,0.40859999999999996,apres_midi_romantique,apres_midi_detente,romantique_detente,0.10497480952380951,balanced,0.2658774896655393,niche
3bYrSlgvWacP1LZV44pfzp,Nickelback,Photograph - 2020 Remaster,pop,journee,ensoleille,sport,energique,amis,exterieur,136,0.816,0.73,0.658,0.368,0.344,0.105,0.277,8.3,elevee,positive,pop_family,0.59568,moderate_energy,0.536928,chill,0.356,mixed,0.7428,0.3056,0.46140000000000003,journee_energique,journee_sport,energique_sport,0.06990080952380952,homogeneous,0.29819616685456596,mainstream
2BoWXJfClbDQkZCZsE0Ru7,Nickelback,Savin' Me - 2020 Remaster,pop,weekend,chaud,sport,joyeux,groupe,salle_sport,131,0.759,0.931,0.855,0.547,0.369,0.061,0.081,8.2,moderee,positive,pop_family,0.7066290000000001,high_energy,0.648945,moderate_party,0.458,organic,0.8394,0.40180000000000005,0.5364,weekend_joyeux,weekend_sport,joyeux_sport,0.12750057142857144,diverse,0.2747087561067268,mainstream
4oqB80ceptoDnZyieVkiMA,Mac DeMarco,20200324,pop,weekend,chaud,sport,joyeux,groupe,salle_sport,135,0.88,0.906,0.909,0.494,0.104,0.044,0.334,7.2,elevee,positive,pop_family,0.79728,high_energy,0.7999200000000001,high_party,0.299,electronic,0.8965000000000001,0.2648,0.39139999999999997,weekend_joyeux,weekend_sport,joyeux_sport,0.1441139523809524,diverse,0.2747087561067268,mainstream
0qLqhLPYSnaZvo4pAJIiPI,Axxad,2020 KLIPS 3 - Luci4,pop,weekend,ensoleille,sport,joyeux,groupe,exterieur,145,0.847,0.863,0.904,0.658,0.126,0.05,0.209,7.6,elevee,positive,pop_family,0.730961,high_energy,0.765688,high_party,0.392,mixed,0.8689,0.34690000000000004,0.45039999999999997,weekend_joyeux,weekend_sport,joyeux_sport,0.14398228571428573,diverse,0.28278842540398347,mainstream
46wGGO0GGRF6hF78udA0Fy,Mac DeMarco,20200808,pop,apres_midi,neutre,detente,romantique,couple,restaurant,118,0.684,0.744,0.64,0.762,0.362,0.062,0.29,7.4,faible,positive,pop_family,0.508896,moderate_energy,0.43776000000000004,chill,0.562,organic,0.6888,0.5082,0.5972,apres_midi_romantique,apres_midi_detente,romantique_detente,0.07272457142857143,homogeneous,0.2658774896655393,niche
05rWggLwQ2weA4D2cRAt55,Nickelback,Far Away - 2020 Remaster,pop,weekend,ensoleille,sport,joyeux,amis,salle_sport,146,0.894,0.95,0.861,0.38,0.156,0.101,0.236,7.9,elevee,positive,pop_family,0.8492999999999999,high_energy,0.769734,high_party,0.268,electronic,0.9009,0.23060000000000003,0.3718,weekend_joyeux,weekend_sport,joyeux_sport,0.14147014285714288,diverse,0.29218338970311913,mainstream
4DOP81YrqOYOnwoBmtku6a,Mac DeMarco,20201023,pop,weekend,ensoleille,sport,joyeux,amis,salle_sport,139,0.892,0.807,0.881,0.494,0.251,0.113,0.32,7.2,elevee,positive,pop_family,0.719844,high_energy,0.785852,high_party,0.3725,mixed,0.8632,0.30529999999999996,0.4511,weekend_joyeux,weekend_sport,joyeux_sport,0.1046284761904762,balanced,0.29218338970311913,mainstream
3bTcCD9nGKGhJiInDPVHQI,Tory Lanez,Intermission - Lost Tapes 2020,pop,journee,neutre,cuisine,motive,famille,maison,119,0.756,0.653,0.763,0.47,0.2,0.035,0.164,8.3,moderee,positive,pop_family,0.493668,low_energy,0.576828,moderate_party,0.33499999999999996,electronic,0.7272,0.3212,0.434,journee_motive,journee_cuisine,motive_cuisine,0.09133961904761906,balanced,0.23449830890642612,niche
5YRADSqm1ifQjlJszKDm4k,Mac DeMarco,20200317,pop,journee,neutre,sport,motive,groupe,salle_sport,146,0.802,0.679,0.678,0.431,0.125,0.053,0.255,7.4,moderee,positive,pop_family,0.5445580000000001,moderate_energy,0.543756,chill,0.278,electronic,0.7279,0.2693,0.3812,journee_motive,journee_sport,motive_sport,0.08794080952380955,homogeneous,0.3141676061630966,very_popular
2zLLGT8WWT1dl73TlVL9qs,Maná,Mariposa Traicionera - 2020 Remasterizado,pop,weekend,ensoleille,sport,joyeux,groupe,salle_sport,148,0.883,0.948,0.93,0.331,0.225,0.094,0.107,8.0,elevee,positive,pop_family,0.8370839999999999,high_energy,0.8211900000000001,high_party,0.278,electronic,0.9166000000000001,0.23500000000000001,0.393,weekend_joyeux,weekend_sport,joyeux_sport,0.15928628571428574,diverse,0.2732055618188651,mainstream
1USBXdL3LBDjxW46xOWpkV,Mac DeMarco,20201111,pop,weekend,ensoleille,sport,joyeux,amis,exterieur,154,0.823,0.843,0.769,0.438,0.178,0.097,0.06,7.2,elevee,positive,pop_family,0.693789,high_energy,0.632887,moderate_party,0.308,electronic,0.8128,0.2817,0.401,weekend_joyeux,weekend_sport,joyeux_sport,0.12428257142857142,diverse,0.30176625328823753,very_popular
2Ec33AVlkTTq8BHFgBTdQs,Lil Uzi Vert,Futsal Shuffle 2020,pop,journee,neutre,conduite,motive,famille,voiture,124,0.764,0.771,0.693,0.495,0.073,0.063,0.323,8.2,moderee,positive,pop_family,0.589044,moderate_energy,0.5294519999999999,chill,0.284,electronic,0.7448000000000001,0.29069999999999996,0.3724,journee_motive,journee_conduite,motive_conduite,0.09509861904761903,balanced,0.21645997745208567,niche
38kdguDUt4So3qJ5ZMz5CP,Mac DeMarco,20201119,pop,journee,ensoleille,sport,energique,amis,exterieur,140,0.813,0.756,0.851,0.353,0.384,0.09,0.337,7.3,elevee,positive,pop_family,0.614628,moderate_energy,0.6918629999999999,moderate_party,0.3685,mixed,0.8073,0.3125,0.4799,journee_energique,journee_sport,energique_sport,0.08590533333333332,homogeneous,0.29819616685456596,mainstream
2fOlBMkWR7lXJfqp5VTbDG,Lil Uzi Vert,Futsal Shuffle 2020 - Bonus Track,pop,weekend,chaud,sport,joyeux,groupe,exterieur,132,0.744,0.82,0.844,0.56,0.252,0.031,0.303,8.2,moderee,positive,pop_family,0.61008,moderate_energy,0.6279359999999999,moderate_party,0.406,mixed,0.7968,0.3764,0.4878,weekend_joyeux,weekend_sport,joyeux_sport,0.10062157142857142,balanced,0.2842916196918452,mainstream
0cbBLqFzVN2Nu325N1sdLd,Mac DeMarco,20200811,pop,journee,chaud,sport,energique,amis,exterieur,150,0.862,0.779,0.858,0.602,0.091,0.105,0.115,7.2,elevee,positive,pop_family,0.671498,high_energy,0.739596,high_party,0.3465,electronic,0.8359,0.3095,0.4051,journee_energique,journee_sport,energique_sport,0.13631295238095237,diverse,0.2996993611424276,mainstream
34iOH7LY3vme5rQxsVILZ4,Joy Division,Love Will Tear Us Apart - 2020 Remaster,pop,journee,neutre,conduite,motive,couple,voiture,118,0.761,0.734,0.77,0.719,0.02,0.085,0.115,8.5,moderee,positive,pop_family,0.558574,moderate_energy,0.58597,moderate_party,0.3695,mixed,0.7555999999999999,0.3653,0.4087,journee_motive,journee_conduite,motive_conduite,0.1303452380952381,diverse,0.24746335963923338,niche
5RwKfy672JTuyr7aTAK7ek,Mac DeMarco,20201228,pop,apres_midi,chaud,detente,romantique,couple,restaurant,137,0.619,0.86,0.619,0.562,0.113,0.107,0.272,7.1,faible,positive,pop_family,0.53234,moderate_energy,0.383161,chill,0.3375,electronic,0.6913,0.373,0.4037,apres_midi_romantique,apres_midi_detente,romantique_detente,0.08344457142857144,homogeneous,0.2337467117624953,niche
0SRqIW98aSU2w3pAdKUMGB,Nickelback,If Everyone Cared - 2020 Remaster,pop,weekend,chaud,conduite,joyeux,couple,voiture,121,0.71,0.89,0.747,0.773,0.255,0.064,0.17,8.0,moderee,positive,pop_family,0.6319,high_energy,0.53037,chill,0.514,organic,0.7751,0.47270000000000006,0.5466,weekend_joyeux,weekend_conduite,joyeux_conduite,0.11484361904761904,diverse,0.20800450958286362,niche
7oktevRsa0ubeo8RaEpdxf,Mac DeMarco,20200323,pop,apres_midi,neutre,detente,romantique,couple,maison,118,0.688,0.763,0.795,0.555,0.008,0.046,0.225,7.6,moderee,positive,pop_family,0.524944,moderate_energy,0.54696,chill,0.28150000000000003,electronic,0.7426,0.31800000000000006,0.3613,apres_midi_romantique,apres_midi_detente,romantique_detente,0.115528,diverse,0.27865464111236377,mainstream
7ze7yEV1xvxPxuPaF0oUUU,Earl Sweatshirt,2010,pop,journee,ensoleille,sport,energique,amis,exterieur,143,0.826,0.707,0.743,0.682,0.095,0.076,0.302,7.6,elevee,positive,pop_family,0.5839819999999999,moderate_energy,0.613718,moderate_party,0.3885,mixed,0.7654,0.35350000000000004,0.4369,journee_energique,journee_sport,energique_sport,0.10393714285714284,balanced,0.29819616685456596,mainstream
0X5C4WjQNubRysTkHOubz3,The Cure,Lovesong - 2010 Remaster,pop,journee,neutre,sport,motive,groupe,salle_sport,137,0.759,0.683,0.774,0.516,0.265,0.081,0.226,8.5,moderee,positive,pop_family,0.518397,moderate_energy,0.587466,moderate_party,0.3905,mixed,0.7407,0.3582,0.4711,journee_motive,journee_sport,motive_sport,0.07937933333333334,homogeneous,0.3141676061630966,very_popular
6XHBJ1LSOcVINYXAAd6KIH,Mora,2010,pop,journee,neutre,sport,motive,groupe,exterieur,134,0.791,0.703,0.704,0.336,0.29,0.098,0.265,8.2,moderee,positive,pop_family,0.556073,moderate_energy,0.556864,chill,0.313,electronic,0.7384999999999999,0.2841,0.4262,journee_motive,journee_sport,motive_sport,0.07355590476190475,homogeneous,0.323750469748215,very_popular
5WIGbrfNMvFeCQOx5XykBO,Lucy Bedroque,2010 Justin Bieber,pop,weekend,chaud,sport,joyeux,groupe,exterieur,136,0.86,0.909,0.926,0.367,0.308,0.054,0.197,7.4,elevee,positive,pop_family,0.78174,high_energy,0.7963600000000001,high_party,0.3375,electronic,0.8945000000000001,0.2812,0.45330000000000004,weekend_joyeux,weekend_sport,joyeux_sport,0.13692390476190477,diverse,0.2842916196918452,mainstream
2vhPKZS80ap76Mk6DtVyXZ,2003 Toyota Corolla,2010 Toyota Corolla,pop,apres_midi,chaud,detente,romantique,couple,maison,122,0.659,0.905,0.72,0.783,0.262,0.063,0.305,7.5,faible,positive,pop_family,0.596395,moderate_energy,0.47448,chill,0.5225,organic,0.7511000000000001,0.49410000000000004,0.5533,apres_midi_romantique,apres_midi_detente,romantique_detente,0.09964814285714287,balanced,0.24652386320931982,niche
3qpxke8vQQEfpN3ahn5COP,Ty Brasel,2010,pop,apres_midi,ensoleille,detente,romantique,couple,restaurant,136,0.605,0.867,0.626,0.654,0.106,0.085,0.066,7.0,faible,positive,pop_family,0.524535,moderate_energy,0.37873,chill,0.38,mixed,0.6899,0.4119,0.43220000000000003,apres_midi_romantique,apres_midi_detente,romantique_detente,0.11111380952380952,balanced,0.2322435174746336,niche
5kUgMxXcpAdsnKumXs4J5Z,Earl Sweatshirt,2010,pop,weekend,ensoleille,fete,joyeux,groupe,parc,126,0.759,0.891,0.883,0.587,0.281,0.036,0.227,7.2,moderee,positive,pop_family,0.676269,high_energy,0.670197,moderate_party,0.434,organic,0.8358,0.39139999999999997,0.5094,weekend_joyeux,weekend_fete,joyeux_fete,0.11802728571428571,diverse,0.17493423524990606,niche
6uzjAAspBqt8iZntiQr9wM,The Keystones,2010,pop,weekend,chaud,sport,joyeux,amis,exterieur,141,0.822,0.822,0.742,0.309,0.108,0.041,0.281,7.1,elevee,positive,pop_family,0.675684,high_energy,0.6099239999999999,moderate_party,0.2085,electronic,0.798,0.20940000000000003,0.3385,weekend_joyeux,weekend_sport,joyeux_sport,0.11577161904761903,diverse,0.3032694475760992,very_popular
5O6Y19LQ6P6U0nuqDDKWdX,Playboy Fresh,2010,pop,weekend,chaud,sport,joyeux,groupe,salle_sport,142,0.832,0.8,0.918,0.537,0.382,0.046,0.066,7.3,elevee,positive,pop_family,0.6656,high_energy,0.763776,high_party,0.4595,organic,0.8482,0.3798,0.5428999999999999,weekend_joyeux,weekend_sport,joyeux_sport,0.13062928571428573,diverse,0.2747087561067268,mainstream
2QyY3e7kHqy35745b08p5o,jtski,2010,pop,journee,neutre,sport,motive,groupe,exterieur,136,0.815,0.681,0.823,0.535,0.388,0.042,0.137,7.4,elevee,positive,pop_family,0.555015,moderate_energy,0.6707449999999999,moderate_party,0.4615,organic,0.7772,0.3859,0.5461,journee_motive,journee_sport,motive_sport,0.09845423809523808,balanced,0.323750469748215,very_popular
57KF6T3QJ8d156PQXsVIPm,Squid,2010,pop,apres_midi,chaud,detente,romantique,couple,maison,128,0.69,0.911,0.746,0.682,0.087,0.114,0.1,7.0,moderee,positive,pop_family,0.62859,high_energy,0.51474,chill,0.3845,mixed,0.7730999999999999,0.3919000000000001,0.4253,apres_midi_romantique,apres_midi_detente,romantique_detente,0.12901623809523807,diverse,0.24652386320931982,niche
7i3xpu7SFWvzhGa9AZyySR,Little River Band,Reminiscing - Remastered 2010,pop,journee,ensoleille,sport,energique,groupe,exterieur,138,0.91,0.772,0.811,0.567,0.398,0.063,0.152,8.1,elevee,positive,pop_family,0.70252,high_energy,0.73801,high_party,0.4825,organic,0.8389000000000001,0.3732,0.5565,journee_energique,journee_sport,energique_sport,0.11024923809523808,balanced,0.2792183389703119,mainstream
7xmCHaJqmZe9uhd3YeM987,Radio Free Alice,2010,pop,weekend,ensoleille,fete,joyeux,amis,parc,117,0.726,0.875,0.834,0.449,0.107,0.116,0.344,7.3,moderee,positive,pop_family,0.63525,high_energy,0.6054839999999999,moderate_party,0.278,electronic,0.8030999999999999,0.29390000000000005,0.365,weekend_joyeux,weekend_fete,joyeux_fete,0.10529266666666666,balanced,0.1939120631341601,niche
4Y4p5h8V4xgvKE4EwxXYZv,El Waili,2010,pop,apres_midi,chaud,detente,romantique,couple,maison,124,0.626,0.893,0.757,0.594,0.043,0.102,0.173,7.3,faible,positive,pop_family,0.559018,moderate_energy,0.473882,chill,0.3185,electronic,0.7454000000000001,0.3627,0.37929999999999997,apres_midi_romantique,apres_midi_detente,romantique_detente,0.1175809523809524,diverse,0.24652386320931982,niche
52KvuGmgcgRdrLMXOtda0E,Billy Squier,The Stroke - Remastered 2010,pop,weekend,chaud,cuisine,joyeux,famille,parc,115,0.74,0.917,0.703,0.473,0.355,0.099,0.212,8.0,moderee,positive,pop_family,0.6785800000000001,high_energy,0.52022,chill,0.414,mixed,0.7819999999999999,0.3737,0.49960000000000004,weekend_joyeux,weekend_cuisine,joyeux_cuisine,0.0896994761904762,balanced,0.16441187523487413,niche
765uzxVzeHIRpHnauhRQ2A,Playboy Fresh,2010,pop,journee,neutre,sport,motive,groupe,salle_sport,136,0.873,0.675,0.894,0.45,0.124,0.049,0.334,7.0,elevee,positive,pop_family,0.589275,moderate_energy,0.780462,high_party,0.28700000000000003,electronic,0.8199,0.2553,0.3872,journee_motive,journee_sport,motive_sport,0.11639428571428571,diverse,0.3141676061630966,very_popular
59OmmrLfGxlRiUMRkROX5A,Jess Josie Lee,2010,pop,apres_midi,chaud,detente,romantique,couple,maison,128,0.692,0.804,0.786,0.531,0.324,0.094,0.307,7.4,moderee,positive,pop_family,0.556368,moderate_energy,0.543912,chill,0.4275,mixed,0.7537999999999999,0.4020000000000001,0.5025000000000001,apres_midi_romantique,apres_midi_detente,romantique_detente,0.07414861904761905,homogeneous,0.24652386320931982,niche
1H4idkmruFoJBg1DvUv2tY,Paul McCartney,Band On The Run - 2010 Remaster,pop,apres_midi,neutre,detente,romantique,couple,maison,116,0.692,0.712,0.732,0.58,0.229,0.086,0.198,8.7,moderee,positive,pop_family,0.4927039999999999,low_energy,0.506544,chill,0.40449999999999997,mixed,0.71,0.3931,0.4713,apres_midi_romantique,apres_midi_detente,romantique_detente,0.0779302380952381,homogeneous,0.27865464111236377,mainstream
0REC5p1JI1ObSWiaEOA810,Kbubs,2010,pop,apres_midi,ensoleille,detente,romantique,couple,maison,136,0.673,0.855,0.756,0.515,0.179,0.036,0.208,6.9,faible,positive,pop_family,0.575415,moderate_energy,0.508788,chill,0.347,mixed,0.7525000000000001,0.3578,0.43679999999999997,apres_midi_romantique,apres_midi_detente,romantique_detente,0.10237923809523812,balanced,0.2450206689214581,niche
0fBQdQauBKrqkYuXomb8ti,Apocalyptica,2010,pop,weekend,chaud,cuisine,joyeux,couple,cafe,128,0.735,0.909,0.724,0.627,0.319,0.076,0.193,6.8,moderee,positive,pop_family,0.668115,high_energy,0.53214,chill,0.473,organic,0.7839,0.42600000000000005,0.5324,weekend_joyeux,weekend_cuisine,joyeux_cuisine,0.09910214285714286,balanced,0.2023675310033822,niche
6g14FUj5zU9FDRwBi963vS,Billy Squier,My Kinda Lover - Remastered 2010,pop,apres_midi,chaud,detente,romantique,couple,maison,139,0.654,0.881,0.725,0.722,0.103,0.09,0.062,8.0,faible,positive,pop_family,0.5761740000000001,moderate_energy,0.47415,chill,0.4125,mixed,0.7434,0.4235,0.45010000000000006,apres_midi_romantique,apres_midi_detente,romantique_detente,0.12940961904761902,diverse,0.24652386320931982,niche
4Fn4qJf3wz9PbCA9HI2QoY,Cornelius,2010,pop,weekend,ensoleille,sport,joyeux,groupe,exterieur,135,0.787,0.826,0.897,0.448,0.033,0.032,0.18,6.9,moderee,positive,pop_family,0.650062,high_energy,0.7059390000000001,moderate_party,0.2405,electronic,0.8317000000000001,0.253,0.3445,weekend_joyeux,weekend_sport,joyeux_sport,0.14597828571428573,diverse,0.28278842540398347,mainstream
28eg5bkYvIHT7HPmzZFwLN,Billy Squier,Lonely Is The Night - Remastered 2010,pop,apres_midi,ensoleille,detente,romantique,couple,restaurant,127,0.641,0.857,0.626,0.647,0.032,0.035,0.243,7.9,faible,positive,pop_family,0.549337,moderate_energy,0.401266,chill,0.3395,electronic,0.7013,0.37610000000000005,0.4031,apres_midi_romantique,apres_midi_detente,romantique_detente,0.11017214285714287,balanced,0.2322435174746336,niche
7eJ5UwWCvrMPqM6wcRibSf,Radio Free Alice,2010,pop,apres_midi,neutre,conduite,neutre,famille,voiture,127,0.66,0.772,0.717,0.489,0.061,0.076,0.139,7.2,faible,positive,pop_family,0.5095200000000001,moderate_energy,0.47322000000000003,chill,0.275,electronic,0.7107,0.31589999999999996,0.362,apres_midi_neutre,apres_midi_conduite,neutre_conduite,0.10009257142857143,balanced,0.20199173243141677,niche
6iqibNc31h14n1EsCTN0pa,Steven Cravis,2010,pop,journee,neutre,sport,motive,groupe,salle_sport,136,0.767,0.736,0.765,0.735,0.04,0.085,0.218,6.9,moderee,positive,pop_family,0.564512,moderate_energy,0.586755,moderate_party,0.3875,mixed,0.7571,0.3759,0.4235,journee_motive,journee_sport,motive_sport,0.11873266666666665,diverse,0.3141676061630966,very_popular
5URfZHMlUWTWxPvvSBWcPk,John Lennon,Beautiful Boy (Darling Boy) - Remastered 2010,pop,weekend,chaud,sport,joyeux,groupe,exterieur,135,0.869,0.95,0.816,0.68,0.195,0.06,0.126,7.9,elevee,positive,pop_family,0.82555,high_energy,0.709104,moderate_party,0.4375,organic,0.8774,0.3698,0.4895,weekend_joyeux,weekend_sport,joyeux_sport,0.14865499999999998,diverse,0.2842916196918452,mainstream
7lzOn77Gfb7t22KzugaQo0,Slaz,2010,pop,journee,neutre,sport,motive,amis,salle_sport,135,0.786,0.759,0.734,0.684,0.13,0.094,0.06,6.7,moderee,positive,pop_family,0.596574,moderate_energy,0.576924,moderate_party,0.40700000000000003,mixed,0.7623,0.37679999999999997,0.4514,journee_motive,journee_sport,motive_sport,0.1206134761904762,diverse,0.3331454340473506,very_popular
7pKfPomDEeI4TPT6EOYjn9,John Lennon,Imagine - Remastered 2010,pop,journee,neutre,sport,motive,groupe,salle_sport,139,0.739,0.742,0.778,0.721,0.132,0.07,0.107,8.8,moderee,positive,pop_family,0.548338,moderate_energy,0.5749420000000001,moderate_party,0.4265,mixed,0.7516,0.4063,0.4683,journee_motive,journee_sport,motive_sport,0.11837047619047619,diverse,0.3141676061630966,very_popular
4YdLciv59aoUrWHKBtZqyB,Passing Currents,2010,pop,weekend,ensoleille,fete,joyeux,amis,exterieur,115,0.734,0.81,0.825,0.401,0.242,0.067,0.332,6.8,moderee,positive,pop_family,0.5945400000000001,moderate_energy,0.6055499999999999,moderate_party,0.3215,electronic,0.7841,0.3128,0.42790000000000006,weekend_joyeux,weekend_fete,joyeux_fete,0.09123790476190478,balanced,0.23581360390830516,niche
4d4oXk7O2lEhZ83ivV93li,The Cure,Lullaby - 2010 Remaster,pop,weekend,chaud,fete,joyeux,amis,cafe,125,0.766,0.866,0.835,0.639,0.399,0.037,0.15,7.9,moderee,positive,pop_family,0.6633560000000001,high_energy,0.63961,moderate_party,0.519,organic,0.8167,0.4455,0.5838,weekend_joyeux,weekend_fete,joyeux_fete,0.11301028571428569,diverse,0.20236753100338215,niche
7aFJwVxe0DD5hLvnV1ywBN,DJmegan23,2010,pop,weekend,chaud,sport,joyeux,amis,exterieur,138,0.815,0.909,0.919,0.37,0.093,0.047,0.232,6.4,elevee,positive,pop_family,0.740835,high_energy,0.748985,high_party,0.23149999999999998,electronic,0.8744000000000001,0.23140000000000002,0.34809999999999997,weekend_joyeux,weekend_sport,joyeux_sport,0.1499599523809524,diverse,0.3032694475760992,very_popular
6mHOcVtsHLMuesJkswc0GZ,Supertramp,The Logical Song - Remastered 2010,pop,weekend,ensoleille,cuisine,joyeux,amis,exterieur,115,0.769,0.922,0.701,0.491,0.266,0.111,0.167,8.2,moderee,positive,pop_family,0.709018,high_energy,0.539069,chill,0.3785,mixed,0.7945,0.3455,0.4581,weekend_joyeux,weekend_cuisine,joyeux_cuisine,0.10118861904761906,balanced,0.2461480646373544,niche
0UydIz0cApOIbOP7b4WOsn,Earl Sweatshirt,2010,pop,journee,neutre,sport,motive,amis,exterieur,137,0.78,0.77,0.808,0.709,0.322,0.035,0.151,6.7,moderee,positive,pop_family,0.6006,moderate_energy,0.63024,moderate_party,0.5155,organic,0.7854,0.44620000000000004,0.5667,journee_motive,journee_sport,motive_sport,0.10979190476190477,balanced,0.34272829763246904,very_popular
67oyFnjJnn78fZP9KjeZx0,Supertramp,Goodbye Stranger - Remastered 2010,pop,weekend,chaud,sport,joyeux,groupe,salle_sport,135,0.799,0.95,0.709,0.588,0.196,0.113,0.229,7.9,moderee,positive,pop_family,0.75905,high_energy,0.566491,moderate_party,0.392,mixed,0.8172999999999999,0.3543,0.4518,weekend_joyeux,weekend_sport,joyeux_sport,0.10965733333333333,balanced,0.2747087561067268,mainstream
6bfyk0RCL3N76HLiC1cefW,Ken Carson,2000,pop,weekend,ensoleille,fete,joyeux,amis,plage,117,0.767,0.859,0.85,0.416,0.288,0.108,0.256,7.9,moderee,positive,pop_family,0.658853,high_energy,0.65195,moderate_party,0.352,mixed,0.8195000000000001,0.3227,0.4472,weekend_joyeux,weekend_fete,joyeux_fete,0.0979322380952381,balanced,0.19316046599022926,niche
0IuQGeckRX3CXC2y55cykp,Ken Carson,2000,pop,apres_midi,chaud,conduite,neutre,amis,voiture,129,0.643,0.873,0.714,0.45,0.173,0.047,0.25,7.8,faible,positive,pop_family,0.561339,moderate_energy,0.459102,chill,0.3115,electronic,0.7333000000000001,0.339,0.4121,apres_midi_neutre,apres_midi_conduite,neutre_conduite,0.09416866666666666,balanced,0.2111987974445697,niche
4aTYZL8uyGXAdmWOQy4Wgx,Michael Jackson,2000 Watts,pop,weekend,ensoleille,sport,joyeux,amis,exterieur,132,0.756,0.834,0.782,0.542,0.069,0.113,0.267,7.7,moderee,positive,pop_family,0.630504,high_energy,0.591192,moderate_party,0.3055,electronic,0.7872,0.31070000000000003,0.3745,weekend_joyeux,weekend_sport,joyeux_sport,0.10758628571428573,balanced,0.30176625328823753,very_popular
3vUMN9hezWjBac9UE8xkVd,vowl.,2000,pop,weekend,chaud,sport,joyeux,groupe,salle_sport,152,0.822,0.935,0.946,0.564,0.107,0.114,0.11,7.8,elevee,positive,pop_family,0.76857,high_energy,0.777612,high_party,0.33549999999999996,electronic,0.8931,0.31110000000000004,0.39990000000000003,weekend_joyeux,weekend_sport,joyeux_sport,0.158349,diverse,0.2747087561067268,mainstream
50WmaN9G4RyEo6imS11gD5,Mietze Conte,2000,pop,journee,chaud,sport,energique,amis,salle_sport,151,0.808,0.707,0.763,0.576,0.083,0.041,0.3,8.0,moderee,positive,pop_family,0.571256,moderate_energy,0.616504,moderate_party,0.32949999999999996,electronic,0.7642,0.31289999999999996,0.4061,journee_energique,journee_sport,energique_sport,0.10503123809523811,balanced,0.2901164975573092,mainstream
0yHdSCfTwKhhoehb4Fc6WF,Grand Puba,2000,pop,apres_midi,neutre,detente,romantique,couple,maison,117,0.681,0.728,0.725,0.628,0.247,0.094,0.225,7.8,faible,positive,pop_family,0.49576800000000004,low_energy,0.493725,chill,0.4375,organic,0.7082999999999999,0.421,0.4931,apres_midi_romantique,apres_midi_detente,romantique_detente,0.07533295238095238,homogeneous,0.27865464111236377,mainstream
0PJ9Pb7q7UxXK0EVDWsHLY,Ken Carson,2000,pop,apres_midi,neutre,detente,romantique,couple,restaurant,138,0.666,0.765,0.678,0.633,0.017,0.07,0.242,7.2,faible,positive,pop_family,0.50949,moderate_energy,0.45154800000000006,chill,0.325,electronic,0.6993,0.35850000000000004,0.38439999999999996,apres_midi_romantique,apres_midi_detente,romantique_detente,0.10093590476190478,balanced,0.2658774896655393,niche
3tt9i3Hhzq84dPS8H7iSiJ,Manuel Turizo,La Bachata,pop,weekend,chaud,cuisine,joyeux,couple,cafe,119,0.723,0.811,0.753,0.731,0.258,0.062,0.112,8.6,moderee,positive,pop_family,0.586353,moderate_energy,0.544419,chill,0.4945,organic,0.7584,0.45289999999999997,0.5359,weekend_joyeux,weekend_cuisine,joyeux_cuisine,0.11073580952380951,balanced,0.2023675310033822,niche
6xEXnkkgtztJEXtNAG85SL,Fortnight,2000,pop,apres_midi,ensoleille,detente,romantique,couple,maison,136,0.64,0.94,0.798,0.675,0.115,0.033,0.339,6.7,faible,positive,pop_family,0.6016,moderate_energy,0.5107200000000001,chill,0.395,mixed,0.7774,0.4125,0.4534,apres_midi_romantique,apres_midi_detente,romantique_detente,0.12077257142857144,diverse,0.2450206689214581,niche
4lsNo2CCp2dUbsuOmdCj5I,Pashanim,2000,pop,weekend,chaud,fete,joyeux,amis,plage,125,0.737,0.9,0.819,0.501,0.333,0.085,0.322,8.1,moderee,positive,pop_family,0.6633,high_energy,0.603603,moderate_party,0.41700000000000004,mixed,0.8105,0.3792,0.4998,weekend_joyeux,weekend_fete,joyeux_fete,0.09069747619047619,balanced,0.19466366027809093,niche
2uuJs2nltcYFh9pkKP7bW4,Joey Bada$$,Show Me,pop,journee,ensoleille,sport,energique,groupe,exterieur,144,0.889,0.79,0.791,0.611,0.064,0.084,0.249,8.1,elevee,positive,pop_family,0.70231,high_energy,0.703199,moderate_party,0.3375,electronic,0.8299,0.2969,0.3985,journee_energique,journee_sport,energique_sport,0.12641780952380952,diverse,0.2792183389703119,mainstream
2qH1Gv9MaOqpjLQY429l4h,等一下就回家,2000,pop,journee,neutre,sport,motive,amis,exterieur,143,0.827,0.699,0.757,0.561,0.204,0.109,0.27,7.2,elevee,positive,pop_family,0.578073,moderate_energy,0.626039,moderate_party,0.3825,mixed,0.7676,0.3375,0.4485,journee_motive,journee_sport,motive_sport,0.08482261904761905,homogeneous,0.34272829763246904,very_popular
61no8AHVtsUrqyIKAlzXgU,Shokupanw,2000,pop,apres_midi,chaud,detente,romantique,couple,maison,130,0.645,0.838,0.757,0.747,0.145,0.072,0.085,6.7,faible,positive,pop_family,0.54051,moderate_energy,0.488265,chill,0.446,organic,0.7364999999999999,0.4488,0.48219999999999996,apres_midi_romantique,apres_midi_detente,romantique_detente,0.12290014285714285,diverse,0.24652386320931982,niche
6pM25DLzJb5oWj74d3ElXI,Green Day,2000 Light Years Away,pop,apres_midi,neutre,conduite,neutre,famille,voiture,135,0.647,0.719,0.666,0.437,0.099,0.052,0.264,7.9,faible,positive,pop_family,0.465193,low_energy,0.43090200000000006,chill,0.268,electronic,0.6743,0.3104,0.3702,apres_midi_neutre,apres_midi_conduite,neutre_conduite,0.07734800000000001,homogeneous,0.20199173243141677,niche
1YUIS1RTjLaVKzP7biUvpf,Gavriel,2000,pop,journee,neutre,cuisine,motive,famille,maison,123,0.759,0.759,0.741,0.539,0.177,0.1,0.324,7.0,moderee,positive,pop_family,0.5760810000000001,moderate_energy,0.562419,chill,0.358,mixed,0.7536,0.34099999999999997,0.4302,journee_motive,journee_cuisine,motive_cuisine,0.08126861904761905,homogeneous,0.23449830890642612,niche
4C0liVBdGz3FXllRyJZ4Me,Ghostemane,2000 Rounds,pop,weekend,ensoleille,sport,joyeux,groupe,salle_sport,136,0.774,0.83,0.788,0.626,0.046,0.049,0.179,7.7,moderee,positive,pop_family,0.64242,high_energy,0.609912,moderate_party,0.336,electronic,0.795,0.33199999999999996,0.401,weekend_joyeux,weekend_sport,joyeux_sport,0.13152890476190476,diverse,0.2732055618188651,mainstream
30buPDSZ65uTtIooKhU4cu,Croosh,2000,pop,journee,neutre,sport,motive,amis,exterieur,132,0.789,0.735,0.721,0.427,0.319,0.087,0.186,7.0,moderee,positive,pop_family,0.5799150000000001,moderate_energy,0.568869,moderate_party,0.373,mixed,0.7524000000000001,0.3298,0.47019999999999995,journee_motive,journee_sport,motive_sport,0.08114757142857143,homogeneous,0.34272829763246904,very_popular
0P7DoyGrr4Wp9w5TotEtUC,The Band,The Weight - Remastered 2000,pop,journee,neutre,cuisine,motive,amis,cafe,118,0.717,0.793,0.753,0.436,0.272,0.059,0.261,8.5,moderee,positive,pop_family,0.568581,moderate_energy,0.539901,chill,0.354,mixed,0.7505999999999999,0.3409,0.45500000000000007,journee_motive,journee_cuisine,motive_cuisine,0.08306480952380953,homogeneous,0.25216084178880116,niche
5f7WFo5v36lWPL4aGc6rgU,Ssaliva,2000,pop,journee,chaud,sport,energique,groupe,salle_sport,136,0.868,0.714,0.793,0.455,0.309,0.075,0.058,7.0,elevee,positive,pop_family,0.619752,moderate_energy,0.688324,moderate_party,0.382,mixed,0.7992999999999999,0.3143,0.4760000000000001,journee_energique,journee_sport,energique_sport,0.1123562857142857,balanced,0.2711386696730552,mainstream
5fAacciZPmLLFrr8RZ5fvn,Talib Kweli,2000 Seasons,pop,journee,neutre,cuisine,motive,amis,cafe,120,0.733,0.72,0.816,0.727,0.216,0.058,0.349,8.0,moderee,positive,pop_family,0.52776,moderate_energy,0.598128,moderate_party,0.4715,organic,0.754,0.4357,0.5145,journee_motive,journee_cuisine,motive_cuisine,0.091812,balanced,0.25216084178880116,niche
5Q4G5Ebsx4Jb9yqMvlo2aQ,Fat Pat,2000,pop,weekend,chaud,sport,joyeux,groupe,salle_sport,147,0.836,0.935,0.796,0.306,0.253,0.069,0.151,6.3,elevee,positive,pop_family,0.78166,high_energy,0.665456,moderate_party,0.27949999999999997,electronic,0.8537000000000001,0.24750000000000003,0.4045,weekend_joyeux,weekend_sport,joyeux_sport,0.13209266666666666,diverse,0.2747087561067268,mainstream
1aXWYqpdI601RhN7dhLSuR,Rampa,2000,pop,apres_midi,ensoleille,detente,romantique,couple,restaurant,136,0.618,0.88,0.762,0.631,0.025,0.083,0.145,6.9,faible,positive,pop_family,0.54384,moderate_energy,0.470916,chill,0.328,electronic,0.7398,0.3745,0.3852,apres_midi_romantique,apres_midi_detente,romantique_detente,0.12526047619047617,diverse,0.2322435174746336,niche
728leu28MmgNznRIrt7PNc,vowl.,2000 (sped up),pop,apres_midi,neutre,detente,romantique,couple,maison,137,0.641,0.775,0.682,0.73,0.246,0.049,0.069,7.7,faible,positive,pop_family,0.496775,low_energy,0.43716200000000005,chill,0.488,organic,0.6935,0.4734999999999999,0.5322,apres_midi_romantique,apres_midi_detente,romantique_detente,0.10360933333333333,balanced,0.27865464111236377,mainstream
0wZzigris2RbIi9rqT5yPc,LAZZY2WICE,2000,pop,apres_midi,neutre,detente,romantique,couple,maison,127,0.604,0.655,0.627,0.693,0.083,0.066,0.191,7.3,faible,positive,pop_family,0.39562,low_energy,0.378708,chill,0.38799999999999996,mixed,0.6262,0.4209,0.4362,apres_midi_romantique,apres_midi_detente,romantique_detente,0.08295366666666666,homogeneous,0.27865464111236377,mainstream
4qyzR6Vv8Uf3QWtWkipFcC,BLP KOSHER,2000's Baby,pop,weekend,ensoleille,sport,joyeux,groupe,salle_sport,149,0.856,0.86,0.896,0.565,0.321,0.079,0.053,7.4,elevee,positive,pop_family,0.7361599999999999,high_energy,0.766976,high_party,0.44299999999999995,organic,0.8692,0.3655,0.5142,weekend_joyeux,weekend_sport,joyeux_sport,0.13734228571428572,diverse,0.2732055618188651,mainstream
0dZlW6DH4KdyThEh90Xwyv,City Of Enoch,2000,pop,weekend,chaud,sport,joyeux,amis,exterieur,140,0.894,0.944,0.942,0.383,0.161,0.082,0.234,6.3,elevee,positive,pop_family,0.843936,high_energy,0.842148,high_party,0.272,electronic,0.9234,0.2333,0.379,weekend_joyeux,weekend_sport,joyeux_sport,0.15317099999999997,diverse,0.3032694475760992,very_popular
2svkfWMyvbMAFTJVRBHPGl,vowl.,2000 (slowed),pop,weekend,chaud,sport,joyeux,amis,salle_sport,133,0.767,0.805,0.749,0.497,0.214,0.036,0.09,7.8,moderee,positive,pop_family,0.6174350000000001,moderate_energy,0.574483,moderate_party,0.3555,mixed,0.7729999999999999,0.3329,0.44889999999999997,weekend_joyeux,weekend_sport,joyeux_sport,0.11246780952380953,balanced,0.2936865839909808,mainstream
5jVFVYPc5fLLysoHguuTOI,SIDARTA,2000,pop,apres_midi,neutre,detente,romantique,couple,maison,122,0.674,0.686,0.675,0.567,0.014,0.042,0.144,7.9,faible,positive,pop_family,0.46236400000000005,low_energy,0.4549500000000001,chill,0.2905,electronic,0.6779000000000001,0.3288,0.36869999999999997,apres_midi_romantique,apres_midi_detente,romantique_detente,0.10051357142857144,balanced,0.27865464111236377,mainstream
7bdicQl1ZG2TOQhsTwBUap,BluNites,2000,pop,journee,chaud,sport,energique,amis,exterieur,138,0.816,0.719,0.852,0.618,0.201,0.052,0.284,6.8,elevee,positive,pop_family,0.5867039999999999,moderate_energy,0.695232,moderate_party,0.4095,mixed,0.7977000000000001,0.3627,0.4755,journee_energique,journee_sport,energique_sport,0.10369233333333333,balanced,0.2996993611424276,mainstream
10LQb9qMckLjqoi9clybpP,Allstar JR,2000,pop,weekend,chaud,sport,joyeux,amis,exterieur,130,0.762,0.924,0.761,0.403,0.368,0.039,0.328,6.4,moderee,positive,pop_family,0.704088,high_energy,0.579882,moderate_party,0.3855,mixed,0.8103,0.34299999999999997,0.4971,weekend_joyeux,weekend_sport,joyeux_sport,0.09740780952380952,balanced,0.3032694475760992,very_popular
6Rh2ZKhi163DVUKfqk04j9,Gatlin,2000 Miles,pop,journee,neutre,cuisine,motive,couple,cafe,118,0.791,0.749,0.702,0.704,0.064,0.061,0.282,7.5,moderee,positive,pop_family,0.5924590000000001,moderate_energy,0.5552819999999999,chill,0.384,mixed,0.7517,0.3635,0.431,journee_motive,journee_cuisine,motive_cuisine,0.10939266666666665,balanced,0.24182638105975196,niche
4pZ7DpJ96C6n00pMMcz34b,Lil1700adrian,2000,pop,weekend,ensoleille,sport,joyeux,groupe,salle_sport,138,0.871,0.848,0.78,0.666,0.051,0.059,0.198,6.3,elevee,positive,pop_family,0.7386079999999999,high_energy,0.67938,moderate_party,0.35850000000000004,mixed,0.8368,0.3204,0.41350000000000003,weekend_joyeux,weekend_sport,joyeux_sport,0.14198047619047618,diverse,0.2732055618188651,mainstream
4tAJW6ze7fGj74gjDHmAt9,John Williams,"Nimbus 2000 - From ""Harry Potter and the Philosopher's Stone""",pop,journee,chaud,sport,energique,groupe,exterieur,149,0.817,0.704,0.775,0.326,0.088,0.107,0.32,6.7,elevee,positive,pop_family,0.5751679999999999,moderate_energy,0.6331749999999999,moderate_party,0.20700000000000002,electronic,0.7704999999999999,0.21170000000000003,0.3204,journee_energique,journee_sport,energique_sport,0.09762914285714286,balanced,0.2807215332581736,mainstream
3QIsZB9Q70Kxw5IQMXkYWV,CYCLOPOP,2000,pop,weekend,chaud,sport,joyeux,groupe,salle_sport,136,0.835,0.845,0.907,0.391,0.106,0.093,0.313,6.6,elevee,positive,pop_family,0.705575,high_energy,0.757345,high_party,0.2485,electronic,0.8596000000000001,0.23770000000000002,0.3517,weekend_joyeux,weekend_sport,joyeux_sport,0.12743661904761905,diverse,0.2747087561067268,mainstream
188JTF6dEXKksYBt9t05TJ,TV Girl,Summer 2000 Baby,pop,journee,neutre,sport,motive,groupe,salle_sport,134,0.768,0.705,0.802,0.575,0.078,0.108,0.122,8.1,moderee,positive,pop_family,0.54144,moderate_energy,0.615936,moderate_party,0.32649999999999996,electronic,0.7593000000000001,0.32299999999999995,0.3899,journee_motive,journee_sport,motive_sport,0.11143347619047621,balanced,0.3141676061630966,very_popular
5hYXYIswKuYjZzWOKOYWX4,Ritmo Tribale,2000,pop,apres_midi,ensoleille,detente,romantique,couple,maison,138,0.643,0.813,0.693,0.693,0.275,0.032,0.115,6.7,faible,positive,pop_family,0.522759,moderate_energy,0.44559899999999997,chill,0.484,organic,0.709,0.4668,0.5389999999999999,apres_midi_romantique,apres_midi_detente,romantique_detente,0.10047223809523809,balanced,0.2450206689214581,niche
